university_unitid,university_name,source_query,place_id,data_id,name,type,types,address,phone,website,rating,reviews,price,open_state,hours,operating_hours,service_options,description,thumbnail,gps_lat,gps_lon,distance_mi,in_radius,page_n
186131,Princeton University,coffee,ChIJxdNu5ufmw4kRUfZbF5sZMQg,0x89c3e6e7e66ed3c5:0x831199b175bf651,Small World Coffee,Coffee shop,"[""Coffee shop"", ""Cafe"", ""Espresso bar""]","14 Witherspoon St, Princeton, NJ 08540",(609) 924-4377 ext. 2,https://smallworldcoffee.com/,4.6,1313.0,$10–20,Open · Closes 9 PM,"""Open \u00b7 Closes 9\u202fPM""","{""tuesday"": ""6:30\u202fAM\u20139\u202fPM"", ""wednesday"": ""6:30\u202fAM\u20139\u202fPM"", ""thursday"": ""6:30\u202fAM\u20139\u202fPM"", ""friday"": ""6:30\u202fAM\u20139\u202fPM"", ""saturday"": ""6:30\u202fAM\u20139\u202fPM"", ""sunday"": ""7\u202fAM\u20138\u202fPM"", ""monday"": ""6:30\u202fAM\u20137\u202fPM""}","{""dine_in"": true, ""takeout"": true, ""delivery"": false}","Hip option for coffee & quick bites. Urbane cafe offering gourmet coffee, wraps & pastries in a dynamic, artsy atmosphere.",https://lh3.googleusercontent.com/gps-cs-s/APNQkAHEo7yf4xCUqAXVsm8G-0nlUgVLG1yX_xrOEXYnl_4HeLiMZr03i7Riyrlxswbkpht91g-2C1JhUbscuFhb0PP4QjiZDNT9ySqxIybYQ-vNvN0fsnxqA2rqaqh-ThxCBUd8cpo=w1000-h1000-c-n,40.3501239,-74.66022559999999,0.7971,True,3
186131,Princeton University,coffee,ChIJZx0L8sDmw4kRyhZXCgnAwzU,0x89c3e6c0f20b1d67:0x35c3c0090a5716ca,Rojo's Roastery,Coffee shop,"[""Coffee shop""]","33 Palmer Square W, Princeton, NJ 08542",(609) 924-7600,http://www.rojosroastery.com/,4.6,299.0,$1–10,Open · Closes 6 PM,"""Open \u00b7 Closes 6\u202fPM""","{""tuesday"": ""7\u202fAM\u20136\u202fPM"", ""wednesday"": ""7\u202fAM\u20136\u202fPM"", ""thursday"": ""7\u202fAM\u20136\u202fPM"", ""friday"": ""7\u202fAM\u20136\u202fPM"", ""saturday"": ""8\u202fAM\u20136\u202fPM"", ""sunday"": ""8\u202fAM\u20136\u202fPM"", ""monday"": ""7\u202fAM\u20136\u202fPM""}","{""dine_in"": true, ""takeout"": true, ""delivery"": false}","Mainstay for carefully sourced coffee. Coffee specialist & roaster dispensing beverages made with sustainable beans, plus baked goods.",https://lh3.googleusercontent.com/gps-cs-s/APNQkAHORk7VLzo4DkIBlGFmwnbg2zQ9WV2A1Rcr0sOwTJRVNt69VYfHxXj8CYK4Luui6-CMmjzrvr87nw-KWANEsTd_0JNTj6oAyOT2wYwJeSpZxJT5Hose4bBDJ0RXZbICPstMXOe2Ng=w1000-h1000-c-n,40.3498069,-74.6618987,0.7913,True,3
186131,Princeton University,coffee,ChIJGR547GDnw4kRzlNegk8errc,0x89c3e760ec781e19:0xb7ae1e4f825e53ce,The Coffee Club,Cafe,"[""Cafe""]","5 Prospect Ave, Princeton, NJ 08540",,http://princetoncoffeeclub.com/,4.8,37.0,$1–10,Open · Closes 6 PM,"""Open \u00b7 Closes 6\u202fPM""","{""tuesday"": ""8\u202fAM\u20136\u202fPM"", ""wednesday"": ""8\u202fAM\u20136\u202fPM"", ""thursday"": ""8\u202fAM\u20136\u202fPM"", ""friday"": ""8\u202fAM\u20136\u202fPM"", ""saturday"": ""10\u202fAM\u20136\u202fPM"", ""sunday"": ""10\u202fAM\u20136\u202fPM"", ""monday"": ""8\u202fAM\u20136\u202fPM""}","{""dine_in"": true, ""takeout"": true, ""delivery"": false}",,https://lh3.googleusercontent.com/gps-cs-s/APNQkAFuSw7119GOfJ-bedAF2eLORcGcIoUbXfZnLm0h0LBb17E2rN1aP9RPLDQMUQmszLVYbB25WsFzlmaHxStURZsxBPY5ErDQKxkabkTYcvP_D1IrDYO9j6DUcSthRLkN67L-dRY=w1000-h1000-c-n,40.3475803,-74.6543004,0.6515,True,3
186131,Princeton University,coffee,ChIJKXlGGC3nw4kROVJMKMoXCeY,0x89c3e72d18467929:0xe60917ca284c5239,Sakrid Coffee Roasters,Coffee shop,"[""Coffee shop""]","20 Nassau St, Princeton, NJ 08542",(908) 214-7612,http://www.sakridcoffee.com/,4.5,356.0,$1–10,Open · Closes 6 PM,"""Open \u00b7 Closes 6\u202fPM""","{""tuesday"": ""7:30\u202fAM\u20136\u202fPM"", ""wednesday"": ""7:30\u202fAM\u20136\u202fPM"", ""thursday"": ""7:30\u202fAM\u20136\u202fPM"", ""friday"": ""7:30\u202fAM\u20136\u202fPM"", ""saturday"": ""7:30\u202fAM\u20136\u202fPM"", ""sunday"": ""8\u202fAM\u20135\u202fPM"", ""monday"": ""7:30\u202fAM\u20136\u202fPM""}","{""dine_in"": true, ""takeout"": true, ""delivery"": false}",,https://lh3.googleusercontent.com/gps-cs-s/APNQkAE4zt9YxX3Lste5U0vLpIGKM9AV6CsqJh5ESIg10txn_FiSq6HN6ePvwqsC_A6tBXoxu6D7-il7QnKgoX6d2sZC1HqDUlcGRr17QkdX6dHh461W1mt17yXGny32-qcM8wwHPHAJ=w1000-h1000-c-n,40.3490224,-74.6626041,0.749,True,3
186131,Princeton University,coffee,ChIJ2wLU0pvnw4kRZyS55k2zTxs,0x89c3e79bd2d402db:0x1b4fb34de6b92467,Genomics Cafe,Coffee shop,"[""Coffee shop""]","Rivers Wy, Princeton, NJ 08540",,https://dining.princeton.edu/locations-hours/genomics-cafe,5.0,2.0,,Closed · Opens 8 AM Wed,"""Closed \u00b7 Opens 8\u202fAM Wed""","{""tuesday"": ""8\u202fAM\u20133\u202fPM"", ""wednesday"": ""8\u202fAM\u20133\u202fPM"", ""thursday"": ""8\u202fAM\u20133\u202fPM"", ""friday"": ""8\u202fAM\u20133\u202fPM"", ""saturday"": ""Closed"", ""sunday"": ""Closed"", ""monday"": ""8\u202fAM\u20133\u202fPM""}","{""dine_in"": true, ""takeout"": true, ""delivery"": false}",,https://lh3.googleusercontent.com/gps-cs-s/APNQkAE_Q_NI0ACmMmKoMQm5gH_-FTOyEbkDV0qsi-cooGxSSI46HEXCCeXNxOsFio09RJoICNza7-IUStd5WxpkFzftCQbeZGedm_26RZ69IBNps02TyxkRDZuA3ijqosFuLmqXfa4D3V6h5orq=w1000-h1000-c-n,40.3444439,-74.6533556,0.478,True,3
186131,Princeton University,coffee,ChIJj3kX7sDmw4kRsvmsc5bIocQ,0x89c3e6c0ee17798f:0xc4a1c89673acf9b2,Chez Alice,Coffee shop,"[""Coffee shop"", ""Patisserie""]","14-16 Witherspoon St, Princeton, NJ 08542",(609) 921-6760,http://chezalicecafe.com/,4.2,768.0,$$,Open · Closes 7 PM,"""Open \u00b7 Closes 7\u202fPM""","{""tuesday"": ""8\u202fAM\u20137\u202fPM"", ""wednesday"": ""8\u202fAM\u20137\u202fPM"", ""thursday"": ""8\u202fAM\u20137\u202fPM"", ""friday"": ""8\u202fAM\u20138\u202fPM"", ""saturday"": ""8\u202fAM\u20138\u202fPM"", ""sunday"": ""8\u202fAM\u20137\u202fPM"", ""monday"": ""8\u202fAM\u20137\u202fPM""}","{""dine_in"": true, ""takeout"": true}","Airy bistro for pastries & American eats. American fare like sandwiches, sweets & custom cakes are created at this cheerful restaurant.",https://lh3.googleusercontent.com/gps-cs-s/APNQkAFL7JAf0lcRBySz53hu67-GL0GYVgeb_e45P-Ysh6WwMKj_Nt_hMtnAG60YdoUQVZBjGywATaHRFHCo-BZ68W_xjzAxTb5ME-qQx8OwjWV_vTy_clLtY2VPKrnSiy24mddsSKURXXHQIQKf=w1000-h1000-c-n,40.3502683,-74.66017099999999,0.8066,True,3
186131,Princeton University,coffee,ChIJo3JZHw_nw4kRH3OSqm_xkAQ,0x89c3e70f1f5972a3:0x490f16faa92731f,Tiger Tea Room,Coffee shop,"[""Coffee shop""]","Washington Rd, Princeton, NJ 08544",(609) 258-0441,https://dining.princeton.edu/locations-hours/tiger-tea-room,5.0,4.0,,Open · Closes 6:30 PM,"""Open \u00b7 Closes 6:30\u202fPM""","{""tuesday"": ""10\u202fAM\u20136:30\u202fPM"", ""wednesday"": ""10\u202fAM\u20136:30\u202fPM"", ""thursday"": ""10\u202fAM\u20136:30\u202fPM"", ""friday"": ""10\u202fAM\u20136:30\u202fPM"", ""saturday"": ""Closed"", ""sunday"": ""Closed"", ""monday"": ""10\u202fAM\u20136:30\u202fPM""}","{""dine_in"": true, ""takeout"": true, ""delivery"": false}",,https://lh3.googleusercontent.com/gps-cs-s/APNQkAGpXVz0JAHkCyuApcZCwmQME1dzeABlEx7h0vKqwUXjJwOBp1mWU98xApEfeWmuOZR1doiy8cDRATgokV066PEX7NptLXkVsa5CwLiEAzC3BaGOfPTzEyh4rLjMSquMqLIxoEaH9Q=w1000-h1000-c-n,40.3495506,-74.6572535,0.7537,True,3
186131,Princeton University,coffee,ChIJy6FBJXXnw4kR_nR6PVFzQDo,0x89c3e7752541a1cb:0x3a4073513d7a74fe,Brick Café,Coffee shop,"[""Coffee shop""]","25 Library Pl, Princeton, NJ 08540",,,4.0,1.0,,Closes soon · 4 PM · Opens 9 AM Wed,"""Closes soon \u00b7 4\u202fPM \u00b7 Opens 9\u202fAM Wed""","{""tuesday"": ""9\u201311\u202fAM, 2\u20134\u202fPM"", ""wednesday"": ""9\u201311\u202fAM, 2\u20134\u202fPM"", ""thursday"": ""9\u201311\u202fAM, 2\u20134\u202fPM"", ""friday"": ""9\u201311\u202fAM, 2\u20134\u202fPM"", ""saturday"": ""Closed"", ""sunday"": ""Closed"", ""monday"": ""9\u201311\u202fAM, 2\u20134\u202fPM""}","{""dine_in"": true, ""takeout"": true, ""delivery"": false}",,https://lh3.googleusercontent.com/gps-cs-s/APNQkAELw_H0OJ6VpnMo-AB44P_LEd_k24xPYRIGTK6_PwEmRXF2wYSYrsTFqcj4NVconRXuBcQdR-dJzgZK6ztQBb-NCLn1xIEkN4i5VHiOG3B_lj3NOkN87KNYKIKaTlaK3Z01n0qhgA=w1000-h1000-c-n,40.3458685,-74.66640579999999,0.6529,True,3
166683,Massachusetts Institute of Technology,coffee,ChIJNxEe3m9344kRyrW9zk6v0iU,0x89e3776fde1e1137:0x25d2af4ecebdb5ca,Pepita Coffee,Coffee shop,"[""Coffee shop"", ""Breakfast restaurant"", ""Brunch restaurant"", ""Cafe"", ""Coffee store"", ""Espresso bar"", ""Lunch restaurant""]","284 Broadway, Cambridge, MA 02139",(617) 945-0450,https://lamplighterbrewing.com/pages/pepita-coffee-co,4.6,186.0,$1–10,Closed · Opens 7:30 AM Wed,"""Closed \u00b7 Opens 7:30\u202fAM Wed""","{""tuesday"": ""7:30\u202fAM\u20133\u202fPM"", ""wednesday"": ""7:30\u202fAM\u20133\u202fPM"", ""thursday"": ""7:30\u202fAM\u20133\u202fPM"", ""friday"": ""7:30\u202fAM\u20133\u202fPM"", ""saturday"": ""8\u202fAM\u20133\u202fPM"", ""sunday"": ""8\u202fAM\u20133\u202fPM"", ""monday"": ""7:30\u202fAM\u20133\u202fPM""}","{""dine_in"": true, ""takeout"": true, ""delivery"": false}",,https://lh3.googleusercontent.com/gps-cs-s/APNQkAGilrCPgzeVsSc6glFJnO4OmZYwRyrKmKvN5K9t141lDdpKuOAxKsaLel1WQcd575pZr_oJMQKCeCr4PSe4JEw04HhkKXo17L7_2BgPKD6_kMxUpfM0X-dEkAjGv2qCjPD95it4=w1000-h1000-c-n,42.3680022,-71.09794769999999,0.6479,True,3
166683,Massachusetts Institute of Technology,coffee,ChIJndlF60Z344kRtdHneUIQKqg,0x89e37746eb45d99d:0xa82a104279e7d1b5,The Smoot Standard,Coffee shop,"[""Coffee shop"", ""Bakery"", ""Bar"", ""Breakfast restaurant"", ""Cafe"", ""Restaurant"", ""Sandwich shop""]","313 Massachusetts Ave, Cambridge, MA 02139",(617) 518-5050,http://smootstandard.com/,4.7,222.0,$10–20,Open · Closes 9 PM,"""Open \u00b7 Closes 9\u202fPM""","{""tuesday"": ""8\u202fAM\u20139\u202fPM"", ""wednesday"": ""8\u202fAM\u20139\u202fPM"", ""thursday"": ""8\u202fAM\u20139\u202fPM"", ""friday"": ""8\u202fAM\u20139\u202fPM"", ""saturday"": ""8\u202fAM\u20139\u202fPM"", ""sunday"": ""8\u202fAM\u20133\u202fPM"", ""monday"": ""8\u202fAM\u20133\u202fPM""}","{""dine_in"": true, ""takeout"": true, ""delivery"": true}",,https://lh3.googleusercontent.com/gps-proxy/ALd4DhH6UirnDeXS73qk-chExAvuAXjc9SMm_M1OXH31LN9YSpVFi-4QlmLPMHl9nFYlmjC3jmhz8HeiesKa4LMGQ6bSMvQlQPXs298oVjHVD0GqQcuqXcE6d4s2aNHrUFiKqk3x78ykMkdNQB7r6vTnVTcOkKhT2Cl_HZSEzNLKNzJbjrzkhLnI-r0=w1000-h1000-c-n,42.3624577,-71.0984355,0.3405,True,3
166683,Massachusetts Institute of Technology,coffee,ChIJI9ECIPZ344kRfNrNGGKGnko,0x89e377f62002d123:0x4a9e866218cdda7c,Cambridge - Jaho Coffee Roaster & Wine Bar,Coffee shop,"[""Coffee shop""]","425 Massachusetts Ave, Cambridge, MA 02139",(800) 266-0159,http://jaho.com/,4.5,479.0,$1–10,Open · Closes 11 PM,"""Open \u00b7 Closes 11\u202fPM""","{""tuesday"": ""6:30\u202fAM\u201311\u202fPM"", ""wednesday"": ""6:30\u202fAM\u201311\u202fPM"", ""thursday"": ""6:30\u202fAM\u201311\u202fPM"", ""friday"": ""6:30\u202fAM\u201311\u202fPM"", ""saturday"": ""6:30\u202fAM\u201311\u202fPM"", ""sunday"": ""6:30\u202fAM\u201311\u202fPM"", ""monday"": ""6:30\u202fAM\u201311\u202fPM""}","{""dine_in"": true, ""curbside_pickup"": true, ""no_contact_delivery"": true}","Beverages & light bites in a chill space. Cozy coffee hangout pairing espresso drinks & lots of teas with light bites, baked goods & desserts.",https://lh3.googleusercontent.com/gps-proxy/ALd4DhGG4v0hOP-s9de3IFDBPf2aEOV5SgPP8LTS-cYzfWcuwelh3ej1pve73YxT1KyaFhEKo1AT8HM8mVIrSj74Y8_JZLiRQ8OmoWvnJT9PF5LQBc7h5-R8SPV_OzQt4uY_-YFoKgUoRsgLlyCYV06uukNR7iyBQwDTtGk5bXff0fPanU8gterxS1eD=w1000-h1000-c-n,42.3637829,-71.1006141,0.4845,True,3
166027,Harvard University,coffee,ChIJSeFeW0h344kR5N9zOotCTbk,0x89e377485b5ee149:0xb94d428b3a73dfe4,Broadsheet Coffee Roasters,Coffee shop,"[""Coffee shop"", ""Breakfast restaurant"", ""Coffee roastery""]","100 Kirkland St, Cambridge, MA 02138",(617) 945-2867,https://broadsheetcoffee.com/,4.6,759.0,$1–10,Closes soon · 4 PM · Opens 7:30 AM Wed,"""Closes soon \u00b7 4\u202fPM \u00b7 Opens 7:30\u202fAM Wed""","{""tuesday"": ""7:30\u202fAM\u20134\u202fPM"", ""wednesday"": ""7:30\u202fAM\u20134\u202fPM"", ""thursday"": ""7:30\u202fAM\u20134\u202fPM"", ""friday"": ""7:30\u202fAM\u20134\u202fPM"", ""saturday"": ""8\u202fAM\u20134\u202fPM"", ""sunday"": ""8\u202fAM\u20134\u202fPM"", ""monday"": ""7:30\u202fAM\u20134\u202fPM""}","{""dine_in"": true, ""takeout"": true, ""delivery"": false}","Boutique espresso bar with pastries. Small-batch coffee roaster serving espresso drinks & pastries in an airy, modern space.",https://lh3.googleusercontent.com/gps-cs-s/APNQkAGDaT3AzwlbKv-8JPCsqNKjpllHrbQ15ru3FviMLSVIArSXQGMYNxIixVeR3WZ_mJqMRfMtqLkfDrLweZceVWcB-LR507gsRmDiZ1kKU9EyNOM7drhUvmRh_TmvlS6QCwLf0znp=w1000-h1000-c-n,42.3779418,-71.10726799999999,0.612,True,3
166027,Harvard University,coffee,ChIJ6fP-VAB344kRtgpxSwXV2Nk,0x89e3770054fef3e9:0xd9d8d5054b710ab6,PHIN COFFEE HOUSE,Coffee shop,"[""Coffee shop""]","20 Western Ave, Boston, MA 02134",(617) 500-9145,http://phincoffeehouse.com/,5.0,1.0,,,{},{},"{""dine_in"": true}",,https://streetviewpixels-pa.googleapis.com/v1/thumbnail?panoid=FfEnrAtXAOU16NFFrHDBRQ&cb_client=search.gws-prod.gps&w=80&h=92&yaw=174.64677&pitch=0&thumbfov=100,42.3636461,-71.1205664,0.7555,True,3
166027,Harvard University,coffee,ChIJaWR8F1F344kRtzMewpB24pg,0x89e37751177c6469:0x98e27690c21e33b7,1369 Coffee House,Coffee shop,"[""Coffee shop"", ""Breakfast restaurant"", ""Tea house""]","Central Square, 757 Massachusetts Ave, Cambridge, MA 02139",(617) 576-4600,http://www.1369coffeehouse.com/,4.4,852.0,$10–20,Closed · Opens 7 AM Wed,"""Closed \u00b7 Opens 7\u202fAM Wed""","{""tuesday"": ""7\u202fAM\u20133\u202fPM"", ""wednesday"": ""7\u202fAM\u20133\u202fPM"", ""thursday"": ""7\u202fAM\u20133\u202fPM"", ""friday"": ""7\u202fAM\u20133\u202fPM"", ""saturday"": ""8\u202fAM\u20134\u202fPM"", ""sunday"": ""8\u202fAM\u20134\u202fPM"", ""monday"": ""7\u202fAM\u20133\u202fPM""}","{""dine_in"": true, ""takeout"": true, ""no_contact_delivery"": true}",Enduring coffeehouse for hanging out. Top-notch coffee & sandwiches draw local creative types to this coffeeshop featuring a gallery.,https://lh3.googleusercontent.com/gps-cs-s/APNQkAEH3VUCTLkaCavZ_vJ9Yyj-CJzFkFC4VE5fnhgMIH5qEZcSivfjwYw9toajLG0HZ7ddTqvQKo2cUYSzj1dy_VgPBP2zypCp74U1PiOlukU28fbw45Kn1lMf9vafnwimXsaN4inv=w1000-h1000-c-n,42.3665694,-71.1053,0.8579,True,3
243744,Stanford University,coffee,ChIJBeFNQK-7j4ARB0BAeuLxWQw,0x808fbbaf404de105:0xc59f1e27a404007,Kenz Coffee Bar @ Oklava,Coffee shop,"[""Coffee shop""]","205 University Ave, Palo Alto, CA 94301",,http://www.kenzcoffee.com/,4.7,73.0,$10–20,Open · Closes 10 PM,"""Open \u00b7 Closes 10\u202fPM""","{""tuesday"": ""8\u202fAM\u201310\u202fPM"", ""wednesday"": ""8\u202fAM\u201310\u202fPM"", ""thursday"": ""8\u202fAM\u201310\u202fPM"", ""friday"": ""8\u202fAM\u201311\u202fPM"", ""saturday"": ""8\u202fAM\u201311\u202fPM"", ""sunday"": ""8\u202fAM\u201310\u202fPM"", ""monday"": ""8\u202fAM\u201310\u202fPM""}","{""dine_in"": true, ""takeout"": true}",,https://lh3.googleusercontent.com/gps-cs-s/APNQkAHJK1g301Si8SDrZlN2xW0uUyhXMk5nu0PsCF5jQ8vzQrNPuMbvc2lRKngf7RkKJNztyefNSoVKcy07o4p30eZgwXOPU5dSLIcfwYUjy0uXUXcIQsMAkZ69-u8aucsJSEcOt3DS=w1000-h1000-c-n,37.4449633,-122.1628192,1.2757,True,3
243744,Stanford University,coffee,ChIJl_iF0xO7j4AR-hSIJRPYIvA,0x808fbb13d385f897:0xf022d813258814fa,Goodthing coffee,Coffee shop,"[""Coffee shop"", ""Bakery""]","532 Ramona St, Palo Alto, CA 94301",,https://goodthing.coffee/,4.5,84.0,$10–20,Open · Closes 6 PM,"""Open \u00b7 Closes 6\u202fPM""","{""tuesday"": ""8\u202fAM\u20136\u202fPM"", ""wednesday"": ""8\u202fAM\u20136\u202fPM"", ""thursday"": ""8\u202fAM\u20136\u202fPM"", ""friday"": ""8\u202fAM\u20136\u202fPM"", ""saturday"": ""8\u202fAM\u20136\u202fPM"", ""sunday"": ""8\u202fAM\u20136\u202fPM"", ""monday"": ""8\u202fAM\u20136\u202fPM""}","{""dine_in"": true, ""takeout"": true, ""delivery"": false}",,https://lh3.googleusercontent.com/gps-cs-s/APNQkAFEa8fC8iRWs6t74JuPKPqbvcQjIO3J_sSjSSkhP7YedO-I8HgDr9w1AvzGphpJnUr5tS7GGpt4zlI9xFymfpPNyOLv5nd3X9NzqmWrp3vWoP0N11wMNiNJx0Ah62Gc_a9bNEZpZnDahn7X=w1000-h1000-c-n,37.4448206,-122.1616235,1.2889,True,3
243744,Stanford University,coffee,ChIJedGioEG7j4AROlcyKpHZLtY,0x808fbb41a0a2d179:0xd62ed9912a32573a,Voyager Craft Coffee,Cafe,"[""Cafe""]","Coda), Ground Level, Computing and Data Science (CoDa), 389 Jane Stanford Way, Stanford, CA 94305",(408) 337-2484,https://voyagercraftcoffee.com/,4.5,42.0,$1–10,Open · Closes 5 PM,"""Open \u00b7 Closes 5\u202fPM""","{""tuesday"": ""7\u202fAM\u20135\u202fPM"", ""wednesday"": ""7\u202fAM\u20135\u202fPM"", ""thursday"": ""7\u202fAM\u20135\u202fPM"", ""friday"": ""7\u202fAM\u20135\u202fPM"", ""saturday"": ""Closed"", ""sunday"": ""Closed"", ""monday"": ""7\u202fAM\u20135\u202fPM""}","{""dine_in"": true, ""takeout"": true, ""delivery"": false}",,https://lh3.googleusercontent.com/gps-cs-s/APNQkAEhbIeSCPIjDqJYNRNHeTcRVKAlIGXu7PK5dDAAKyVsGhkWL62OmdyPxQXF-U9DAratwyxwY4SdjwrXLEGKsfzR_HLzOw5ZIfbPKVc-rDs0gK74wPnFgED6WzVVQdP6Fdl4ZO7O5g=w1000-h1000-c-n,37.4299562,-122.1716588,0.1887,True,3
243744,Stanford University,coffee,ChIJIdyPATq7j4ARMGiI0FBTjos,0x808fbb3a018fdc21:0x8b8e5350d0886830,Verve Coffee Roasters,Coffee shop,"[""Coffee shop""]","162 University Ave, Palo Alto, CA 94301",(831) 440-3978,http://www.vervecoffee.com/,4.4,1120.0,$10–20,Open · Closes 6 PM,"""Open \u00b7 Closes 6\u202fPM""","{""tuesday"": ""7\u202fAM\u20136\u202fPM"", ""wednesday"": ""7\u202fAM\u20136\u202fPM"", ""thursday"": ""7\u202fAM\u20136\u202fPM"", ""friday"": ""7\u202fAM\u20136\u202fPM"", ""saturday"": ""7\u202fAM\u20136\u202fPM"", ""sunday"": ""7\u202fAM\u20136\u202fPM"", ""monday"": ""7\u202fAM\u20136\u202fPM""}","{""dine_in"": true, ""takeout"": true, ""delivery"": false}",Modern coffeehouse with artisanal blends. NorCal-originated chain for thoughtfully sourced coffee drinks in a modern space with wooden decor.,https://lh3.googleusercontent.com/gps-cs-s/APNQkAH5MyKFMK1oPQjajZK0sHbKiQHQQpWs2Csv1-594QAqCmy-YadXcUWFXG6GyMKtvl5Dwg6IxgVSHBHUzZV10Ck0suIQLx755kgkohB5IFwa7lNUpq6SxD8UdcVndSIL8ZRe3G3D=w1000-h1000-c-n,37.4442151,-122.1630528,1.2226,True,3
243744,Stanford University,coffee,ChIJ0wzVVCC7j4ARETETP1JS-5M,0x808fbb2054d50cd3:0x93fb52523f133111,Oklava Cafe,Coffee shop,"[""Coffee shop"", ""Bakery"", ""Cafe""]","205 University Ave, Palo Alto, CA 94301",(650) 561-4898,https://www.oklavacafe.com/,4.6,636.0,$10–20,Open · Closes 11 PM,"""Open \u00b7 Closes 11\u202fPM""","{""tuesday"": ""8\u202fAM\u201311\u202fPM"", ""wednesday"": ""8\u202fAM\u201311\u202fPM"", ""thursday"": ""8\u202fAM\u201311\u202fPM"", ""friday"": ""8\u202fAM\u201311\u202fPM"", ""saturday"": ""8\u202fAM\u201311\u202fPM"", ""sunday"": ""8\u202fAM\u201311\u202fPM"", ""monday"": ""8\u202fAM\u201311\u202fPM""}","{""dine_in"": true, ""curbside_pickup"": true, ""no_contact_delivery"": true}",,https://lh3.googleusercontent.com/gps-proxy/ALd4DhExz5aujQRIHe291FFwy099UWeB2hAHaeVhWzuFnTm5sQBvhNMKYhX9TDlpzOiNSmKizytiqiYxsXnOF0tAxuUpQxg2XRjgwzA22AZrs7ENMvbM4UB0-AeW1q9i6jRYKtyVzZ2MV3RxTKvwdSa9M6fInzmmcm36GKlYw7q_nlXvKwXOkz8HdD8o=w1000-h1000-c-n,37.4449633,-122.1628192,1.2757,True,3
243744,Stanford University,coffee,ChIJA_0-8-W6j4ARRLCg6K5oT6k,0x808fbae5f33efd03:0xa94f68aee8a0b044,ZombieRunner Coffee,Coffee shop,"[""Coffee shop""]","344 California Ave, Palo Alto, CA 94306",(650) 325-2048,http://www.zombierunner.com/,4.6,499.0,$1–10,Open · Closes 4 PM,"""Open \u00b7 Closes 4\u202fPM""","{""tuesday"": ""8\u202fAM\u20134\u202fPM"", ""wednesday"": ""8\u202fAM\u20134\u202fPM"", ""thursday"": ""8\u202fAM\u20134\u202fPM"", ""friday"": ""8\u202fAM\u20134\u202fPM"", ""saturday"": ""8\u202fAM\u20134\u202fPM"", ""sunday"": ""8\u202fAM\u20133\u202fPM"", ""monday"": ""8\u202fAM\u20134\u202fPM""}","{""dine_in"": true, ""takeout"": true, ""delivery"": false}","Relaxed coffee shop for snacks & brews. Casual coffee shop offering espresso, chai, cold brew, whole beans & snacks.",https://lh3.googleusercontent.com/gps-cs-s/APNQkAFj0SHULnc7r-ORwGONaLzXyBBvrtbLAyejBaVlcPTxpRbUrMwdidn4ULjjd3B2aBz2p-Z6cttvCUbTBqFUN0l-8FKB1fsatdwn9gSQwj2WzoOkbG3Vnijm6uYYnP6xyJ2zBuY=w1000-h1000-c-n,37.4270448,-122.1444674,1.4147,True,3
243744,Stanford University,coffee,ChIJlcwEXzq7j4ARcTuyVs0riyM,0x808fbb3a5f04cc95:0x238b2bcd56b23b71,Philz Coffee,Coffee shop,"[""Coffee shop"", ""Cafe""]","101 Forest Ave, Palo Alto, CA 94301",(650) 321-2161,https://philzcoffee.com/locations/forest-ave?utm_source=gmb&utm_medium=yext,4.5,1570.0,$1–20,Open · Closes 6 PM,"""Open \u00b7 Closes 6\u202fPM""","{""tuesday"": ""4:30\u202fAM\u20136\u202fPM"", ""wednesday"": ""4:30\u202fAM\u20136\u202fPM"", ""thursday"": ""4:30\u202fAM\u20136\u202fPM"", ""friday"": ""4:30\u202fAM\u20136\u202fPM"", ""saturday"": ""5\u202fAM\u20136:30\u202fPM"", ""sunday"": ""5\u202fAM\u20136:30\u202fPM"", ""monday"": ""4:30\u202fAM\u20136\u202fPM""}","{""dine_in"": true, ""takeout"": true, ""delivery"": true}","Custom-blended java in a casual setting. Laid-back local chain specializes in custom-blended coffees, plus teas, specialty drinks & pastries.",https://lh3.googleusercontent.com/gps-cs-s/APNQkAGZOK46O4igB9iLli-jZVTg-vJMZiDOHPwp-_zxEkCFyQ9S32bYbSv40YSGZh08F9X0CVkLehg9NR6uWc9Zaumjqz-OdRsi-XrrvkVO4buJhUGCzeG4eNeyF0rIBzEo6nHe2_mBVQ=w1000-h1000-c-n,37.4421322,-122.1616478,1.1177,True,3
130794,Yale University,coffee,ChIJs2KlmurZ54kR0d66gpFxTAY,0x89e7d9ea9aa562b3:0x64c719182baded1,Arwa Yemeni Coffee,Coffee shop,"[""Coffee shop""]","335 Orange St Suite 1, New Haven, CT 06511",(475) 231-4414,https://arwacoffee.com/,4.8,130.0,$10–20,Open · Closes 6 PM,"""Open \u00b7 Closes 6\u202fPM""","{""tuesday"": ""8\u202fAM\u20136\u202fPM"", ""wednesday"": ""8\u202fAM\u20136\u202fPM"", ""thursday"": ""8\u202fAM\u201310\u202fPM"", ""friday"": ""8\u202fAM\u201312\u202fAM"", ""saturday"": ""8\u202fAM\u201312\u202fAM"", ""sunday"": ""9\u202fAM\u201310\u202fPM"", ""monday"": ""8\u202fAM\u201310\u202fPM""}","{""dine_in"": true, ""takeout"": false, ""delivery"": false}",,https://lh3.googleusercontent.com/gps-cs-s/APNQkAG7MpX_mVxGHEqvlEF6mHAzZDXWKNm5onrRBffVZ8jhuYpqQIxGDO-528S_-OLN15eUbPoqHbVtvK2z41naNAtLmldTfOmjNQTEkr1TBxnLh_m1mDiTHop6_vEFCuUq-zOTQdFurv7IHiKf=w1000-h1000-c-n,41.3099066,-72.920777,0.3185,True,3
130794,Yale University,coffee,ChIJdUJ0GGLZ54kRmO2bB03nJeo,0x89e7d96218744275:0xea25e74d079bed98,MOTW Coffee and Pastries,Coffee shop,"[""Coffee shop""]","296 Crown St, New Haven, CT 06511",(475) 234-6355,http://motw.coffee/,4.8,980.0,$10–20,Open · Closes 9 PM,"""Open \u00b7 Closes 9\u202fPM""","{""tuesday"": ""7\u202fAM\u20139\u202fPM"", ""wednesday"": ""7\u202fAM\u20139\u202fPM"", ""thursday"": ""7\u202fAM\u20139\u202fPM"", ""friday"": ""7\u202fAM\u201312\u202fAM"", ""saturday"": ""9\u202fAM\u201312\u202fAM"", ""sunday"": ""9\u202fAM\u20139\u202fPM"", ""monday"": ""7\u202fAM\u20139\u202fPM""}","{""dine_in"": true, ""takeout"": true, ""delivery"": false}",,https://lh3.googleusercontent.com/gps-cs-s/APNQkAFL9FOyR9LRBYwk-h-C4Zahl7RSAOnJTDOAg-_NopdryH2fMvkj_4ZQs1yIsvc_yWWwb660meDBPBY2ba4MMWsM6S4gJkuNXFjyiHyRxdUA-oNtn8eapyr7huL0LySW5tIj5hsyhpb4gsE=w1000-h1000-c-n,41.3066578,-72.9315408,0.4035,True,3
130794,Yale University,coffee,ChIJs2TE5ILZ54kRpkNfPLbgzEY,0x89e7d982e4c464b3:0x46cce0b63c5f43a6,"ERO Café (Matcha, Coffee, Breakfast, Lunch)",Coffee shop,"[""Coffee shop"", ""Breakfast restaurant"", ""Cafe"", ""Lunch restaurant""]","Adjacent to Sally’s Apizza, 44 Olive St, New Haven, CT 06511",(475) 234-6705,https://www.toasttab.com/ero-cafe-44-olive-street,4.5,339.0,$10–20,Open · Closes 5 PM,"""Open \u00b7 Closes 5\u202fPM""","{""tuesday"": ""8\u202fAM\u20135\u202fPM"", ""wednesday"": ""8\u202fAM\u20135\u202fPM"", ""thursday"": ""8\u202fAM\u20137\u202fPM"", ""friday"": ""8\u202fAM\u20137\u202fPM"", ""saturday"": ""8\u202fAM\u20137\u202fPM"", ""sunday"": ""9\u202fAM\u20137\u202fPM"", ""monday"": ""8\u202fAM\u20135\u202fPM""}","{""dine_in"": true, ""takeout"": true, ""delivery"": true}",,https://lh3.googleusercontent.com/gps-cs-s/APNQkAFrPbiZvbRSzsBk_IAR0EBOpyxkd5k5JdPXOxBxABeSxhJlbw5_vDhKHiINhQEMU_SEjl_97QlOAtT2Pk6HLWQqDXp_-ie8fSUYTjnIPufrkq9Yrk0cgTDyQafB9CwZkxo4om72A86tcEJ3=w1000-h1000-c-n,41.3030303,-72.9206851,0.6446,True,3
130794,Yale University,coffee,ChIJwfP9X6nZ54kR8-XeVcrU07E,0x89e7d9a95ffdf3c1:0xb1d3d4ca55dee5f3,Kaiyden's,Coffee shop,"[""Coffee shop""]","595 Chapel St, New Haven, CT 06511",(203) 691-7270,http://www.kaiyden.com/,4.7,184.0,$10–20,Open · Closes 6 PM,"""Open \u00b7 Closes 6\u202fPM""","{""tuesday"": ""7\u202fAM\u20136\u202fPM"", ""wednesday"": ""7\u202fAM\u20136\u202fPM"", ""thursday"": ""7\u202fAM\u20136\u202fPM"", ""friday"": ""7\u202fAM\u20136\u202fPM"", ""saturday"": ""7\u202fAM\u20135:30\u202fPM"", ""sunday"": ""8\u202fAM\u20135\u202fPM"", ""monday"": ""7\u202fAM\u20136\u202fPM""}","{""dine_in"": true, ""takeout"": true, ""delivery"": true}",,https://lh3.googleusercontent.com/gps-cs-s/APNQkAGoMUOJZsKlbMWIePtwSM5vsWwZ0-wuhDXlAb54EQcZqD9YljebFRTmiin_DlwkjTExhS9dTD-KgLk3YifTwF70s26a6FmoWST7uACyFA1h_4oKmvFpggp5n2ycXwZ5cmNII1IM8Q=w1000-h1000-c-n,41.3039535,-72.91891079999999,0.6428,True,3
130794,Yale University,coffee,ChIJD5dl5snZ54kR3vKNFJdFEDE,0x89e7d9c9e665970f:0x31104597148df2de,Koffee?,Coffee shop,"[""Coffee shop"", ""Cafe"", ""Espresso bar""]","104 Audubon St, New Haven, CT 06511",(203) 465-6244,http://koffeefamily.com/,4.5,875.0,$1–10,Open · Closes 8 PM,"""Open \u00b7 Closes 8\u202fPM""","{""tuesday"": ""7\u202fAM\u20138\u202fPM"", ""wednesday"": ""7\u202fAM\u20138\u202fPM"", ""thursday"": ""7\u202fAM\u20138\u202fPM"", ""friday"": ""7\u202fAM\u20138\u202fPM"", ""saturday"": ""7\u202fAM\u20138\u202fPM"", ""sunday"": ""7\u202fAM\u20138\u202fPM"", ""monday"": ""7\u202fAM\u20138\u202fPM""}","{""dine_in"": true, ""curbside_pickup"": true, ""delivery"": false}","Fair-trade coffee & fresh-baked pastries. Coffee shop offering fair-trade brews, housemade pastries & sandwiches in a brick-walled space.",https://lh3.googleusercontent.com/gps-cs-s/APNQkAFbxmRfPQ00Ji2lqIA1392nFmJA2EQvBPhRKh8KF5CNV3izvJyaM2gf83-osRr0fLSHfp3WsZOZHc8QMBjC6JbRRWYQlNW0uu8BZg9urgQWsGs_eaaB2S3U5pjBpd34_NFYb_eO=w1000-h1000-c-n,41.3113983,-72.9217831,0.2537,True,3
130794,Yale University,coffee,ChIJQ6-TNgzZ54kR8ngUn5hNKyg,0x89e7d90c3693af43:0x282b4d989f1478f2,Mazagi Coffee,Coffee shop,"[""Coffee shop""]","73 Sachem St, New Haven, CT 06511",(475) 655-8131,https://mazagicoffee.com/,5.0,125.0,$1–10,Open · Closes 4:30 PM,"""Open \u00b7 Closes 4:30\u202fPM""","{""tuesday"": ""8:30\u202fAM\u20134:30\u202fPM"", ""wednesday"": ""8:30\u202fAM\u20134:30\u202fPM"", ""thursday"": ""8:30\u202fAM\u20134:30\u202fPM"", ""friday"": ""8:30\u202fAM\u20134:30\u202fPM"", ""saturday"": ""Closed"", ""sunday"": ""Closed"", ""monday"": ""8:30\u202fAM\u20134:30\u202fPM""}","{""dine_in"": true, ""curbside_pickup"": true, ""no_contact_delivery"": true}",,https://lh3.googleusercontent.com/gps-cs-s/APNQkAGXYQYghjksP2zhsve9AFsxR7Ypimn9bNxL3vFpQVos37_v5GW3jxCK4aeD676OJsxrj5h11ef36NKpOiROouR0jlZRgZcjHxuFbvTwafS8fNAYK8PfQBKeia3DCKB62OB9ypANupBZecZi=w1000-h1000-c-n,41.3168043,-72.9250287,0.3959,True,3
130794,Yale University,coffee,ChIJj1lVxkzY54kRSZzONYmLCBM,0x89e7d84cc655598f:0x13088b8935ce9c49,Midpoint Coffee Brewers,Coffee shop,"[""Coffee shop""]","248 Crown St, New Haven, CT 06511",(774) 433-6295,http://midpointcoffeebrewers.com/,4.5,240.0,$1–10,Open · Closes 9:30 PM,"""Open \u00b7 Closes 9:30\u202fPM""","{""tuesday"": ""7:30\u202fAM\u20139:30\u202fPM"", ""wednesday"": ""7:30\u202fAM\u20139:30\u202fPM"", ""thursday"": ""7:30\u202fAM\u20139:30\u202fPM"", ""friday"": ""7:30\u202fAM\u201311:30\u202fPM"", ""saturday"": ""8\u202fAM\u201311:30\u202fPM"", ""sunday"": ""8:30\u202fAM\u20139:30\u202fPM"", ""monday"": ""7:30\u202fAM\u20139:30\u202fPM""}","{""dine_in"": true, ""takeout"": true, ""delivery"": true}",Contemporary coffee shop in a cozy space. Classic & creative coffee shop drinks & fare with a distinctive round window & eclectic interiors.,https://lh3.googleusercontent.com/gps-cs-s/APNQkAFfeD33eRYRPRkH_C_n9dbBH9_6QxCozZwubPoVcRXC_LYMCBiWtjsX-2wqlbnuwpqa28LYEuVfNDkgCvyurZsk7NwNJmUwUhUKsubXR42hEDn94nb7GvHifa7SKgdIsw_xUuzYeQ=w1000-h1000-c-n,41.3060553,-72.93012399999999,0.3987,True,3
130794,Yale University,coffee,ChIJETeh9UrZ54kRh0fnoX9kr-U,0x89e7d94af5a13711:0xe5af647fa1e74787,M2 mocha cafe,Coffee shop,"[""Coffee shop""]","100 Ashmun St, New Haven, CT 06511",,https://m2mochacafe.com/,4.7,24.0,$1–10,Open · Closes 10 PM,"""Open \u00b7 Closes 10\u202fPM""","{""tuesday"": ""7\u202fAM\u201310\u202fPM"", ""wednesday"": ""7\u202fAM\u201310\u202fPM"", ""thursday"": ""7\u202fAM\u201310\u202fPM"", ""friday"": ""7\u202fAM\u201310\u202fPM"", ""saturday"": ""7\u202fAM\u201310\u202fPM"", ""sunday"": ""8:30\u202fAM\u201310\u202fPM"", ""monday"": ""7\u202fAM\u201310\u202fPM""}","{""dine_in"": true, ""curbside_pickup"": true, ""delivery"": true}",,https://lh3.googleusercontent.com/gps-cs-s/APNQkAGqeeuDqt4uD_ptaicNNkpnF-foIxHo80tWMo8SvFuaroRj8MB_i0Nf8H5Ck8JaO9CF7xlHJPvLqjHPzLCPQJxdxXqSaPJaJ5pN-qcC8t9snbApZ_ECp8RJZfyjsEHSEScciKprcYKgxEiG=w1000-h1000-c-n,41.3156657,-72.929285,0.3367,True,3
130794,Yale University,coffee,ChIJZ2guUuTZ54kRz4FkBBKmbWg,0x89e7d9e4522e6867:0x686da612046481cf,Fepo Cafe,Coffee shop,"[""Coffee shop""]","195 Church St, New Haven, CT 06510",(203) 553-3765,https://www.fepocafe.com/,4.6,131.0,$1–20,Closes soon · 4 PM · Opens 7 AM Wed,"""Closes soon \u00b7 4\u202fPM \u00b7 Opens 7\u202fAM Wed""","{""tuesday"": ""7\u202fAM\u20134\u202fPM"", ""wednesday"": ""7\u202fAM\u20134\u202fPM"", ""thursday"": ""7\u202fAM\u20134\u202fPM"", ""friday"": ""7\u202fAM\u20134\u202fPM"", ""saturday"": ""8\u202fAM\u20134\u202fPM"", ""sunday"": ""8\u202fAM\u20134\u202fPM"", ""monday"": ""7\u202fAM\u20134\u202fPM""}","{""dine_in"": true, ""takeout"": true, ""delivery"": true}",,https://lh3.googleusercontent.com/gps-cs-s/APNQkAHpPU6OMvsqIvhaf4-mIMAE3WB6nTgFPMbF0wUDMd2IV9woKhMXjL72Z9IMLVAQs8FcLU0vE4XCnVPI9xnKa8us1h8Jp34BbphQh9D8g9DCzFHEJznBjuYsHAwm4vbeELlWxmEgn-3XLDU2=w1000-h1000-c-n,41.3079899,-72.924105,0.259,True,3
130794,Yale University,coffee,ChIJ0TDLwBzZ54kReX8MndpWhvU,0x89e7d91cc0cb30d1:0xf58656da9d0c7f79,Little Dandelion,Cafe,"[""Cafe""]","208 Wooster St, New Haven, CT 06511",,https://www.instagram.com/thelittledandelioncafe,4.6,156.0,$1–10,Open · Closes 6 PM,"""Open \u00b7 Closes 6\u202fPM""","{""tuesday"": ""10:30\u202fAM\u20136\u202fPM"", ""wednesday"": ""10:30\u202fAM\u20136\u202fPM"", ""thursday"": ""10:30\u202fAM\u20136\u202fPM"", ""friday"": ""10:30\u202fAM\u20137\u202fPM"", ""saturday"": ""10:30\u202fAM\u20138\u202fPM"", ""sunday"": ""10:30\u202fAM\u20137\u202fPM"", ""monday"": ""Closed""}","{""dine_in"": true, ""curbside_pickup"": true, ""delivery"": true}",,https://lh3.googleusercontent.com/gps-cs-s/APNQkAHrYfwIiVn02z9zwDSVmFt0k_YPEWex7PXW-bgVkrB_HSctTaDyTA-dV50C2coxBNpGSGwcCKv-Zh2tDIFXpBp4gstYcvv5YrUnqpvVJStgbHiF1UOTVr_B7D7tTiwCOjGnEuRV=w1000-h1000-c-n,41.3027612,-72.9189969,0.7064,True,3
130794,Yale University,coffee,ChIJ5V1L6LLZ54kRzZc9dq5dLKM,0x89e7d9b2e84b5de5:0xa32c5dae763d97cd,Book Trader Cafe,Coffee shop,"[""Coffee shop"", ""Sandwich shop"", ""Used book store""]","1140 Chapel St #4843, New Haven, CT 06511",(203) 787-6147,http://www.booktradercafe.net/,4.5,527.0,$1–10,Open · Closes 7 PM,"""Open \u00b7 Closes 7\u202fPM""","{""tuesday"": ""9\u202fAM\u20137\u202fPM"", ""wednesday"": ""9\u202fAM\u20137\u202fPM"", ""thursday"": ""9\u202fAM\u20137\u202fPM"", ""friday"": ""9\u202fAM\u20137\u202fPM"", ""saturday"": ""9\u202fAM\u20137\u202fPM"", ""sunday"": ""9\u202fAM\u20135\u202fPM"", ""monday"": ""9\u202fAM\u20137\u202fPM""}","{""dine_in"": true, ""takeout"": true}",Brunch-'n'-browse literary coffeeshop. Bookstore cafe with a focus on academic & art titles to be read while consuming coffee & light fare.,https://lh3.googleusercontent.com/gps-cs-s/APNQkAH4TQ94XqhTZbr2nhXcHKH9YKeR6Lb2ECKsrJmYv9_A4wg4CvhMogk3mG1pQl6StfdebwlnHQTFUg9S5IB9mmKJAJxqmadGN3KSwyXtg6c2HkS1tlf8NaY5kjsuaduxNNEOZLGC=w1000-h1000-c-n,41.3084014,-72.9320257,0.3391,True,3
130794,Yale University,coffee,ChIJuSzWNQDZ54kRZgKZAo07Tqo,0x89e7d90035d62cb9:0xaa4e3b8d02990266,The Jitter Bus,Coffee stand,"[""Coffee stand""]","Jitter Bus Cafe, 847 Grand Ave, New Haven, CT 06511",(203) 645-9887,https://thejitterbus.com/,5.0,84.0,$1–10,Open · Closes 5 PM,"""Open \u00b7 Closes 5\u202fPM""","{""tuesday"": ""8\u202fAM\u20135\u202fPM"", ""wednesday"": ""8\u202fAM\u20135\u202fPM"", ""thursday"": ""8\u202fAM\u20135\u202fPM"", ""friday"": ""8\u202fAM\u20135\u202fPM"", ""saturday"": ""9\u202fAM\u20134\u202fPM"", ""sunday"": ""9\u202fAM\u20132\u202fPM"", ""monday"": ""8\u202fAM\u20135\u202fPM""}","{""dine_in"": true, ""takeout"": true, ""delivery"": false}",,https://lh3.googleusercontent.com/gps-cs-s/APNQkAFsjYteijVRtrnpU3TJZqIzKeoCgAjiBREjUQwUyZC-OXoSjfWA61Hg0_YDQyibP3e9c1SkEFFicksJYJZGbFpUtDE2Jmo3bX1x0CrK4x3cS7d17ViOcaUzzsolq-VMRcFjrcE=w1000-h1000-c-n,41.3078743,-72.9170225,0.5509,True,3
130794,Yale University,coffee,ChIJufCce7XZ54kRql2kNVnDkFc,0x89e7d9b57b9cf0b9:0x5790c35935a45daa,Cafe Java,Coffee shop,"[""Coffee shop"", ""Breakfast restaurant"", ""Cafe"", ""Lunch restaurant""]","59 Elm St, New Haven, CT 06510",(203) 624-1275,http://www.cafejavanewhaven.com/,4.8,96.0,$1–10,Closed · Opens 7:30 AM Wed,"""Closed \u00b7 Opens 7:30\u202fAM Wed""","{""tuesday"": ""7:30\u202fAM\u20132\u202fPM"", ""wednesday"": ""7:30\u202fAM\u20132\u202fPM"", ""thursday"": ""7:30\u202fAM\u20132\u202fPM"", ""friday"": ""7:30\u201311\u202fAM"", ""saturday"": ""Closed"", ""sunday"": ""Closed"", ""monday"": ""7:30\u202fAM\u20132\u202fPM""}","{""dine_in"": true, ""takeout"": true, ""delivery"": false}",,https://lh3.googleusercontent.com/gps-cs-s/APNQkAEcM1WSjKmy1IMY9qfdn415CsF_xRClcyEjLbNzujyWLR6XP5T6xh0cYeCnjSIZSqmmFn_uMlv35JSMvfZlmRhGDd5afkVu1DawMugiFmc8uxVzxhIOaKk8QlO1f0_QGn_YMW1z=w1000-h1000-c-n,41.3077903,-72.9226961,0.3133,True,3
130794,Yale University,coffee,ChIJvVJmEr3Z54kRKo9qDMT76Pc,0x89e7d9bd126652bd:0xf7e8fbc40c6a8f2a,Olmo,Coffee shop,"[""Coffee shop"", ""Bakery"", ""Bagel shop"", ""Sandwich shop""]","93 Whitney Ave, New Haven, CT 06510",(203) 624-3373,https://www.olmobagels.com/,4.9,1620.0,$10–20,Closed · Opens 7 AM Wed,"""Closed \u00b7 Opens 7\u202fAM Wed""","{""tuesday"": ""7\u202fAM\u20132\u202fPM"", ""wednesday"": ""7\u202fAM\u20132\u202fPM"", ""thursday"": ""7\u202fAM\u20132\u202fPM"", ""friday"": ""7\u202fAM\u20134\u202fPM"", ""saturday"": ""7\u202fAM\u20134\u202fPM"", ""sunday"": ""7\u202fAM\u20134\u202fPM"", ""monday"": ""7\u202fAM\u20132\u202fPM""}","{""curbside_pickup"": true, ""no_contact_delivery"": true}","Simple outpost for bagels & other fare. The original New Haven bagel serving up sandwiches, as well as coffee & catering.",https://lh3.googleusercontent.com/gps-cs-s/APNQkAEMGYw-N3hxou_IQnvl93Fu5_gppJWTPaSyqYoQrMwHSG9HSn6icEkbOQzUXVDQe_GdzfOOY4Btkjj7s9zPEy-rT0VtDM8upwJuLvjDWQTXK2jB_wMQH3kp8Gi59M18bdmr1_tUQQ=w1000-h1000-c-n,41.3131451,-72.921487,0.3002,True,3
144050,University of Chicago,coffee,ChIJdRVDO2wpDogRC1rjVaM3XUc,0x880e296c3b431575:0x475d37a355e35a0b,Cafe 53,Coffee shop,"[""Coffee shop"", ""Cafe"", ""Halal restaurant"", ""Sandwich shop"", ""Vegan restaurant""]","1369 E 53rd St, Chicago, IL 60615",(773) 493-1000,https://www.cafe-53.com/,4.6,1106.0,$10–20,Open · Closes 9 PM,"""Open \u00b7 Closes 9\u202fPM""","{""tuesday"": ""8\u202fAM\u20139\u202fPM"", ""wednesday"": ""8\u202fAM\u20139\u202fPM"", ""thursday"": ""8\u202fAM\u20139\u202fPM"", ""friday"": ""8\u202fAM\u20139\u202fPM"", ""saturday"": ""8\u202fAM\u20139\u202fPM"", ""sunday"": ""8\u202fAM\u20139\u202fPM"", ""monday"": ""8\u202fAM\u20139\u202fPM""}","{""dine_in"": true, ""takeout"": true, ""no_contact_delivery"": true}","Relaxed coffeehouse with free WiFi. Small, laid-back coffeehouse pairing its java with sandwiches, ice cream & free WiFi in cozy digs.",https://lh3.googleusercontent.com/gps-cs-s/APNQkAFbZ4bA472SpHLBv18oNfOQx4PEnmZ_25BBnRZ_yMRE5-Q2EJlRb9LYkFki5je9JXajzSAoNpxns70BX-7Ck8_gsFXFD3z6r6u2vSWQHghm_iZeOVM0SpkI565Q_ejTdeu8Opau=w1000-h1000-c-n,41.7993168,-87.5924045,0.7026,True,3
144050,University of Chicago,coffee,ChIJR8I3kD0pDogRZFnn84yISBQ,0x880e293d9037c247:0x1448888cf3e75964,Grounds of Being: The Divinity School Coffee Shop,Coffee shop,"[""Coffee shop""]","Swift Hall, 1025 E 58th St, Chicago, IL 60637",(773) 834-9052,http://groundsofbeing.org/,4.7,160.0,$1–10,Open · Closes 4 PM,"""Open \u00b7 Closes 4\u202fPM""","{""tuesday"": ""7:45\u202fAM\u20134\u202fPM"", ""wednesday"": ""7:45\u202fAM\u20134\u202fPM"", ""thursday"": ""7:45\u202fAM\u20134\u202fPM"", ""friday"": ""7:45\u202fAM\u20134\u202fPM"", ""saturday"": ""Closed"", ""sunday"": ""Closed"", ""monday"": ""7:45\u202fAM\u20134\u202fPM""}","{""dine_in"": true, ""takeout"": true, ""delivery"": false}","Unpretentious, student-run basement cafe. Run by Divinity School students, this cash-only basement cafe offers breakfast pastries & lunch.",https://lh3.googleusercontent.com/gps-cs-s/APNQkAGNh_4HSc_ELerEdYcbDY42bIyGbQBwPIcrm6-UQD8X5BanT61fuZeuR-phQb_2HF6RJBq8oQh6zuH4fUrC8_OjV5XJR0IYm_IVEIDG_xV4TOsEwIOUG5R6ZPlPwGWWC24UXrj6uQ=w1000-h1000-c-n,41.7889849,-87.5999985,0.1676,True,3
144050,University of Chicago,coffee,ChIJyyXv8RUpDogRr5NK6ynnehE,0x880e2915f1ef25cb:0x117ae729eb4a93af,Hallowed Grounds,Coffee shop,"[""Coffee shop"", ""Cafe""]","1127 E 57th St #2, Chicago, IL 60637",,,4.5,124.0,$1–10,Open · Closes 9 PM,"""Open \u00b7 Closes 9\u202fPM""","{""tuesday"": ""9\u202fAM\u20139\u202fPM"", ""wednesday"": ""9\u202fAM\u20139\u202fPM"", ""thursday"": ""9\u202fAM\u20139\u202fPM"", ""friday"": ""9\u202fAM\u20138\u202fPM"", ""saturday"": ""12\u20136\u202fPM"", ""sunday"": ""12\u20136\u202fPM"", ""monday"": ""9\u202fAM\u20139\u202fPM""}","{""dine_in"": true, ""takeout"": true, ""delivery"": false}",Coffee shop & café in a university. Classic coffee shop beverages & pastries with traditional interiors in the Student Advising Center.,https://lh3.googleusercontent.com/gps-cs-s/APNQkAFw1CgAiv2QujR0Ktsfi8Nrgu_dobGO34MUMZNelZF1B3ogmNSlGAWYmQxSyoY-ywhw-6GPVgfaiKyBHuRFD-MIqTVKES88g8AJE9wUU-KTepMCygscKoP9PhC8l3i5k5zDEHaxJg=w1000-h1000-c-n,41.7912368,-87.5983193,0.1301,True,3
144050,University of Chicago,coffee,ChIJ2c9sgj0pDogRrN6wlCdAiEk,0x880e293d826ccfd9:0x4988402794b0deac,Harper Café,Coffee shop,"[""Coffee shop"", ""Student union""]","1116 E 59th St 3rd floor, Chicago, IL 60637",,https://www.facebook.com/harpercafe/,4.5,28.0,$1–10,Open · Closes 7 PM,"""Open \u00b7 Closes 7\u202fPM""","{""tuesday"": ""8:30\u202fAM\u20137\u202fPM"", ""wednesday"": ""8:30\u202fAM\u20137\u202fPM"", ""thursday"": ""8:30\u202fAM\u20137\u202fPM"", ""friday"": ""8:30\u202fAM\u20135\u202fPM"", ""saturday"": ""Closed"", ""sunday"": ""12\u20135\u202fPM"", ""monday"": ""8:30\u202fAM\u20137\u202fPM""}","{""dine_in"": true, ""takeout"": true, ""delivery"": false}",,https://lh3.googleusercontent.com/gps-cs-s/APNQkAGbwG5lcx4xn6QW-OmGmGu6EiZ40l2tyxtUhQID-1DKl4nIBTrjLgH3M20Og_fEz6KjMglnZS-R-WQTlY6FJLufMVYyEmUoqHJlktw5cp_E7xhW4PDNdovz2EyggutkIsHQ6gMFYg=w1000-h1000-c-n,41.7879889,-87.5995597,0.2399,True,3
144050,University of Chicago,coffee,ChIJ-bZngRYpDogR_H0Flm9UF6s,0x880e29168167b6f9:0xab17546f96057dfc,Plein Air Cafe,Coffee shop,"[""Coffee shop"", ""Breakfast restaurant"", ""Cafe""]","5751 S Woodlawn Ave, Chicago, IL 60637",(773) 966-7531,http://www.pleinaircafe.co/,4.4,760.0,$10–20,Open · Closes 8 PM,"""Open \u00b7 Closes 8\u202fPM""","{""tuesday"": ""7\u202fAM\u20138\u202fPM"", ""wednesday"": ""7\u202fAM\u20138\u202fPM"", ""thursday"": ""7\u202fAM\u20138\u202fPM"", ""friday"": ""7\u202fAM\u20138\u202fPM"", ""saturday"": ""8\u202fAM\u20136\u202fPM"", ""sunday"": ""8\u202fAM\u20136\u202fPM"", ""monday"": ""7\u202fAM\u20138\u202fPM""}","{""dine_in"": true, ""takeout"": true, ""no_contact_delivery"": true}",French fare & coffee in a bright space. Bright cafe & coffeehouse serving its java with French specialties in a cheerful setting.,https://lh3.googleusercontent.com/gps-proxy/ALd4DhF2xx6PAbdgmtaN5AvoIkuwmc2q9_JQnJ2dzCFwuwKwGqOJfE1Z9NxkW97THlgPBNH_A3CAo1A8KIlhdQ9GYAUd8C7WDWtwj3wi5GuotIjsBlnaeuKDkqhun5XCOG1F_VsuW967e6PTGFZaCvnNuQsxjC0a5BTQzXS-dcD7hYSmi3PqoZM8kGuCbg=w1000-h1000-c-n,41.790027,-87.59606699999999,0.2619,True,3
162928,Johns Hopkins University,coffee,ChIJB0Y3AMsEyIkRqSlsAT6OCfQ,0x89c804cb00374607:0xf4098e3e016c29a9,Café Los Sueños,Coffee shop,"[""Coffee shop""]","2740 Huntingdon Ave Unit B, Baltimore, MD 21211",,https://cafe-los-suenos.square.site/,4.9,343.0,$1–10,Closed · Opens 8 AM Wed,"""Closed \u00b7 Opens 8\u202fAM Wed""","{""tuesday"": ""8\u202fAM\u20133\u202fPM"", ""wednesday"": ""8\u202fAM\u20133\u202fPM"", ""thursday"": ""8\u202fAM\u20133\u202fPM"", ""friday"": ""8\u202fAM\u20133\u202fPM"", ""saturday"": ""8\u202fAM\u20133\u202fPM"", ""sunday"": ""8\u202fAM\u20133\u202fPM"", ""monday"": ""8\u202fAM\u20133\u202fPM""}","{""dine_in"": true, ""takeout"": true, ""delivery"": true}",,https://lh3.googleusercontent.com/gps-cs-s/APNQkAEmLRBXYE1sICGojgICHtKmx8bXQI9GWbsrA63Zn4KOuQax3YE_8Y4rZYVERekEZQnVthz_uO4OUY8RNoY1_8_knvZEZFq91bZJeCnHDkn13rJ0eDqK8yMawS5MTjNCBejoevzP=w1000-h1000-c-n,39.3204357,-76.6228902,0.6753,True,3
162928,Johns Hopkins University,coffee,ChIJZcZYNAAFyIkRx9Sc3mJ98_k,0x89c805003458c665:0xf9f37d62de9cd4c7,Blueprint Cafe,Coffee shop,"[""Coffee shop""]","3120 St Paul St #7, Baltimore, MD 21218",,https://www.instagram.com/blue.print.cafe/,4.9,99.0,$10–20,Closed · Opens 7 AM Wed,"""Closed \u00b7 Opens 7\u202fAM Wed""","{""tuesday"": ""7\u202fAM\u20133\u202fPM"", ""wednesday"": ""7\u202fAM\u20133\u202fPM"", ""thursday"": ""7\u202fAM\u20133\u202fPM"", ""friday"": ""7\u202fAM\u20133\u202fPM"", ""saturday"": ""7\u202fAM\u20133\u202fPM"", ""sunday"": ""7\u202fAM\u20133\u202fPM"", ""monday"": ""Closed""}","{""dine_in"": true, ""takeout"": true, ""delivery"": false}",,https://lh3.googleusercontent.com/gps-cs-s/APNQkAGftWCAR_Reg_ailsZreL4T0gnowIGQlqRiMNvm7w3Ho8wE3JZTMwVUkNnkR-kE06glkLz7q761Ovr_3Xcem-affgdqIt-jb1bW4ffKjFhxNPALvHBhY5-bmVTq0LfQXuKqGeQ7Lg=w1000-h1000-c-n,39.3267917,-76.616344,0.2074,True,3
162928,Johns Hopkins University,coffee,ChIJ8XMxQwAFyIkRIc8bIpC1btY,0x89c80500433173f1:0xd66eb590221bcf21,Catalog Coffee,Coffee shop,"[""Coffee shop"", ""Breakfast restaurant""]","914 W 36th St, Baltimore, MD 21211",(443) 438-6597,https://www.catalogcoffeebmore.com/,4.8,120.0,$10–20,Closed · Opens 7:30 AM Wed,"""Closed \u00b7 Opens 7:30\u202fAM Wed""","{""tuesday"": ""Closed"", ""wednesday"": ""7:30\u202fAM\u20132\u202fPM"", ""thursday"": ""7:30\u202fAM\u20132\u202fPM"", ""friday"": ""7:30\u202fAM\u20132\u202fPM"", ""saturday"": ""8\u202fAM\u20133\u202fPM"", ""sunday"": ""8\u202fAM\u20133\u202fPM"", ""monday"": ""Closed""}","{""dine_in"": true, ""takeout"": true, ""delivery"": false}",,https://lh3.googleusercontent.com/gps-cs-s/APNQkAFMsczjrkAaVgkLy9Z-g05GXrduJgRKMwISg4EupChmeArDamV1YH3Rel5zOXHUMV5e7pkYDqfmkGGX5ZO-aP9ngVD1wG1bRcYrgkQGGoPGl4XD2ngHycnqdtT8mSfW18OKWwCKJiLzgRI=w1000-h1000-c-n,39.3312812,-76.6321155,0.7602,True,3
162928,Johns Hopkins University,coffee,ChIJDUf1BigFyIkR4zA3HJd7_Nk,0x89c8052806f5470d:0xd9fc7b971c3730e3,Common Ground Cafe Cooperative,Coffee shop,"[""Coffee shop"", ""Cafe""]","3543 Chestnut Ave, Baltimore, MD 21211",(443) 438-5505,http://www.commongroundhampden.com/,4.6,564.0,$10–20,Closed · Opens 7 AM Wed,"""Closed \u00b7 Opens 7\u202fAM Wed""","{""tuesday"": ""7\u202fAM\u20133\u202fPM"", ""wednesday"": ""7\u202fAM\u20133\u202fPM"", ""thursday"": ""7\u202fAM\u20133\u202fPM"", ""friday"": ""7\u202fAM\u20133\u202fPM"", ""saturday"": ""7\u202fAM\u20133\u202fPM"", ""sunday"": ""7\u202fAM\u20133\u202fPM"", ""monday"": ""7\u202fAM\u20133\u202fPM""}","{""dine_in"": true, ""curbside_pickup"": true}","Cozy coffee bar for espresso & cafe eats. Comfy coffee shop with a funky vibe serving espresso drinks, house-baked goods & light fare.",https://lh3.googleusercontent.com/gps-cs-s/APNQkAERkbmLxSv5GOe2Xhtl8B5IXCHV_nZab2mQuv1Th-854W_GxkAhXwZy3r5movu1yU2uY6h1g6vnknmgqvFakAa3iuKZhYGwucb3XwflYMsb-uujwH3MoPjzbn8DLi4vfVZTK56Wgw=w1000-h1000-c-n,39.3308747,-76.6290715,0.5952,True,3
162928,Johns Hopkins University,coffee,ChIJKfNrPuAEyIkRZ04rqoSJbPE,0x89c804e03e6bf329:0xf16c8984aa2b4e67,Bird in Hand,Coffee shop,"[""Coffee shop"", ""Book store"", ""Restaurant""]","11 E 33rd St, Baltimore, MD 21218",(410) 814-0373,http://www.birdinhandcafe.com/,4.5,675.0,$1–10,Closes soon · 4 PM · Opens 8 AM Wed,"""Closes soon \u00b7 4\u202fPM \u00b7 Opens 8\u202fAM Wed""","{""tuesday"": ""8\u202fAM\u20134\u202fPM"", ""wednesday"": ""8\u202fAM\u20138\u202fPM"", ""thursday"": ""8\u202fAM\u20138\u202fPM"", ""friday"": ""8\u202fAM\u20138\u202fPM"", ""saturday"": ""8\u202fAM\u20138\u202fPM"", ""sunday"": ""8\u202fAM\u20134\u202fPM"", ""monday"": ""8\u202fAM\u20134\u202fPM""}","{""dine_in"": true, ""takeout"": true}","Modern cafe/bookstore for coffee & bites. Chic cafe/bookstore for sustainable coffee, pastries & sandwiches, plus a selection of books.",https://lh3.googleusercontent.com/gps-cs-s/APNQkAHZZax6wK1wLISrv8I_cpBITDxuKb_L0Q_-QG9lzHDzt8sNj0pn3NW7sNrcU4XfpPh60XMsPyz-pcBOrSzFv83GXpUSciviwwJ4RVAoGL-Xj9oxYcOVYO8UnDlfrqw8gE5vmZ4=w1000-h1000-c-n,39.327915,-76.6167285,0.1298,True,3
162928,Johns Hopkins University,coffee,ChIJv3HPNJ8FyIkR0oQQIrkwzi8,0x89c8059f34cf71bf:0x2fce30b9221084d2,Kitsch,Cafe,"[""Cafe""]","500 W University Pkwy, Baltimore, MD 21210",(443) 759-4056,http://bmorekitsch.com/,4.8,232.0,$10–20,Closed · Opens 7 AM Wed,"""Closed \u00b7 Opens 7\u202fAM Wed""","{""tuesday"": ""7\u202fAM\u20133\u202fPM"", ""wednesday"": ""7\u202fAM\u20133\u202fPM"", ""thursday"": ""7\u202fAM\u20133\u202fPM"", ""friday"": ""7\u202fAM\u20133\u202fPM"", ""saturday"": ""7\u202fAM\u20133\u202fPM"", ""sunday"": ""7\u202fAM\u20133\u202fPM"", ""monday"": ""7\u202fAM\u20133\u202fPM""}","{""dine_in"": true, ""takeout"": true, ""no_contact_delivery"": true}",,https://lh3.googleusercontent.com/gps-proxy/ALd4DhELxtKiO-sFOKRS1oRSHLNf4O5o_AoTjCz9JOL5BL55f43RLYug9DrR7jD-AQl5IIgdT_Fyuz9_agBVNDTXxo0oRKACbMA9bsUfta4A6CvSqiGwNfxPCD93GhLJHjJivmdCfuc3SwSirhtgPI_GOXU04O8xo-dd7jB8jeNmnoxshmUVRPZ6E5rj=w1000-h1000-c-n,39.3373233,-76.62441199999999,0.6391,True,3
162928,Johns Hopkins University,coffee,ChIJR5W-mDQFyIkR6_6RQLtADno,0x89c8053498be9547:0x7a0e40bb4091feeb,KANOM Cafe,Coffee shop,"[""Coffee shop"", ""Cafe"", ""Bakery""]","3811 Canterbury Rd Store Unit 2, Baltimore, MD 21218",(443) 708-8108,http://www.kanomcafe.net/,4.9,155.0,$10–20,Closed · Opens 8 AM Wed,"""Closed \u00b7 Opens 8\u202fAM Wed""","{""tuesday"": ""Closed"", ""wednesday"": ""8\u202fAM\u20135\u202fPM"", ""thursday"": ""8\u202fAM\u20135\u202fPM"", ""friday"": ""8\u202fAM\u20135\u202fPM"", ""saturday"": ""8\u202fAM\u20135\u202fPM"", ""sunday"": ""8\u202fAM\u20135\u202fPM"", ""monday"": ""8\u202fAM\u20135\u202fPM""}","{""dine_in"": true, ""takeout"": true, ""delivery"": true}",,https://lh3.googleusercontent.com/gps-cs-s/APNQkAF8HIsgIQPVeYvwf55ATjLsEus2NsLKCWQkDEM6yF0yeH7Pll9KFdhPrUIsbSXjd2Qxy25j4Uk3mOjm46o5tMcnAzLlZ65c_xY3JlRmLFoZnENsoJG9vXp06h_ObVSmU1izoOPgXUWZsA=w1000-h1000-c-n,39.3356066,-76.6200562,0.4366,True,3
147767,Northwestern University,coffee,ChIJNb1fSADRD4gRT9pLHpcjhXg,0x880fd100485fbd35:0x788523971e4bda4f,Mr Cachito Bakery Coffee Inc,Coffee shop,"[""Coffee shop"", ""Bakery""]","1549 Sherman Ave, Evanston, IL 60201",(773) 396-2627,https://order.toasttab.com/online/mr-cachito-1549-sherman-avenue,4.8,121.0,$10–20,Open · Closes 7 PM,"""Open \u00b7 Closes 7\u202fPM""","{""tuesday"": ""7\u202fAM\u20137\u202fPM"", ""wednesday"": ""7\u202fAM\u20137\u202fPM"", ""thursday"": ""7\u202fAM\u20137\u202fPM"", ""friday"": ""7\u202fAM\u20137\u202fPM"", ""saturday"": ""7\u202fAM\u20137\u202fPM"", ""sunday"": ""7\u202fAM\u20137\u202fPM"", ""monday"": ""7\u202fAM\u20137\u202fPM""}","{""dine_in"": true, ""curbside_pickup"": true, ""delivery"": true}",,https://lh3.googleusercontent.com/gps-proxy/ALd4DhETBMy935cKTBKCXYZKl3RqoAETbzBeJMJIiF_g7ZqMR0pLP2LpYP_y019Mar7ppU0-GtXWEl2wORAhshjizfkVMcW4aJMdXtmFjiwtZURQUQqXtN0ghWRgS-IlX92TkZvEo2uqpADy319iMT_hejXtIegC-YcQ_yACdjGHExjVcikwAxt1nderfA=w1000-h1000-c-n,42.0455318,-87.68162819999999,0.4826,True,3
147767,Northwestern University,coffee,ChIJyYdA_A3QD4gRsjiJmiZVoHc,0x880fd00dfc4087c9:0x77a055269a8938b2,Cupitol Coffee & Eatery,Coffee shop,"[""Coffee shop"", ""Bakery"", ""Breakfast restaurant"", ""Brunch restaurant"", ""Cafe"", ""Restaurant"", ""Dessert shop"", ""Lounge bar"", ""Takeout Restaurant""]","812 Grove St, Evanston, IL 60201",(847) 868-8078,https://www.cupitol.com/,4.5,2013.0,$10–20,Open · Closes 4 PM,"""Open \u00b7 Closes 4\u202fPM""","{""tuesday"": ""7\u202fAM\u20134\u202fPM"", ""wednesday"": ""7\u202fAM\u20134\u202fPM"", ""thursday"": ""7\u202fAM\u20134\u202fPM"", ""friday"": ""7\u202fAM\u20134\u202fPM"", ""saturday"": ""7\u202fAM\u20134\u202fPM"", ""sunday"": ""7\u202fAM\u20134\u202fPM"", ""monday"": ""7\u202fAM\u20134\u202fPM""}","{""dine_in"": true, ""curbside_pickup"": true, ""no_contact_delivery"": true}","Stylish locale for cafe fare & espresso. Choice cafe fare & espresso drinks served in a modern, stylish space with sidewalk seating.",https://lh3.googleusercontent.com/gps-cs-s/APNQkAG3gmBW_7VXh_zUQE6Rq_NWnhJFzSBISFy6AepyzQ3xXCgl0A5ABNtOITMo_b9ts-gFMdtcRvC5k1G1iegYJBdgaURD30BPTa7cYIBf0KllR2KRuhEyQnk1JAVRlTcDwvLYI4j8wQ=w1000-h1000-c-n,42.045359,-87.68254569999999,0.5211,True,3
147767,Northwestern University,coffee,ChIJpw2CTUzRD4gRdiEx0TPZfmY,0x880fd14c4d820da7:0x667ed933d1312176,Newport Coffee House,Coffee shop,"[""Coffee shop"", ""Cafe""]","622 Davis St, Evanston, IL 60201",(847) 563-8322,http://www.newport-coffee.com/,4.5,309.0,$1–10,Open · Closes 5 PM,"""Open \u00b7 Closes 5\u202fPM""","{""tuesday"": ""7\u202fAM\u20135\u202fPM"", ""wednesday"": ""7\u202fAM\u20135\u202fPM"", ""thursday"": ""7\u202fAM\u20135\u202fPM"", ""friday"": ""7\u202fAM\u20135\u202fPM"", ""saturday"": ""7\u202fAM\u20134\u202fPM"", ""sunday"": ""8\u202fAM\u20134\u202fPM"", ""monday"": ""7\u202fAM\u20135\u202fPM""}","{""dine_in"": true, ""takeout"": true, ""delivery"": true}",,https://lh3.googleusercontent.com/gps-cs-s/APNQkAFJaesj6xZRS4Le1OfI89Aios8u4JxbGlTa4UYKY5XYpJOV06_yXsFQ3-InEFzAdjtuYb88Ll4t0rMAENbx1wE_S2tXztPVdJo3KymRdGebzNPJhkQNQuTK_9fWjgamzcoyRodhGw=w1000-h1000-c-n,42.0463135,-87.68099889999999,0.42,True,3
147767,Northwestern University,coffee,ChIJBfWpQzLRD4gR2mgk39g8Zl0,0x880fd13243a9f505:0x5d663cd8df2468da,Cotti Coffee - Northwestern University,Coffee shop,"[""Coffee shop"", ""Cafe""]","720 Clark St, Evanston, IL 60201",(847) 868-8989,,5.0,3.0,,Open · Closes 8 PM,"""Open \u00b7 Closes 8\u202fPM""","{""tuesday"": ""10\u202fAM\u20138\u202fPM"", ""wednesday"": ""10\u202fAM\u20138\u202fPM"", ""thursday"": ""10\u202fAM\u20138\u202fPM"", ""friday"": ""10\u202fAM\u20138:30\u202fPM"", ""saturday"": ""10\u202fAM\u20138:30\u202fPM"", ""sunday"": ""10\u202fAM\u20138:30\u202fPM"", ""monday"": ""10\u202fAM\u20138\u202fPM""}","{""dine_in"": true, ""takeout"": true, ""no_contact_delivery"": true}",,https://lh3.googleusercontent.com/gps-cs-s/APNQkAH4iDifKF_U7G521xKIgyjhC4OtTT_a8_OqUJFRiPZ9fCDtlqza3wYHtlTbXxmUMhRhKYhMO0pnkoVbtHI5iXWbeeEsXmbGajrEcwTYhj8N_yJ-7l6s2wJFpTSVgj0tBLb2TmJZDbEr0Iqz=w1000-h1000-c-n,42.0497728,-87.68115399999999,0.2789,True,3
147767,Northwestern University,coffee,ChIJL87e9xfRD4gRX8kRKdigDqM,0x880fd117f7dece2f:0xa30ea0d82911c95f,Colectivo Coffee Evanston,Coffee shop,"[""Coffee shop"", ""Cafe""]","716 Church St, Evanston, IL 60201",(312) 535-3001,https://colectivo.com/pages/evanston,4.3,731.0,$1–10,Open · Closes 6:30 PM,"""Open \u00b7 Closes 6:30\u202fPM""","{""tuesday"": ""6:30\u202fAM\u20136:30\u202fPM"", ""wednesday"": ""6:30\u202fAM\u20136:30\u202fPM"", ""thursday"": ""6:30\u202fAM\u20136:30\u202fPM"", ""friday"": ""6:30\u202fAM\u20136:30\u202fPM"", ""saturday"": ""6:30\u202fAM\u20136:30\u202fPM"", ""sunday"": ""6:30\u202fAM\u20136:30\u202fPM"", ""monday"": ""6:30\u202fAM\u20136:30\u202fPM""}","{""dine_in"": true, ""takeout"": true, ""delivery"": true}",,https://lh3.googleusercontent.com/gps-cs-s/APNQkAGSYraFALMRnlVIsifTgT8qNm4EGbQSxppy1bix5fIuZbzm8PoR4W30xREXZQtPsMFgcM0mmZk3GN2YBHF65pAtWMtU-WiuMoDlGjSPrgHf-QOcUdp22nRbQ1NoqpJhj1LvnZ5HNQ=w1000-h1000-c-n,42.0483097,-87.6815905,0.3457,True,3
215062,University of Pennsylvania,coffee,ChIJIf6Tbe_HxokRJpeLPS46JxI,0x89c6c7ef6d93fe21:0x12273a2e3d8b9726,Madis Coffee Roasters,Coffee shop,"[""Coffee shop""]","3527 Lancaster Ave, Philadelphia, PA 19104",(215) 222-1511,http://madiscoffee.com/,4.8,1130.0,$1–10,Open · Closes 6 PM,"""Open \u00b7 Closes 6\u202fPM""","{""tuesday"": ""7\u202fAM\u20136\u202fPM"", ""wednesday"": ""7\u202fAM\u20136\u202fPM"", ""thursday"": ""7\u202fAM\u20136\u202fPM"", ""friday"": ""7\u202fAM\u20136\u202fPM"", ""saturday"": ""7\u202fAM\u20136\u202fPM"", ""sunday"": ""7\u202fAM\u20136\u202fPM"", ""monday"": ""7\u202fAM\u20136\u202fPM""}","{""dine_in"": true, ""takeout"": true, ""no_contact_delivery"": true}",,https://lh3.googleusercontent.com/gps-cs-s/APNQkAH5r2MOS9NeNMK_OlCPcVYIzxXTF9HAJ_-E37AV1R0InZRw8Fi60oya5By4KUwQzg47ZmgQP_GjOtKYT-GPwf7d7zH_nKiPzjpKyoZwgVyLWACc-QQwo54vLo8Ls-nXhMd5iisGkQ=w1000-h1000-c-n,39.9585283,-75.1931625,0.5592,True,3
215062,University of Pennsylvania,coffee,ChIJAwP2F-fHxokRHy3WxEPyNiY,0x89c6c7e717f60303:0x2636f243c4d62d1f,Shibam Coffee Philadelphia,Coffee shop,"[""Coffee shop"", ""Bakery"", ""Cafe"", ""Dessert shop"", ""Espresso bar"", ""Middle Eastern restaurant"", ""Pastry shop"", ""Tea store""]","3748 Lancaster Ave, Philadelphia, PA 19104",(713) 482-9235,https://shibamphilly.com/,4.8,296.0,$10–20,Open · Closes 10 PM,"""Open \u00b7 Closes 10\u202fPM""","{""tuesday"": ""6\u202fAM\u201310\u202fPM"", ""wednesday"": ""6\u202fAM\u201310\u202fPM"", ""thursday"": ""6\u202fAM\u201310\u202fPM"", ""friday"": ""6\u202fAM\u201312\u202fAM"", ""saturday"": ""9\u202fAM\u201312\u202fAM"", ""sunday"": ""9\u202fAM\u201310\u202fPM"", ""monday"": ""6\u202fAM\u201310\u202fPM""}","{""dine_in"": true, ""takeout"": true, ""delivery"": false}",,https://lh3.googleusercontent.com/gps-cs-s/APNQkAHSGTlBiNc8MmKNgShOG5Q-0tOkzpM-Dp_zsxf0fcBuLyWXUHZw1_nnjZSbGeY7cRX3VqYeVoJOEhmg-g-bTGBKn9sLlV6EVVkGvKymfcMYvIvpU0Ty_GPNeqH6e84wTGmfjQ1cD1lo2U8=w1000-h1000-c-n,39.9600085,-75.19665909999999,0.6856,True,3
110404,California Institute of Technology,coffee,ChIJ0QxC5ODDwoAR6mromaIHEak,0x80c2c3e0e4420cd1:0xa91107a299e86aea,Republik Coffee Pasadena,Coffee shop,"[""Coffee shop"", ""Breakfast restaurant"", ""Brunch restaurant"", ""Catering food and drink supplier"", ""Lunch restaurant""]","854 E Green St, Pasadena, CA 91101",(626) 529-3714,http://www.republikcoffee.com/,4.4,728.0,$10–20,Open · Closes 6 PM,"""Open \u00b7 Closes 6\u202fPM""","{""tuesday"": ""7\u202fAM\u20136\u202fPM"", ""wednesday"": ""7\u202fAM\u20136\u202fPM"", ""thursday"": ""7\u202fAM\u20136\u202fPM"", ""friday"": ""7\u202fAM\u20136\u202fPM"", ""saturday"": ""7\u202fAM\u20136\u202fPM"", ""sunday"": ""7\u202fAM\u20136\u202fPM"", ""monday"": ""7\u202fAM\u20136\u202fPM""}","{""dine_in"": true, ""takeout"": true, ""delivery"": true}","Stylish locale for brunch & wine. Hip, convivial cafe & wine bar serving baked goods, hearty brunch fare & specialty coffee.",https://lh3.googleusercontent.com/gps-cs-s/APNQkAEPzJtm0Q-tSFmMGKPXgZCdId7G7UORGJPPBhDXBuEuZGqdXKptEwbJhigsA58zIP7y8Su4uWEFYYPU1tsQAKbK5xorU553aoTx-xY0420yZ8lSUtefimViv5EuVmzNVVAwf_1vYg=w1000-h1000-c-n,34.1443705,-118.132854,0.5882,True,3
190415,Cornell University,coffee,ChIJeX6-BACB0IkRiZ9exP6oDSE,0x89d0810004be7e79:0x210da8fec45e9f89,Forty Weight Coffee Roasters,Coffee shop,"[""Coffee shop""]","307 College Ave Ste 1, Ithaca, NY 14850",,http://fortyweightcoffee.cafe/,4.8,32.0,$1–10,Open · Closes 6 PM,"""Open \u00b7 Closes 6\u202fPM""","{""tuesday"": ""7:30\u202fAM\u20136\u202fPM"", ""wednesday"": ""7:30\u202fAM\u20136\u202fPM"", ""thursday"": ""7:30\u202fAM\u20136\u202fPM"", ""friday"": ""7:30\u202fAM\u20136\u202fPM"", ""saturday"": ""9\u202fAM\u20136\u202fPM"", ""sunday"": ""9\u202fAM\u20136\u202fPM"", ""monday"": ""7:30\u202fAM\u20136\u202fPM""}","{""dine_in"": true, ""curbside_pickup"": true, ""delivery"": false}",,https://lh3.googleusercontent.com/gps-cs-s/APNQkAHqPuTvSCx4zy6e-h0uUMBjwozVgG_cQbJNoR8gY325O5YQ-g5Dz3e1ERLH3OvO8ZK6HWvjIt0WuLPm2QNnotBNir-c0F8sS_1eRhKoFeRwqFazbUlbZgSteVuTLHXObAJtCTNwbV2_9rg=w1000-h1000-c-n,42.4406777,-76.4847947,0.8785,True,3
190415,Cornell University,coffee,ChIJVaBhKgCB0IkR4BnEocC3M48,0x89d081002a61a055:0x8f33b7c0a1c419e0,Qahwah House Coffee - Ithaca,Coffee shop,"[""Coffee shop""]","139 Dryden Rd, Ithaca, NY 14850",,https://qahwahhouse.com/,4.9,88.0,$10–20,,{},{},{},,https://lh3.googleusercontent.com/gps-proxy/ALd4DhFHl4Yp5r20SZqK3-4fKwSlLZJFhFspZvxRLJ0LDCS8Nq-7FOyIwSVJSZmRhieBzkVvPY4kPovV20ZkY7ArGnirSQ8GyhK2RKKWC-vAp9_jLb5zBK6rZOkkFsOm3osqehDVIwfSD9cW0blOKNgjpe8hqWne_QFrvXz7B4zJAAm2KiLerFFaoBVC=w1000-h1000-c-n,42.4414433,-76.4860994,0.8494,True,3
190415,Cornell University,coffee,ChIJP1VWSwCB0IkRlVOsjBI2nks,0x89d081004b56553f:0x4b9e36128cac5395,Le Cafe,Coffee shop,"[""Coffee shop""]","319 College Ave, Ithaca, NY 14850",(607) 319-0115,,4.7,54.0,$1–10,Open · Closes 8:30 PM,"""Open \u00b7 Closes 8:30\u202fPM""","{""tuesday"": ""7:30\u202fAM\u20138:30\u202fPM"", ""wednesday"": ""7:30\u202fAM\u20138:30\u202fPM"", ""thursday"": ""7:30\u202fAM\u20138:30\u202fPM"", ""friday"": ""7:30\u202fAM\u20138:30\u202fPM"", ""saturday"": ""9\u202fAM\u20139\u202fPM"", ""sunday"": ""9\u202fAM\u20139\u202fPM"", ""monday"": ""7:30\u202fAM\u20138:30\u202fPM""}","{""dine_in"": true, ""takeout"": true, ""delivery"": false}",,https://lh3.googleusercontent.com/gps-cs-s/APNQkAFxcvLum3xSvS1QpRzR4nqQs3oi9JQaxo7CNeyc6VRP5ApEFr0StPGpmGjupqdXugDQ0sH4WNpZI5slme-BabcJaMgU69wRlhCCjlaP7XfjDSWk3iDy6JvWGFpOFivWHDfQ0Q9h=w1000-h1000-c-n,42.4412278,-76.4850232,0.8454,True,3
190415,Cornell University,coffee,ChIJicC3SIWD0IkRD6BREV3OsBs,0x89d0838548b7c089:0x1bb0ce5d1151a00f,Botanist Coffeehouse,Coffee shop,"[""Coffee shop""]","1201 N Tioga St, Ithaca, NY 14850",(607) 339-0088,https://botanistcoffeehouse.com/,4.7,190.0,$1–10,Closed · Opens 7 AM Wed,"""Closed \u00b7 Opens 7\u202fAM Wed""","{""tuesday"": ""7\u202fAM\u20132\u202fPM"", ""wednesday"": ""7\u202fAM\u20132\u202fPM"", ""thursday"": ""7\u202fAM\u20132\u202fPM"", ""friday"": ""7\u202fAM\u20132\u202fPM"", ""saturday"": ""7\u202fAM\u20132\u202fPM"", ""sunday"": ""Closed"", ""monday"": ""7\u202fAM\u20132\u202fPM""}","{""dine_in"": true, ""takeout"": true, ""delivery"": false}",,https://lh3.googleusercontent.com/gps-cs-s/APNQkAF_d-QWb5rMbz7FaLm0EbrYErc8FSse_3Em5_2OD5N8--4XAHS_BXdeDf85hp6AGNQYAZ-_kbiy9DJJj7EQUj2YQ7QBtXuYRDwvWOdP49k8Gfi4KNWMyopY9MDfVGyckWWsVSE_ZQ=w1000-h1000-c-n,42.4534975,-76.497605,0.8941,True,3
190415,Cornell University,coffee,ChIJ_e9KYYuB0IkR3GlS-OHLMZM,0x89d0818b614aeffd:0x9331cbe1f85269dc,Gimme! Coffee,Cafe,"[""Cafe""]","107 Hoy Rd, Ithaca, NY 14853",(607) 227-5391,http://www.gimmecoffee.com/,4.6,89.0,$1–10,Closes soon · 4 PM · Opens 8 AM Wed,"""Closes soon \u00b7 4\u202fPM \u00b7 Opens 8\u202fAM Wed""","{""tuesday"": ""8\u202fAM\u20134\u202fPM"", ""wednesday"": ""8\u202fAM\u20134\u202fPM"", ""thursday"": ""8\u202fAM\u20134\u202fPM"", ""friday"": ""8\u202fAM\u20134\u202fPM"", ""saturday"": ""Closed"", ""sunday"": ""Closed"", ""monday"": ""8\u202fAM\u20134\u202fPM""}","{""dine_in"": true, ""takeout"": true}","Petite espresso & specialty coffee bar. Espresso, drip brews & small-batch roasted coffee beans are the draws at this small cafe.",https://lh3.googleusercontent.com/gps-cs-s/APNQkAGgQ3fJGUDQ_oLYQzTiTOGD4Ou1sSuOkON10r62q-MEwiyTlno1aXXI6-hFCiFFlrN2bski5pGCu2IK5KVk08FdWMxAyZ-CKq13qwRlF5WH8JXG84i3QFRfxGDjDa31Z-nN9r8_=w1000-h1000-c-n,42.4449103,-76.4812869,0.556,True,3
190415,Cornell University,coffee,ChIJGxMzxIuB0IkRGQ6TdkazK1g,0x89d0818bc433131b:0x582bb34676930e19,Café Jennie,Cafe,"[""Cafe""]","135 Ho Plaza, Ithaca, NY 14853",(607) 255-8095,https://scl.cornell.edu/cafe-jennie,4.5,63.0,$10–20,Open · Closes 6 PM,"""Open \u00b7 Closes 6\u202fPM""","{""tuesday"": ""8:30\u202fAM\u20136\u202fPM"", ""wednesday"": ""8:30\u202fAM\u20136\u202fPM"", ""thursday"": ""8:30\u202fAM\u20136\u202fPM"", ""friday"": ""8:30\u202fAM\u20136\u202fPM"", ""saturday"": ""10\u202fAM\u20135\u202fPM"", ""sunday"": ""Closed"", ""monday"": ""8:30\u202fAM\u20136\u202fPM""}","{""dine_in"": true, ""takeout"": true, ""delivery"": false}",,https://lh3.googleusercontent.com/gps-cs-s/APNQkAEsfbbeAzVjmMrpesBVo1LjSQM9SVR5XqGSIc1NR6YruIcZ4ezDlwMpVIjk6dQxRG5dqhzK0qZKyWGxyFfIQ0sbPUhZodUSXNrWxT-7n-1XWWsFcw9sjRiD7ltNUY9EyplefN8=w1000-h1000-c-n,42.4467528,-76.4842065,0.4744,True,3
190415,Cornell University,coffee,ChIJOwLVQPKB0IkRr53Xc7-MN_0,0x89d081f240d5023b:0xfd378cbf73d79daf,Coal Yard Cafe,Coffee shop,"[""Coffee shop"", ""Breakfast restaurant""]","143 Maple Ave, Ithaca, NY 14850",(607) 277-0734,http://www.thecoalyardcafe.com/,4.5,466.0,$10–20,Closed · Opens 8 AM Wed,"""Closed \u00b7 Opens 8\u202fAM Wed""","{""tuesday"": ""Closed"", ""wednesday"": ""8\u202fAM\u20133\u202fPM"", ""thursday"": ""8\u202fAM\u20133\u202fPM"", ""friday"": ""8\u202fAM\u20133\u202fPM"", ""saturday"": ""9\u202fAM\u20133\u202fPM"", ""sunday"": ""9\u202fAM\u20133\u202fPM"", ""monday"": ""8\u202fAM\u20133\u202fPM""}","{""dine_in"": true, ""takeout"": true, ""delivery"": false}","Cozy spot for coffee, breakfast & lunch. Quaint coffee shop using beans from local roasters & offering baked goods, sandwiches & other food.",https://lh3.googleusercontent.com/gps-cs-s/APNQkAG6N9xSdZd-dx5Qu5foLBNbQEiKB3DuwS3iElrXWoUqItbbDUuEuuyQWu9VnJ4FZkd6kmWZP8lE2kFtSrplUwmkY-FtMSVRDHUcXZdg3zTJZZp9G2pqL7v8QuYyxbZnb8488B1-UA=w1000-h1000-c-n,42.4411031,-76.47538829999999,0.85,True,3
217156,Brown University,coffee,ChIJzwJzGQBF5IkRKobgMi2vKJU,0x89e44500197302cf:0x9528af2d32e0862a,BITTY & BEAU'S COFFEE,Coffee shop,"[""Coffee shop""]","100 N Main St, Providence, RI 02903",,https://www.bittyandbeauscoffee.com/location/providence/,4.8,64.0,$1–10,Closed · Opens 7 AM Wed,"""Closed \u00b7 Opens 7\u202fAM Wed""","{""tuesday"": ""7\u202fAM\u20133\u202fPM"", ""wednesday"": ""7\u202fAM\u20133\u202fPM"", ""thursday"": ""7\u202fAM\u20133\u202fPM"", ""friday"": ""7\u202fAM\u20133\u202fPM"", ""saturday"": ""7\u202fAM\u20133\u202fPM"", ""sunday"": ""7\u202fAM\u20133\u202fPM"", ""monday"": ""7\u202fAM\u20133\u202fPM""}","{""dine_in"": true, ""takeout"": true}",,https://lh3.googleusercontent.com/gps-cs-s/APNQkAEHmjP8SFMPOckSv0GhdRgguJv11667M2OnY8whAOxa-aeE462MQAO7Fp7F9w1zCXU4juxIGb3YEGPgBbjfhJGzyKsCjo1Q7zot9ucmyaUB25nTUD1AKmquWG0xZJnwwyLf6t-jJSm0OfVF=w1000-h1000-c-n,41.8278982,-71.4096338,0.3265,True,3
217156,Brown University,coffee,ChIJYUdmUVNF5IkRrpWt5jOVG1s,0x89e4455351664761:0x5b1b9533e6ad95ae,The Coffee Cup,Coffee shop,"[""Coffee shop"", ""Cafe""]","133 Providence Pl Level 1, Providence, RI 02903",(401) 999-7576,,4.7,153.0,$1–10,Open · Closes 7:30 PM,"""Open \u00b7 Closes 7:30\u202fPM""","{""tuesday"": ""9\u202fAM\u20137:30\u202fPM"", ""wednesday"": ""9\u202fAM\u20137:30\u202fPM"", ""thursday"": ""9\u202fAM\u20137:30\u202fPM"", ""friday"": ""9\u202fAM\u20138\u202fPM"", ""saturday"": ""9\u202fAM\u20139\u202fPM"", ""sunday"": ""9\u202fAM\u20136:30\u202fPM"", ""monday"": ""9\u202fAM\u20137:30\u202fPM""}","{""dine_in"": true, ""takeout"": true, ""delivery"": true}",,https://lh3.googleusercontent.com/gps-cs-s/APNQkAF24-ti02tNnhz9MIHUzY6hCRdtiSPnaZpWdvb56MAbr0A7GfuejqKFJoYEuMIl2dMeBTOW4n-QdV0SjkRjaKIohv1k-D5A7PVTAFt79JsTT9cj5gkeQgFDEhY3fDmTkrbyVjfS=w1000-h1000-c-n,41.8271857,-71.41638259999999,0.6217,True,3
217156,Brown University,coffee,ChIJ_YFajIZF5IkRjvNYLBR03tk,0x89e445868c5a81fd:0xd9de74142c58f38e,Rise 'n Shine Coffee Bar,Cafe,"[""Cafe""]","97 Holden St, Providence, RI 02908",(401) 340-5112,https://www.risenshineri.com/,4.7,225.0,$10–20,Closed · Opens 7 AM Wed,"""Closed \u00b7 Opens 7\u202fAM Wed""","{""tuesday"": ""7\u202fAM\u20133\u202fPM"", ""wednesday"": ""7\u202fAM\u20133\u202fPM"", ""thursday"": ""7\u202fAM\u20133\u202fPM"", ""friday"": ""7\u202fAM\u20133\u202fPM"", ""saturday"": ""8\u202fAM\u20133\u202fPM"", ""sunday"": ""8\u202fAM\u20133\u202fPM"", ""monday"": ""7\u202fAM\u20133\u202fPM""}","{""dine_in"": true, ""takeout"": true, ""delivery"": false}",,https://lh3.googleusercontent.com/gps-cs-s/APNQkAHFK9EX-wgTaMT0AJ0y8A_96Aqn0DZxol676wIwdFYJ7PUM4xKZDBYDaaoyYMhbYblIv5iVOSxlgGCF7iXBNZS2PKj4WW2hbrIScUqbscqEaYDsqFqpDyESUknrCSb4cHvAZ4gV=w1000-h1000-c-n,41.8313301,-71.4184556,0.6426,True,3
217156,Brown University,coffee,ChIJt9TMCkZF5IkR2cP2IGPbt8Y,0x89e445460accd4b7:0xc6b7db6320f6c3d9,The Landing - Providence,Cafe,"[""Cafe"", ""Gift shop"", ""Ice cream shop"", ""Souvenir store""]","101 Dyer St, Providence, RI 02903",(401) 580-2628,https://instagram.com/thelandingpvd,4.7,62.0,$1–10,Open · Closes 5 PM,"""Open \u00b7 Closes 5\u202fPM""","{""tuesday"": ""9\u202fAM\u20135\u202fPM"", ""wednesday"": ""9\u202fAM\u20135\u202fPM"", ""thursday"": ""9\u202fAM\u20135\u202fPM"", ""friday"": ""9\u202fAM\u20135\u202fPM"", ""saturday"": ""10\u202fAM\u20135\u202fPM"", ""sunday"": ""10\u202fAM\u20135\u202fPM"", ""monday"": ""9\u202fAM\u20135\u202fPM""}","{""dine_in"": true, ""takeout"": true, ""delivery"": false}",,https://lh3.googleusercontent.com/gps-proxy/ALd4DhECxPe-pSyttQ50OZ2B2wn3PKwVO_w8DOCIKms2ooCWTP8rIa8LD7JZ9UVDHmnsvSao-oyyllTjltMYuX-tgmP3d7c08C-LJxqbkEGPLzsEecaX9fPNayCNL3q6PUo9ZGefA1S_-ovrue5DkTVVycVxArNcXK0QJNDlN2Ll427N-yYgJ87JGMSoAA=w1000-h1000-c-n,41.823711,-71.4086437,0.573,True,3
217156,Brown University,coffee,ChIJ76_N2DxF5IkRyu-KhY1bFqE,0x89e4453cd8cdafef:0xa1165b8d858aefca,The Underground Coffee Company,Cafe,"[""Cafe""]","Brown University, 75 Waterman St, Providence, RI 02912",,https://www.facebook.com/theundergroundcoffeeshop,4.7,23.0,,Open · Closes 5 PM,"""Open \u00b7 Closes 5\u202fPM""","{""tuesday"": ""9\u202fAM\u20135\u202fPM"", ""wednesday"": ""9\u202fAM\u20135\u202fPM"", ""thursday"": ""9\u202fAM\u20135\u202fPM"", ""friday"": ""9\u202fAM\u20134\u202fPM"", ""saturday"": ""Closed"", ""sunday"": ""Closed"", ""monday"": ""9\u202fAM\u20135\u202fPM""}","{""dine_in"": true, ""takeout"": true, ""delivery"": false}",,https://lh3.googleusercontent.com/gps-cs-s/APNQkAEVoYVvdE7X4Z6OfmQV8GjOij_NBu-_MJeUIkk-BwqXMRG7GtSCLXuORPvjdSBlf1Tj2L_KmWCEoRGVkBi_wI6jEJWPf86w-CZo0Rt3whx4SVCG_c4ZAPvt8LiW0L2Ry61eGeE_=w1000-h1000-c-n,41.8268039,-71.403345,0.3687,True,3
182670,Dartmouth College,coffee,ChIJlwwJ4ufJtEwRVdBRXO4Z2OM,0x4cb4c9e7e2090c97:0xe3d819ee5c51d055,Dirt Cowboy Cafe,Cafe,"[""Cafe""]","7 S Main St, Hanover, NH 03755",(603) 643-1323,http://www.dirtcowboycafe.com/,4.3,225.0,$1–10,Closed · Opens 7 AM Wed,"""Closed \u00b7 Opens 7\u202fAM Wed""","{""tuesday"": ""7\u202fAM\u20132\u202fPM"", ""wednesday"": ""7\u202fAM\u20132\u202fPM"", ""thursday"": ""7\u202fAM\u20132\u202fPM"", ""friday"": ""7\u202fAM\u20132\u202fPM"", ""saturday"": ""7\u202fAM\u20132\u202fPM"", ""sunday"": ""9\u202fAM\u20132\u202fPM"", ""monday"": ""7\u202fAM\u20132\u202fPM""}","{""dine_in"": true, ""takeout"": true, ""delivery"": false}",,https://lh3.googleusercontent.com/gps-cs-s/APNQkAE_3WQzEo50m7jbhvUf0DS-8bw8cgIaLUXZNUW_-lmbqkqjidMgMmcwLhvMu1dal2L2SECJ31TiXuLUzGZHfkPJ57XlQxzewT3iN8QiMlxMNFdWW_kHUoT8RCXG682epUAD56Ui=w1000-h1000-c-n,43.7020602,-72.28958639999999,0.2932,True,3
182670,Dartmouth College,coffee,ChIJc1nyNubJtEwRDU_jNuwsE9s,0x4cb4c9e636f25973:0xdb132cec36e34f0d,Umpleby's Bakery Cafe,Cafe,"[""Cafe"", ""Bakery""]","3 South St, Hanover, NH 03755",(603) 643-3030,http://www.umplebys.com/,4.3,226.0,$10–20,Closed · Opens 8 AM Wed,"""Closed \u00b7 Opens 8\u202fAM Wed""","{""tuesday"": ""8\u202fAM\u20133\u202fPM"", ""wednesday"": ""8\u202fAM\u20133\u202fPM"", ""thursday"": ""8\u202fAM\u20133\u202fPM"", ""friday"": ""8\u202fAM\u20133\u202fPM"", ""saturday"": ""8\u202fAM\u20133\u202fPM"", ""sunday"": ""8\u202fAM\u20133\u202fPM"", ""monday"": ""8\u202fAM\u20133\u202fPM""}","{""dine_in"": true, ""takeout"": true, ""delivery"": false}","Quaint American cafe & pastry shop. Family-run bakery & American cafe serving breakfast, lunch & various desserts in wood-accented digs.",https://lh3.googleusercontent.com/gps-cs-s/APNQkAGg2EKWyBEKmtPgRT2OAUjMlYCS-QhChD6hDG43Vb51mX2b0bgGKkGp1DpJ-pHqSd_Xr4LeV39_0qaFL0NUgbulPSDrq6kuxV1Yjwsgwtd_ZZk0WWQZvu47NjibxIrasU_g1HA=w1000-h1000-c-n,43.69993,-72.2888321,0.4239,True,3
182670,Dartmouth College,coffee,ChIJ8SbL3efJtEwRFAOBYXmo-ds,0x4cb4c9e7ddcb26f1:0xdbf9a87961810314,Lou's Restaurant & Bakery,Coffee shop,"[""Coffee shop"", ""Bakery"", ""Breakfast restaurant"", ""Cafe"", ""Catering food and drink supplier"", ""American restaurant"", ""Espresso bar"", ""Lunch restaurant"", ""Salad shop"", ""Sandwich shop""]","30 S Main St, Hanover, NH 03755",(603) 643-3321,https://lousrestaurant.com/,4.6,1409.0,$10–20,Closed · Opens 6:30 AM Wed,"""Closed \u00b7 Opens 6:30\u202fAM Wed""","{""tuesday"": ""6:30\u202fAM\u20133\u202fPM"", ""wednesday"": ""6:30\u202fAM\u20133\u202fPM"", ""thursday"": ""6:30\u202fAM\u20133\u202fPM"", ""friday"": ""6:30\u202fAM\u20133\u202fPM"", ""saturday"": ""6:30\u202fAM\u20133\u202fPM"", ""sunday"": ""6:30\u202fAM\u20133\u202fPM"", ""monday"": ""6:30\u202fAM\u20133\u202fPM""}","{""dine_in"": true, ""takeout"": true, ""no_contact_delivery"": true}","Local institution for breakfast & lunch. Breakfasts, diner-style lunches & baked treats in an old-timey locale open since 1947.",https://lh3.googleusercontent.com/gps-cs-s/APNQkAEGk28QXbIIEIUbjr_CYtUwRhcSLakou4Q8WYGr3xkxcc1nyixVzuGHil78FMivgznF6KIUZvoKkTRmYHMMN1TRWuxzZ1tiTaUQW2xSR5yPn9tnJFYOBNgeLmOlrLyisbgP1oSr=w1000-h1000-c-n,43.7015143,-72.2892181,0.3315,True,3
182670,Dartmouth College,coffee,ChIJc-HLTbzJtEwRNUyLHK6Vg50,0x4cb4c9bc4dcbe173:0x9d8395ae1c8b4c35,My Brigadeiro,Coffee shop,"[""Coffee shop"", ""Brazilian restaurant"", ""Breakfast restaurant"", ""Chocolate cafe"", ""Bakery"", ""Dessert shop"", ""Lunch restaurant"", ""Sandwich shop""]","33 S Main St, Hanover, NH 03755",(603) 277-2187,http://www.mybrigadeiro.com/,4.5,233.0,$10–20,Closes soon · 4 PM · Opens 8 AM Wed,"""Closes soon \u00b7 4\u202fPM \u00b7 Opens 8\u202fAM Wed""","{""tuesday"": ""8\u202fAM\u20134\u202fPM"", ""wednesday"": ""8\u202fAM\u20134\u202fPM"", ""thursday"": ""8\u202fAM\u20134\u202fPM"", ""friday"": ""8\u202fAM\u20135\u202fPM"", ""saturday"": ""8\u202fAM\u20135\u202fPM"", ""sunday"": ""9\u202fAM\u20135\u202fPM"", ""monday"": ""8\u202fAM\u20133\u202fPM""}","{""dine_in"": true, ""curbside_pickup"": true, ""no_contact_delivery"": true}",,https://lh3.googleusercontent.com/gps-cs-s/APNQkAEWNVckYmqX_ju1f1uSyp6dTkfZTYvFGUBbR8Zop_v_bbaXFsSUKHHTtjAGUJP0LKv2SmvuipchQKt0xHL0gTTUC2RytG5yfUFS9OOLB2UMxA4TSSaOW8Km-3KQiDi3SJKXsIrt=w1000-h1000-c-n,43.7015372,-72.2896215,0.3155,True,3
182670,Dartmouth College,coffee,ChIJdyyAarPJtEwRRiYt9FV8VY8,0x4cb4c9b36a802c77:0x8f557c55f42d2646,Still North Books & Bar,Cafe,"[""Cafe"", ""Bar"", ""Book store""]","3 Allen St, Hanover, NH 03755",(603) 676-7846,http://www.stillnorthbooks.com/,4.7,160.0,,Open · Closes 6 PM,"""Open \u00b7 Closes 6\u202fPM""","{""tuesday"": ""9\u202fAM\u20136\u202fPM"", ""wednesday"": ""9\u202fAM\u20136\u202fPM"", ""thursday"": ""9\u202fAM\u20139\u202fPM"", ""friday"": ""9\u202fAM\u20139\u202fPM"", ""saturday"": ""9\u202fAM\u20136\u202fPM"", ""sunday"": ""11\u202fAM\u20134\u202fPM"", ""monday"": ""9\u202fAM\u20136\u202fPM""}","{""in_store_shopping"": true, ""curbside_pickup"": true}",,https://lh3.googleusercontent.com/gps-proxy/ALd4DhGz0hNg9NBL04pK5Xuhnwk6FFZvdV-WCkzQmyd-xqsNLqgJ872frM1pKQiVrXzFOxGpSJJQvRolv8VYd6pW1okB5NVXeY5yrM6H6_gAoJ0Cw3dTCkdJWRFuCdgIjJG52mdM4KF59wy9Zh2LXr3pniNT7hPHS2VjO0MBibFV7ZILe227OCghfC0W=w1000-h1000-c-n,43.7015346,-72.28997129999999,0.3032,True,3
182670,Dartmouth College,coffee,ChIJ2fNH3JbJtEwRY4ux_JvoieE,0x4cb4c996dc47f3d9:0xe189e89bfcb18b63,King Arthur Baking Company,Cafe,"[""Cafe"", ""Baking supply store"", ""Bakery"", ""Culinary school"", ""Kitchen supply store""]","135 US-5, Norwich, VT 05055",(802) 649-3361,http://www.kingarthurflour.com/visit/,4.5,972.0,$10–20,Open · Closes 5:30 PM,"""Open \u00b7 Closes 5:30\u202fPM""","{""tuesday"": ""7:30\u202fAM\u20135:30\u202fPM"", ""wednesday"": ""7:30\u202fAM\u20135:30\u202fPM"", ""thursday"": ""7:30\u202fAM\u20135:30\u202fPM"", ""friday"": ""7:30\u202fAM\u20135:30\u202fPM"", ""saturday"": ""7:30\u202fAM\u20135:30\u202fPM"", ""sunday"": ""7:30\u202fAM\u20135:30\u202fPM"", ""monday"": ""7:30\u202fAM\u20135:30\u202fPM""}","{""dine_in"": true, ""takeout"": true}","Iconic flour brand bakeshop & cafe. Well-known flour brick-&-mortar outpost featuring a bakery & a cafe, plus an adjacent retail store.",https://lh3.googleusercontent.com/gps-cs-s/APNQkAFQowX6Zx0Dyx0fAg_JYtNysmtEgWB7TlU8FAcB4viz_LHXfOOLVG7FJ4H6vaYt27WRHwoKIRV6tJLhPVImmsf16ntvB5tKk2VVGztWXiVZoCpSLRSNhELNE_Kqssxi6NStRVI=w1000-h1000-c-n,43.7027653,-72.3112708,0.8624,True,3
182670,Dartmouth College,coffee,ChIJj8S40efJtEwRVu0KYR8T8Hs,0x4cb4c9e7d1b8c48f:0x7bf0131f610aed56,Starbucks Coffee Company,Coffee shop,"[""Coffee shop"", ""Breakfast restaurant"", ""Cafe"", ""Coffee store"", ""Espresso bar"", ""Internet cafe""]","Campion Building, 44 S Main St, Hanover, NH 03755",(603) 643-4882,https://www.starbucks.com/store-locator/store/90327/,4.0,316.0,$1–10,Open · Closes 8 PM,"""Open \u00b7 Closes 8\u202fPM""","{""tuesday"": ""5\u202fAM\u20138\u202fPM"", ""wednesday"": ""5\u202fAM\u20138\u202fPM"", ""thursday"": ""5\u202fAM\u20138\u202fPM"", ""friday"": ""5\u202fAM\u20138\u202fPM"", ""saturday"": ""5\u202fAM\u20138\u202fPM"", ""sunday"": ""5\u202fAM\u20138\u202fPM"", ""monday"": ""5\u202fAM\u20138\u202fPM""}","{""dine_in"": true, ""drive_through"": true, ""delivery"": true}","Iconic coffeehouse chain. Welcoming coffeehouse with handcrafted coffee, espresso & tea, plus breakfast, lunch & pastries.",https://lh3.googleusercontent.com/gps-cs-s/APNQkAG4txUa7hQgihHcZXbgg-HPXMrGS1zH5eBCIiu_LfMnnd08eAAaOYdfClQCPHJvK6G0okOsaqOWulFqSG1UB9F6zfZc-covJaMd-4Up9w_cHYD6WP5AMrOzuaawXTg0QFLpUqI=w1000-h1000-c-n,43.70094,-72.28932,0.3553,True,3
182670,Dartmouth College,coffee,ChIJsUkNPwC1tEwRBfCWg6O37mo,0x4cb4b5003f0d49b1:0x6aeeb7a38396f005,Starbucks Coffee Company,Coffee shop,"[""Coffee shop"", ""Breakfast restaurant"", ""Cafe"", ""Coffee store"", ""Espresso bar"", ""Internet cafe""]","8 Centerra Pkwy, Lebanon, NH 03766",(603) 319-4992,,4.1,15.0,$1–10,Open · Closes 9 PM,"""Open \u00b7 Closes 9\u202fPM""","{""tuesday"": ""4:30\u202fAM\u20139\u202fPM"", ""wednesday"": ""4:30\u202fAM\u20139\u202fPM"", ""thursday"": ""4:30\u202fAM\u20139\u202fPM"", ""friday"": ""4:30\u202fAM\u20139\u202fPM"", ""saturday"": ""4:30\u202fAM\u20139\u202fPM"", ""sunday"": ""4:30\u202fAM\u20139\u202fPM"", ""monday"": ""4:30\u202fAM\u20139\u202fPM""}","{""dine_in"": true, ""drive_through"": true, ""delivery"": false}","Iconic coffeehouse chain. Welcoming coffeehouse with handcrafted coffee, espresso & tea, plus breakfast, lunch & pastries.",https://lh3.googleusercontent.com/gps-cs-s/APNQkAHOyCXvlZCx6-gYZKmeovurn5D3PfjPL95-uMy7r3CPe4g5aBgO0cYkilXIxG9IyUIKkGmF8tps-wt82-f8YYzYBGQ5ID15nTeY34LQ_fpY_KmmmiQWEN49hNTv3APQpqNodgkfuF4ujksA=w1000-h1000-c-n,43.6753,-72.26017999999999,2.6476,True,3
190150,Columbia University in the City of New York,coffee,ChIJs-LyLYP3wokRjpoo2RaywV8,0x89c2f7832df2e2b3:0x5fc1b216d9289a8e,Sojourner Coffee,Coffee shop,"[""Coffee shop""]","137 W 116th St, New York, NY 10026",(917) 265-8996,,4.9,204.0,$1–10,Closed · Opens 7:30 AM Wed,"""Closed \u00b7 Opens 7:30\u202fAM Wed""","{""tuesday"": ""7:30\u202fAM\u20133\u202fPM"", ""wednesday"": ""7:30\u202fAM\u20133\u202fPM"", ""thursday"": ""7:30\u202fAM\u20133\u202fPM"", ""friday"": ""7:30\u202fAM\u20133\u202fPM"", ""saturday"": ""8\u202fAM\u20133\u202fPM"", ""sunday"": ""8\u202fAM\u20133\u202fPM"", ""monday"": ""7:30\u202fAM\u20133\u202fPM""}","{""dine_in"": true, ""takeout"": true, ""delivery"": false}",,https://lh3.googleusercontent.com/gps-cs-s/APNQkAFGq4wiQoi_By5GR95AHS0CpcYjNlqz_SaeZBzTxauJNDCHyTjH7sgVDL7p9clff_VPzHWmmvZOGiJTtTocbOGpnHn5iNgBjoCpgZ_shaVtCkiITbnOWWA65vAlQP_KdnHPzBMX=w1000-h1000-c-n,40.8029381,-73.9511595,0.6795,True,3
190150,Columbia University in the City of New York,coffee,ChIJme12g9P3wokRizvkjgImi7U,0x89c2f7d38376ed99:0xb58b26028ee43b8b,Park Cafe,Coffee shop,"[""Coffee shop"", ""American restaurant"", ""Mediterranean restaurant""]","153 Manhattan Ave, New York, NY 10025",(516) 749-0697,,4.8,365.0,$1–20,Open · Closes 6 PM,"""Open \u00b7 Closes 6\u202fPM""","{""tuesday"": ""8\u202fAM\u20136\u202fPM"", ""wednesday"": ""8\u202fAM\u20136\u202fPM"", ""thursday"": ""8\u202fAM\u20136\u202fPM"", ""friday"": ""8\u202fAM\u20136\u202fPM"", ""saturday"": ""8\u202fAM\u20136\u202fPM"", ""sunday"": ""8\u202fAM\u20136\u202fPM"", ""monday"": ""8\u202fAM\u20136\u202fPM""}","{""dine_in"": true, ""curbside_pickup"": true, ""no_contact_delivery"": true}",,https://lh3.googleusercontent.com/gps-cs-s/APNQkAEpZSEfW5kWHFmPofJfXwNiaOc5_ZQIzB_J_VmLj8PDmIY4egJXKKaIYzeHlYdNT0JrbwA1mqXZ5wkaTiUuAzLPhxk7EQRQcPwfXvcesSxXi16plZ6VdM8YSgyKImzosApe5g_MoQ=w1000-h1000-c-n,40.7995421,-73.96117,0.5714,True,3
110635,University of California-Berkeley,coffee,ChIJq24tLwB_hYAROr8Bv8-aqmM,0x80857f002f2d6eab:0x63aa9acfbf01bf3a,Qahwa Time,Coffee shop,"[""Coffee shop""]","2440 Shattuck Ave., Berkeley, CA 94704",(510) 898-1412,http://qahwatime.co/,4.8,96.0,$1–10,Open · Closes 11 PM,"""Open \u00b7 Closes 11\u202fPM""","{""tuesday"": ""7:30\u202fAM\u201311\u202fPM"", ""wednesday"": ""8\u202fAM\u201311\u202fPM"", ""thursday"": ""7:30\u202fAM\u201311\u202fPM"", ""friday"": ""7:30\u202fAM\u201311\u202fPM"", ""saturday"": ""7:30\u202fAM\u201311\u202fPM"", ""sunday"": ""7:30\u202fAM\u201311\u202fPM"", ""monday"": ""8\u202fAM\u201311\u202fPM""}","{""dine_in"": true, ""takeout"": true, ""delivery"": false}",,https://lh3.googleusercontent.com/gps-cs-s/APNQkAGxm_jJ8IvzA5w3q-_vRoh7C24Kjxhoh7aD-xPr2TNyBLe_61c07S8L0bu2JSM27zIRxQN1xBN6TBcDagAgmaBSfN21ykHcGWxt8zre0Hn0JCT1-KnKd-Z7eGLSmWeZl-4BvsesgSXpEBhP=w1000-h1000-c-n,37.8649863,-122.2679143,0.701,True,3
110635,University of California-Berkeley,coffee,ChIJ7dJBCex_hYARJxnNxhPjJas,0x80857fec0941d2ed:0xab25e313c6cd1927,Sasha Coffee,Coffee shop,"[""Coffee shop"", ""Cafe"", ""Coffee store""]","2023 Center St, Berkeley, CA 94704",(510) 859-8717,https://www.sashacoffee.com/,4.9,56.0,$1–10,Open · Closes 2 PM,"""Open \u00b7 Closes 2\u202fPM""","{""tuesday"": ""7\u202fAM\u20132\u202fPM"", ""wednesday"": ""7\u202fAM\u20132\u202fPM"", ""thursday"": ""7\u202fAM\u20132\u202fPM"", ""friday"": ""7\u202fAM\u20132\u202fPM"", ""saturday"": ""Closed"", ""sunday"": ""Closed"", ""monday"": ""7\u202fAM\u20132\u202fPM""}","{""dine_in"": true, ""curbside_pickup"": true, ""delivery"": false}",,https://lh3.googleusercontent.com/gps-cs-s/APNQkAFaNJkt-Bt5lsFBsdvicZvQ_LmfZ0LyIw3uqx9J3t8GakO42R9mQM1Fecq1mhnjDJ00PQxvXwnM29msVbpJOOqxIIrjS6Bqj0yGPPNxI19JFPgJvbzw3dJyLNTue2nJupONqLpk=w1000-h1000-c-n,37.870288,-122.2699063,0.7704,True,3
110635,University of California-Berkeley,coffee,ChIJiUEa04R_hYARQoJ4XeozajU,0x80857f84d31a4189:0x356a33ea5d788242,Bench Café • Pâtisserie,Cafe,"[""Cafe""]","1947 Martin Luther King Jr Way, Berkeley, CA 94704",,https://instagram.com/benchberkeley,5.0,129.0,$1–10,Open · Closes 3 PM,"""Open \u00b7 Closes 3\u202fPM""","{""tuesday"": ""8\u202fAM\u20133\u202fPM"", ""wednesday"": ""8\u202fAM\u20133\u202fPM"", ""thursday"": ""8\u202fAM\u20133\u202fPM"", ""friday"": ""8\u202fAM\u20133\u202fPM"", ""saturday"": ""8\u202fAM\u20133\u202fPM"", ""sunday"": ""Closed"", ""monday"": ""8\u202fAM\u20131\u202fPM""}","{""dine_in"": true, ""takeout"": true}",,https://lh3.googleusercontent.com/gps-proxy/ALd4DhF-aeDwmb4F-xd03c-UInmCYyPusfwrlDJtP-IvX8Mzv0ZpxJwTDmF7HiTgMa_1144zgOPbkZTqX_Ecn1e_VClRET4TkDf8eSwYdV7-SUoEXWV6FsxQ24bgvD-9E73LidHFq2R2_wuKs7-LhiRzjDgqY6b3IARn-zfRJ5e5kpW_8Su42TwM03YA=w1000-h1000-c-n,37.8719228,-122.2728455,0.9496,True,3
110635,University of California-Berkeley,coffee,ChIJQZB1_yB_hYARYGKHL3uvmh8,0x80857f20ff759041:0x1f9aaf7b2f876260,Roast & Toast Cafe,Coffee shop,"[""Coffee shop"", ""Cafe""]","1746 Shattuck Ave., Berkeley, CA 94709",(341) 946-9824,https://order.online/business/roasttoast-cafe-13884177,4.8,195.0,$10–20,Open · Closes 8 PM,"""Open \u00b7 Closes 8\u202fPM""","{""tuesday"": ""8\u202fAM\u20138\u202fPM"", ""wednesday"": ""8\u202fAM\u20138\u202fPM"", ""thursday"": ""8\u202fAM\u20138\u202fPM"", ""friday"": ""8\u202fAM\u20139\u202fPM"", ""saturday"": ""8\u202fAM\u20139\u202fPM"", ""sunday"": ""8\u202fAM\u20138\u202fPM"", ""monday"": ""8\u202fAM\u20138\u202fPM""}","{""dine_in"": true, ""takeout"": true, ""delivery"": true}",,https://lh3.googleusercontent.com/gps-proxy/ALd4DhF-AXic0eC_h6DlcqMna9bNCPuq3QIZbdh5Ghj4R-px8u30sw0ELq67oPQdbktm5gOgUblomtL-DoafoJj1XXPsZcLpFPgNO2ukDxUVUaf_n7BNoiH5yCfAiZfnjg5yEkpsTay0vcKI8-ZST34DLd7sOBkm8BjvthGCEkfKw783JuB1Y9zhFiPi=w1000-h1000-c-n,37.8758159,-122.2690731,0.8707,True,3
110635,University of California-Berkeley,coffee,ChIJxapf8PF_hYARPg1Ki7Ws9pE,0x80857ff1f05faac5:0x91f6acb58b4a0d3e,MY Coffee Roastery,Coffee shop,"[""Coffee shop"", ""Cafe"", ""Coffee roastery""]","2080 Martin Luther King Jr Way, Berkeley, CA 94704",,http://mycoffeeroastery.com/,4.7,408.0,$1–10,Closed · Opens 8 AM Wed,"""Closed \u00b7 Opens 8\u202fAM Wed""","{""tuesday"": ""Closed"", ""wednesday"": ""8\u202fAM\u20134\u202fPM"", ""thursday"": ""8\u202fAM\u20134\u202fPM"", ""friday"": ""8\u202fAM\u20134\u202fPM"", ""saturday"": ""8:30\u202fAM\u20134\u202fPM"", ""sunday"": ""8:30\u202fAM\u20134\u202fPM"", ""monday"": ""Closed""}","{""dine_in"": true, ""takeout"": true, ""delivery"": false}","Whimsical venue for high-minded coffee. A cozy, cottage-like coffee shop featuring hand-selected, locally roasted beans plus a few pastries.",https://lh3.googleusercontent.com/gps-cs-s/APNQkAFbZL_xe0WOyN3yasim_TF8XgWnaOnhZmME-wtJz4pB2qARqa4X3wV7ttuDmsVGXnSKek2s-HF39g-hNPRF43qd5ZRxvy4g_sIoxtRiVJLS0qX25-kfRK9WAeTuFwoewO7A8ofU=w1000-h1000-c-n,37.8707119,-122.2731315,0.9487,True,3
110635,University of California-Berkeley,coffee,ChIJicouFp5-hYARIzSz_j7Qr0k,0x80857e9e162eca89:0x49afd03efeb33423,Sightglass Coffee,Coffee shop,"[""Coffee shop""]","2169 University Ave, Berkeley, CA 94704",,https://sightglasscoffee.com/,4.8,10.0,$10–20,Open · Closes 5 PM,"""Open \u00b7 Closes 5\u202fPM""","{""tuesday"": ""6:30\u202fAM\u20135\u202fPM"", ""wednesday"": ""6:30\u202fAM\u20135\u202fPM"", ""thursday"": ""6:30\u202fAM\u20135\u202fPM"", ""friday"": ""6:30\u202fAM\u20135\u202fPM"", ""saturday"": ""7\u202fAM\u20135\u202fPM"", ""sunday"": ""7\u202fAM\u20135\u202fPM"", ""monday"": ""6:30\u202fAM\u20135\u202fPM""}","{""dine_in"": true, ""takeout"": true, ""delivery"": true}",,https://lh3.googleusercontent.com/gps-cs-s/APNQkAEbfBgDb0L7llos1-llkGme2UE2TkbCDWcB63X41N2NC03Ue7zp3zc1j2BOp86iRQD6_0ZdeSHhctbMDOt5J5XbMKu2DT1TEbSneJo58O6pwCZEu-n8dMeZgrZXhFhXBTCmOcDZVs1rESU=w1000-h1000-c-n,37.8727264,-122.266456,0.639,True,3
110635,University of California-Berkeley,coffee,ChIJm5o2Dmd9hYARUfPTq2Y_oV0,0x80857d670e369a9b:0x5da13f66abd3f351,The Line Coffee,Coffee shop,"[""Coffee shop"", ""Bakery""]","3001 Telegraph Ave E, Berkeley, CA 94705",,http://thelinecoffee.square.site/,4.7,107.0,$1–10,Open · Closes 3 PM,"""Open \u00b7 Closes 3\u202fPM""","{""tuesday"": ""6\u202fAM\u20133\u202fPM"", ""wednesday"": ""6\u202fAM\u20133\u202fPM"", ""thursday"": ""6\u202fAM\u20133\u202fPM"", ""friday"": ""6\u202fAM\u20133\u202fPM"", ""saturday"": ""7\u202fAM\u20132\u202fPM"", ""sunday"": ""8\u202fAM\u20132\u202fPM"", ""monday"": ""6\u202fAM\u20133\u202fPM""}","{""dine_in"": true, ""takeout"": true, ""delivery"": false}",,https://lh3.googleusercontent.com/gps-cs-s/APNQkAFAMgMw5CsBAZe4us7p7qm95nWKII71sWiuNPsD329K9rCT5_ulAybmVms1W909viK8EDyjP_Wys5uXQKKIA1SrR4CZ6dT2V4klTHMR1RSQPCS4qyi3vMl5QBajL3VFCfdJRmWsmzzhp3k=w1000-h1000-c-n,37.8557747,-122.2595265,0.9115,True,3
110662,University of California-Los Angeles,coffee,ChIJESgdc5i9woARy1iD7Y2CQIs,0x80c2bd98731d2811:0x8b40828ded8358cb,Driply Coffee Space,Coffee shop,"[""Coffee shop""]","741 Gayley Ave, Los Angeles, CA 90024",,https://www.driply.coffee/,5.0,26.0,$1–10,Closed,"""Closed""","{""tuesday"": ""Closed"", ""wednesday"": ""Closed"", ""thursday"": ""Closed"", ""friday"": ""Closed"", ""saturday"": ""Closed"", ""sunday"": ""Closed"", ""monday"": ""Closed""}","{""dine_in"": true, ""curbside_pickup"": true}",,https://lh3.googleusercontent.com/gps-proxy/ALd4DhGa0CIo7Rx7SfYOW4ua8ZtsP24dd5t9mCmBFBhct-khG0OJSmT0AIvdKAMbphICNW51H6OtOO-tnJgBc6pdR6QFy4B5sUmC-ieiDTcJyrIjdGAp7IX7EG63Hp-SsY00AMqUIPgYfSUM7-tKlsW1bEs_3oIk-S_F3BxYDtCsy3gKQpVt17TxEpwh=w1000-h1000-c-n,34.0645107,-118.4484743,0.8987,True,3
221999,Vanderbilt University,coffee,ChIJy76_7sZnZIgR3Fi7wf-eumw,0x886467c6eebfbecb:0x6cba9effc1bb58dc,Silver Fox Coffee Lounge,Coffee shop,"[""Coffee shop""]","1001 16th Ave S, Nashville, TN 37203",(615) 208-4085,https://silverfoxcoffee.co/,4.8,108.0,$1–10,Closes soon · 3 PM · Opens 7 AM Wed,"""Closes soon \u00b7 3\u202fPM \u00b7 Opens 7\u202fAM Wed""","{""tuesday"": ""7\u202fAM\u20133\u202fPM"", ""wednesday"": ""7\u202fAM\u20133\u202fPM"", ""thursday"": ""7\u202fAM\u20133\u202fPM"", ""friday"": ""7\u202fAM\u20133\u202fPM"", ""saturday"": ""7\u202fAM\u20133\u202fPM"", ""sunday"": ""7\u202fAM\u20133\u202fPM"", ""monday"": ""7\u202fAM\u20133\u202fPM""}","{""dine_in"": true, ""takeout"": true, ""delivery"": false}",,https://lh3.googleusercontent.com/gps-cs-s/APNQkAFMI8KC5roqUwb5Xb_93yzljqR0qU0tltVYkNLaJXCU6hLllLVQFqBZFcdApatYSKjHpDBsGffcY7dRQuItoGPq906Kh_Icn1_Y3N8yuFLstIrhGkECVN--yCsvG12L7TcHpuba43zw_yUX=w1000-h1000-c-n,36.1466086,-86.7926877,0.5829,True,3
221999,Vanderbilt University,coffee,ChIJiccqkOVnZIgRZBqTXSZ0Lkg,0x886467e5902ac789:0x482e74265d931a64,Paradeisos Coffee Company,Coffee shop,"[""Coffee shop""]","2813 West End Ave, Nashville, TN 37203",(629) 203-6047,http://www.paradeisoscoffee.com/,4.8,213.0,$1–20,Open · Closes 4 PM,"""Open \u00b7 Closes 4\u202fPM""","{""tuesday"": ""7\u202fAM\u20134\u202fPM"", ""wednesday"": ""7\u202fAM\u20134\u202fPM"", ""thursday"": ""7\u202fAM\u20134\u202fPM"", ""friday"": ""7\u202fAM\u20134\u202fPM"", ""saturday"": ""8\u202fAM\u20134\u202fPM"", ""sunday"": ""Closed"", ""monday"": ""7\u202fAM\u20134\u202fPM""}","{""dine_in"": true, ""curbside_pickup"": true, ""no_contact_delivery"": true}",,https://lh3.googleusercontent.com/gps-cs-s/APNQkAE6kqLicHWcyJaHIW2UnMzu1zsHmIM3D3ZoCjj0Vb4hD8y7qio4xsAdjeCCjI3eFTOXozjwo5Ucp3ZH7MGTocxFuPrDxZW-tbI40swXJLAUa3VWJvMit7tYzUW1Ta2kjjDJXEuxJCC8GXtg=w1000-h1000-c-n,36.1448084,-86.8122664,0.6228,True,3
221999,Vanderbilt University,coffee,ChIJm39L3IdnZIgRcFAN2rnfgzI,0x88646787dc4b7f9b:0x3283dfb9da0d5070,KAHAWA,Coffee shop,"[""Coffee shop"", ""African restaurant"", ""Breakfast restaurant"", ""Cafe"", ""Restaurant""]","120 21st Ave N, Nashville, TN 37203",(629) 777-2827,https://kahawacoffeehouse.com/,4.8,157.0,$10–20,Open · Closes 10 PM,"""Open \u00b7 Closes 10\u202fPM""","{""tuesday"": ""7\u202fAM\u201310\u202fPM"", ""wednesday"": ""7\u202fAM\u201310\u202fPM"", ""thursday"": ""7\u202fAM\u201310\u202fPM"", ""friday"": ""7\u202fAM\u201310\u202fPM"", ""saturday"": ""8\u202fAM\u201310\u202fPM"", ""sunday"": ""8\u202fAM\u201310\u202fPM"", ""monday"": ""7\u202fAM\u201310\u202fPM""}","{""dine_in"": true, ""takeout"": true}",,https://lh3.googleusercontent.com/gps-cs-s/APNQkAG-MiVngypSKxSK-X9OGpFs7Vt3D47tzSI4y-a8-8ZIrMc8t8cargTeELhnL-goTvC0thLDhk7UsMeXAYGweJ_EdIEAjV9s3k8zwab31A9FhqK1yIZGfE0cX8KuR-ZLmgPAKrNZNE5yRgfV=w1000-h1000-c-n,36.1514196,-86.80169839999999,0.1546,True,3
170976,University of Michigan-Ann Arbor,coffee,ChIJnYzDIo-vPIgRHldbPj2NrLc,0x883caf8f22c38c9d:0xb7ac8d3d3e5b571e,Jabal Coffee House,Coffee shop,"[""Coffee shop""]","341 E Huron St, Ann Arbor, MI 48104",(734) 544-5450,https://jabalcoffeehouse.com/,4.8,67.0,$1–10,Open · Closes 11 PM,"""Open \u00b7 Closes 11\u202fPM""","{""tuesday"": ""8\u202fAM\u201311\u202fPM"", ""wednesday"": ""8\u202fAM\u201311\u202fPM"", ""thursday"": ""8\u202fAM\u201311\u202fPM"", ""friday"": ""8\u202fAM\u201312\u202fAM"", ""saturday"": ""8\u202fAM\u201312\u202fAM"", ""sunday"": ""8\u202fAM\u201311\u202fPM"", ""monday"": ""8\u202fAM\u201311\u202fPM""}","{""dine_in"": true, ""curbside_pickup"": true, ""no_contact_delivery"": true}",,https://lh3.googleusercontent.com/gps-cs-s/APNQkAHRB-vLoHWao-Oen5nkTeWjZSvm6scJSXzN6t0KvKnoGPmhU_Ruv73YWofbobBlKYQHJJdLPCe8eu8t15Lgna79z7ZUSciX1oQ-37H8SQ7EpHc_YP2_YS4DLGT1F2vX0Mn27WVoBfFO6TG3=w1000-h1000-c-n,42.2816167,-83.7441896,0.5392,True,3
170976,University of Michigan-Ann Arbor,coffee,ChIJ0T9zw1quPIgR27c0byIC6DY,0x883cae5ac3733fd1:0x36e802226f34b7db,The Common Cup,Coffee shop,"[""Coffee shop""]","1511 Washtenaw Ave, Ann Arbor, MI 48104",(734) 327-6914,http://www.commoncupcoffee.com/,4.8,270.0,$1–10,Open · Closes 5 PM,"""Open \u00b7 Closes 5\u202fPM""","{""tuesday"": ""8:30\u202fAM\u20135\u202fPM"", ""wednesday"": ""8:30\u202fAM\u20135\u202fPM"", ""thursday"": ""8:30\u202fAM\u20135\u202fPM"", ""friday"": ""8:30\u202fAM\u20135\u202fPM"", ""saturday"": ""8:30\u202fAM\u20135\u202fPM"", ""sunday"": ""Closed"", ""monday"": ""8:30\u202fAM\u20135\u202fPM""}","{""dine_in"": true, ""takeout"": true, ""delivery"": false}","Non-profit coffeehouse destination. Serious coffee drinks are served with teas, smoothies & sodas at this non-profit cafe.",https://lh3.googleusercontent.com/gps-cs-s/APNQkAFS_dfcimGsC-s5TBkNntGlv94lHEKvpq-3zSP9e13exvJg-yja5n7FA-VkHp4KUWiVxXIokZYQbbnKVgXrZ7GktqEAGHceN6SG63sTBFIQ9uRSIajpmWki_rCx2B4aLIr-ccU38A=w1000-h1000-c-n,42.2739109,-83.72851059999999,0.4327,True,3
170976,University of Michigan-Ann Arbor,coffee,ChIJf8vLwFqvPIgRlcIOjS1uLhw,0x883caf5ac0cbcb7f:0x1c2e6e2d8d0ec295,Hyperion Coffee Co - Ann Arbor,Cafe,"[""Cafe""]","111 W Liberty St, Ann Arbor, MI 48104",(734) 510-0398,http://hyperioncoffee.com/,4.7,239.0,$1–10,Open · Closes 6 PM,"""Open \u00b7 Closes 6\u202fPM""","{""tuesday"": ""7\u202fAM\u20136\u202fPM"", ""wednesday"": ""7\u202fAM\u20136\u202fPM"", ""thursday"": ""7\u202fAM\u20136\u202fPM"", ""friday"": ""7\u202fAM\u20136\u202fPM"", ""saturday"": ""7\u202fAM\u20136\u202fPM"", ""sunday"": ""7\u202fAM\u20136\u202fPM"", ""monday"": ""7\u202fAM\u20136\u202fPM""}","{""dine_in"": true, ""takeout"": true, ""delivery"": false}",,https://lh3.googleusercontent.com/gps-cs-s/APNQkAF28nvomXUjMObXzVcBH2bQkDhRa8Naoaeskx2aedx8K5H1ivKujo9EtL0GnPVS1ugtU6K98FDi9YPdkD5bXu6eJ6WDczv4lVld4lAb9XmQSxQMVV4_EKyZeGM8M_Art0RQYupN=w1000-h1000-c-n,42.2794297,-83.749192,0.7443,True,3
170976,University of Michigan-Ann Arbor,coffee,ChIJA-sfr3mvPIgR47NvYZsr6E8,0x883caf79af1feb03:0x4fe82b9b616fb3e3,Hayati Coffee - Ann Arbor,Coffee shop,"[""Coffee shop""]","601 Packard St, Ann Arbor, MI 48104",(313) 402-2081,https://instagram.com/Hayati.coffee,5.0,58.0,$1–10,Closed · Opens 10 AM Wed,"""Closed \u00b7 Opens 10\u202fAM Wed""","{""tuesday"": ""10\u202fAM\u20133\u202fPM"", ""wednesday"": ""10\u202fAM\u20133\u202fPM"", ""thursday"": ""10\u202fAM\u20133\u202fPM"", ""friday"": ""10\u202fAM\u20133\u202fPM"", ""saturday"": ""10\u202fAM\u20133\u202fPM"", ""sunday"": ""Closed"", ""monday"": ""10\u202fAM\u20133\u202fPM""}","{""dine_in"": true, ""takeout"": true, ""delivery"": true}",,https://lh3.googleusercontent.com/gps-cs-s/APNQkAHCp8l0sCJcVYPm9wJTdsHWPegIM4Gxo5jo4l2NEEYwq5PSKjFxKpX74DmOPsz_B7j6xgrj19TaXVRN8CF0A1u9vbPKMtJPIYT95YQYtqoxWKnn51l38cMidZ1JZU9l573pFIrfAjuuY24=w1000-h1000-c-n,42.271707,-83.74107099999999,0.5508,True,3
170976,University of Michigan-Ann Arbor,coffee,ChIJZV77ecavPIgRO7TpfygnIdA,0x883cafc679fb5e65:0xd02127287fe9b43b,Vertex Coffee Roasters Ann Arbor,Coffee shop,"[""Coffee shop""]","1335 S University Ave, Ann Arbor, MI 48104",(734) 780-7060,https://www.vertex-coffee.com/,4.7,289.0,$1–10,Open · Closes 5 PM,"""Open \u00b7 Closes 5\u202fPM""","{""tuesday"": ""7\u202fAM\u20135\u202fPM"", ""wednesday"": ""7\u202fAM\u20135\u202fPM"", ""thursday"": ""7\u202fAM\u20135\u202fPM"", ""friday"": ""7\u202fAM\u20135\u202fPM"", ""saturday"": ""8\u202fAM\u20135\u202fPM"", ""sunday"": ""8\u202fAM\u20135\u202fPM"", ""monday"": ""7\u202fAM\u20135\u202fPM""}","{""dine_in"": true, ""takeout"": true, ""no_contact_delivery"": true}",,https://lh3.googleusercontent.com/gps-cs-s/APNQkAHCcQsDO-EkMNqdC1sBDwCbq3aIGUaZAp_9PzdFtW8GxDqRFxegfr5oSBK_8TLRWDPRpmhqEIUZjMSKVWFmLsM2_FfuaX4BWEnyE_i19DmKvWKTB-GAjLTONyjiOmuS96bOF-ML=w1000-h1000-c-n,42.275154,-83.7318052,0.2558,True,3
170976,University of Michigan-Ann Arbor,coffee,ChIJuRWrswavPIgRWxSdoOx2XNk,0x883caf06b3ab15b9:0xd95c76eca09d145b,Cupsnchai,Cafe,"[""Cafe""]","214 S 4th Ave, Ann Arbor, MI 48104",(734) 369-8900,https://www.cupsnchai.com/,4.8,308.0,$1–10,Open · Closes 10 PM,"""Open \u00b7 Closes 10\u202fPM""","{""tuesday"": ""8\u202fAM\u201310\u202fPM"", ""wednesday"": ""8\u202fAM\u201310\u202fPM"", ""thursday"": ""8\u202fAM\u201310\u202fPM"", ""friday"": ""8\u202fAM\u201312\u202fAM"", ""saturday"": ""8\u202fAM\u201312\u202fAM"", ""sunday"": ""8\u202fAM\u201310\u202fPM"", ""monday"": ""8\u202fAM\u201310\u202fPM""}","{""dine_in"": true, ""curbside_pickup"": true, ""no_contact_delivery"": true}",,https://lh3.googleusercontent.com/gps-cs-s/APNQkAFK77Io1F6xEXONQcxEdbUWUQ8Sm3pz3_O6uU7ftX1fqGND9GtfEHZ05r6OvRJHS8VFfxeMxYQBXltTFCFJSrUxTy5DGVt22BWJgr90G9iS0-f10PxMOnXaPhOwPAhtP2NgDdve=w1000-h1000-c-n,42.2798672,-83.74747169999999,0.6617,True,3
170976,University of Michigan-Ann Arbor,coffee,ChIJCSsTXD-uPIgRR-gQXE_S2_s,0x883cae3f5c132b09:0xfbdbd24f5c10e847,Comet Coffee,Coffee shop,"[""Coffee shop"", ""Espresso bar""]","16 Nickels Arcade, Ann Arbor, MI 48104",(734) 222-0579,http://comet-coffee-180533.square.site/,4.5,604.0,$1–10,Open · Closes 6:30 PM,"""Open \u00b7 Closes 6:30\u202fPM""","{""tuesday"": ""7:30\u202fAM\u20136:30\u202fPM"", ""wednesday"": ""7:30\u202fAM\u20136:30\u202fPM"", ""thursday"": ""7:30\u202fAM\u20136:30\u202fPM"", ""friday"": ""7:30\u202fAM\u20136:30\u202fPM"", ""saturday"": ""8\u202fAM\u20136:30\u202fPM"", ""sunday"": ""8:30\u202fAM\u20136:30\u202fPM"", ""monday"": ""7:30\u202fAM\u20136:30\u202fPM""}","{""dine_in"": true, ""takeout"": true, ""delivery"": false}","Espresso bar with brewed-to-order drinks. Hip java house with coffee drinks, locally made pastries, latte art & branded merchandise.",https://lh3.googleusercontent.com/gps-cs-s/APNQkAFZkHtl7w7-3MTaGAGazpYvL60k2qsfDol-_JfOv8jjZBlF1N4Zdyk0J-iROHMyyRugEijSeYTP8Wviod-iMdiQttzmwjqg-sIujigoegq6xPxNiOx8gr9FrJ4iBG_psM3moOju=w1000-h1000-c-n,42.2784057,-83.7409199,0.3166,True,3
170976,University of Michigan-Ann Arbor,coffee,ChIJXfAF7CuvPIgRD5MtmvdRQTw,0x883caf2bec05f05d:0x3c4151f79a2d930f,Curious Coffee,Coffee roastery,"[""Coffee roastery""]","100 S 4th Ave, Ann Arbor, MI 48104",,https://www.curious-coffee.com/,5.0,83.0,,Closed · Opens 8 AM Fri,"""Closed \u00b7 Opens 8\u202fAM Fri""","{""tuesday"": ""Closed"", ""wednesday"": ""Closed"", ""thursday"": ""Closed"", ""friday"": ""8\u202fAM\u20133\u202fPM"", ""saturday"": ""Closed"", ""sunday"": ""Closed"", ""monday"": ""Closed""}","{""onsite_services"": true, ""takeout"": true, ""delivery"": false}",,https://lh3.googleusercontent.com/gps-cs-s/APNQkAGmeCaT-EiR9JZPDDKpE3uFelDVE6MvDdqO8ZNyG1L-pMn4IuGZUjejKflD3122VeljiaiES_MarZ_XT051aBV4hIlQnq9yoqZM63rH1wfOCVDWM2-aJHJuQuJWjPEzui54293p=w1000-h1000-c-n,42.2811073,-83.7475451,0.6859,True,3
170976,University of Michigan-Ann Arbor,coffee,ChIJ6XQT1OmvPIgRSSQFREp1qOc,0x883cafe9d41374e9:0xe7a8754a44052449,Bun Chai Yemeni Coffee & Tea,Coffee shop,"[""Coffee shop""]","306 S State St, Ann Arbor, MI 48104",(734) 929-0007,,4.9,167.0,$1–10,Open · Closes 10 PM,"""Open \u00b7 Closes 10\u202fPM""","{""tuesday"": ""7\u202fAM\u201310\u202fPM"", ""wednesday"": ""7\u202fAM\u201310\u202fPM"", ""thursday"": ""7\u202fAM\u201310\u202fPM"", ""friday"": ""7\u202fAM\u201310\u202fPM"", ""saturday"": ""8\u202fAM\u201310\u202fPM"", ""sunday"": ""8\u202fAM\u201310\u202fPM"", ""monday"": ""7\u202fAM\u201310\u202fPM""}","{""dine_in"": true, ""takeout"": true, ""delivery"": false}",,https://lh3.googleusercontent.com/gps-cs-s/APNQkAFl88c52YFDdQFUSdeWfwkP48RkAEqeRYaxMYuVO4iXwu8KGLGZuJhIeRBBpvuKtXvuyAZJkSM6Hq6uiu91Qf-ueu5WbSNbsO4_gztEvTDQQK2GPztp4mEtEY6I_qgn_H_1AI11_Y-g-lmO=w1000-h1000-c-n,42.2790522,-83.74097979999999,0.3252,True,3
170976,University of Michigan-Ann Arbor,coffee,ChIJzRTBNzyuPIgRUm15C6hJl6s,0x883cae3c37c114cd:0xab9749a80b796d52,RoosRoast Liberty,Coffee shop,"[""Coffee shop"", ""Cafe"", ""Espresso bar""]","117 E Liberty St, Ann Arbor, MI 48104",(734) 369-2494,http://roosroast.com/,4.7,677.0,$1–20,Closed · Opens 7 AM Wed,"""Closed \u00b7 Opens 7\u202fAM Wed""","{""tuesday"": ""7\u202fAM\u20133\u202fPM"", ""wednesday"": ""7\u202fAM\u20133\u202fPM"", ""thursday"": ""7\u202fAM\u20133\u202fPM"", ""friday"": ""7\u202fAM\u20135\u202fPM"", ""saturday"": ""7\u202fAM\u20135\u202fPM"", ""sunday"": ""7\u202fAM\u20135\u202fPM"", ""monday"": ""7\u202fAM\u20133\u202fPM""}","{""dine_in"": true, ""takeout"": true, ""delivery"": false}","Cozy coffeehouse & breakfast spot. Chill, comfy hangout featuring coffee, cold brew & espresso, plus breakfast bites & pastries.",https://lh3.googleusercontent.com/gps-cs-s/APNQkAFZC484K31fwBixOB1-iSnA8Hhzjhq4gc-ECTLTWQMr-RcmsXie49li13l9-sswax4moMhTfx7z1kkWM8rL09kTVckmtnjo9k0x2xGnSY40xKJdDFnWcrz2nHzXHr1FrQDDKfc=w1000-h1000-c-n,42.2797086,-83.7477339,0.6731,True,3
170976,University of Michigan-Ann Arbor,coffee,ChIJte03dEyuPIgRo5piE3NTo3E,0x883cae4c7437edb5:0x71a3537313629aa3,Argus Farm Stop - Packard Cafe,Coffee shop,"[""Coffee shop"", ""Cafe"", ""Community center"", ""Pub""]","1200 Packard St, Ann Arbor, MI 48104",(734) 585-5441,http://www.argusfarmstop.com/,4.7,464.0,$10–20,Open · Closes 8:45 PM,"""Open \u00b7 Closes 8:45\u202fPM""","{""tuesday"": ""8\u202fAM\u20138:45\u202fPM"", ""wednesday"": ""8\u202fAM\u20138:45\u202fPM"", ""thursday"": ""8\u202fAM\u20138:45\u202fPM"", ""friday"": ""8\u202fAM\u20138:45\u202fPM"", ""saturday"": ""8\u202fAM\u20138:45\u202fPM"", ""sunday"": ""8\u202fAM\u20138:45\u202fPM"", ""monday"": ""8\u202fAM\u20138:45\u202fPM""}","{""dine_in"": true, ""takeout"": true, ""delivery"": false}",,https://lh3.googleusercontent.com/gps-cs-s/APNQkAElIDw95xp9WeUE-XHnkncmytLJwTz0tJ2ViSTLaKzQrTcwFFPpGHOVlzKgBoUqmL7j_fuKR0eb5zhmCO_4P8-Xi5qPZSSW3SA6mZ5vHmx7AJO-b7TyYwEfXv6KrpAkCNGKz2Sh2Q=w1000-h1000-c-n,42.2658069,-83.7353325,0.8537,True,3
152080,University of Notre Dame,coffee,ChIJ687X_K3SFogRfj0AnW1A5eY,0x8816d2adfcd7ceeb:0xe6e5406d9d003d7e,Innjoy Cafe (inside hotel),Cafe,"[""Cafe"", ""Cocktail bar"", ""Event venue""]","53993 State Hwy 933, South Bend, IN 46637",(574) 232-4000,,4.7,16.0,,Open · Closes 8 PM,"""Open \u00b7 Closes 8\u202fPM""","{""tuesday"": ""6\u202fAM\u20138\u202fPM"", ""wednesday"": ""6\u202fAM\u20138\u202fPM"", ""thursday"": ""6\u202fAM\u20138\u202fPM"", ""friday"": ""6\u202fAM\u20138\u202fPM"", ""saturday"": ""6\u202fAM\u20138\u202fPM"", ""sunday"": ""6\u202fAM\u20138\u202fPM"", ""monday"": ""6\u202fAM\u20138\u202fPM""}","{""dine_in"": true, ""takeout"": true, ""delivery"": false}",,https://lh3.googleusercontent.com/gps-cs-s/APNQkAHXa1UfmDNOCWyMUl37SqyuaUJVQKLtT_eR0m1Cx99GkAuq_kKWivvReLhJeZKjf4Uh4jVxFBc-SsR8qjvyUQK1MkjNya-szVRKLRJTa5WVoK8rtv_OaKS6ps45S5Ka_8BLbBSaPg=w1000-h1000-c-n,41.7090526,-86.25157469999999,0.7553,True,3
152080,University of Notre Dame,coffee,ChIJD_RueqDSFogRCAY9uVKEsLs,0x8816d2a07a6ef40f:0xbbb08452b93d0608,Crossings,Cafe,"[""Cafe""]","112 N Notre Dame Ave, Notre Dame, IN 46556",(574) 631-9481,,4.5,4.0,,Open · Closes 5 PM,"""Open \u00b7 Closes 5\u202fPM""","{""tuesday"": ""7\u202fAM\u20135\u202fPM"", ""wednesday"": ""7\u202fAM\u20135\u202fPM"", ""thursday"": ""7\u202fAM\u20135\u202fPM"", ""friday"": ""7\u202fAM\u20134\u202fPM"", ""saturday"": ""Closed"", ""sunday"": ""Closed"", ""monday"": ""7\u202fAM\u20135\u202fPM""}","{""dine_in"": true, ""takeout"": true, ""delivery"": false}",,https://lh3.googleusercontent.com/gps-cs-s/APNQkAEaWrVqMLtHMjpy6BNgWAF0aj1Fv50G4nb0IWwqChmJ6ThWQ8M40PK51e871mVT-L4JXlQX1Tt5LPLiOK__lqySrl-63HvceGz-huBFGeVWcR0phJGdKLVoBGW5uybXKUj-bT8=w1000-h1000-c-n,41.6994387,-86.2380613,0.3545,True,3
152080,University of Notre Dame,coffee,ChIJQZSRf1_NFogRT44oYzRrn3s,0x8816cd5f7f919441:0x7b9f6b3463288e4f,Notre Dame Eddy Street Bookstore,Coffee shop,"[""Coffee shop"", ""Book store"", ""Gift shop""]","1234 N Eddy St #101, South Bend, IN 46617",(574) 331-1861,http://ndbookstore.com/,4.6,308.0,,Open · Closes 7 PM,"""Open \u00b7 Closes 7\u202fPM""","{""tuesday"": ""11\u202fAM\u20137\u202fPM"", ""wednesday"": ""11\u202fAM\u20137\u202fPM"", ""thursday"": ""11\u202fAM\u20137\u202fPM"", ""friday"": ""11\u202fAM\u20137\u202fPM"", ""saturday"": ""11\u202fAM\u20137\u202fPM"", ""sunday"": ""11\u202fAM\u20136\u202fPM"", ""monday"": ""11\u202fAM\u20137\u202fPM""}","{""onsite_services"": true, ""delivery"": false}",,https://lh3.googleusercontent.com/gps-cs-s/APNQkAFA3rt6Z7yWB8VcD6V6nxe9Cjf9dm62OJ4Cz36i31xdp3vqv2_869UeDKgJoDFDfgA0Tb9P8nFhc8bvjW4mJ0gHDiTwtXfIbPMhriBT25VCJbvkVBUkR--WaYF-ykH1M8sEPQV7HA=w1000-h1000-c-n,41.692456,-86.2352389,0.8509,True,3
152080,University of Notre Dame,coffee,ChIJT8_kwJ_SFogReut1dgz38es,0x8816d29fc0e4cf4f:0xebf1f70c7675eb7a,Decio Café,Cafe,"[""Cafe""]","221 St Joseph Dr, Notre Dame, IN 46556",(574) 631-7253,https://dining.nd.edu/locations-menus/decio-cafe/,4.3,29.0,$,Closed · Opens 7:30 AM Wed,"""Closed \u00b7 Opens 7:30\u202fAM Wed""","{""tuesday"": ""7:30\u202fAM\u20132:30\u202fPM"", ""wednesday"": ""7:30\u202fAM\u20132:30\u202fPM"", ""thursday"": ""7:30\u202fAM\u20132:30\u202fPM"", ""friday"": ""7:30\u202fAM\u20132:30\u202fPM"", ""saturday"": ""Closed"", ""sunday"": ""Closed"", ""monday"": ""7:30\u202fAM\u20132:30\u202fPM""}","{""dine_in"": true, ""takeout"": true, ""delivery"": false}",,https://lh3.googleusercontent.com/gps-cs-s/APNQkAEtU_H4vutlGzHsBH9CR-Tbvo2th4f8EGkoR4HMJjXtrFV1Lcb4AHSSdNZMujZRQnqfkDxrhX6iUI5dYz7GG5AFNFb-8M3yMOnOt3ueiRKYve639PQHp2CvsETDcaLbtkPYbDP__g=w1000-h1000-c-n,41.7002585,-86.2347036,0.3487,True,3
179867,Washington University in St Louis,coffee,ChIJqXGWcDq12IcRT7I1OJHnE0U,0x87d8b53a709671a9:0x4513e7913835b24f,E61 Cafe,Coffee shop,"[""Coffee shop""]","307 Belt Ave, St. Louis, MO 63112",(314) 328-7826,https://www.e61cafe.com/,4.8,154.0,$10–20,Open · Closes 7 PM,"""Open \u00b7 Closes 7\u202fPM""","{""tuesday"": ""7\u202fAM\u20137\u202fPM"", ""wednesday"": ""7\u202fAM\u20137\u202fPM"", ""thursday"": ""7\u202fAM\u20137\u202fPM"", ""friday"": ""9\u202fAM\u20135\u202fPM"", ""saturday"": ""8\u202fAM\u20135\u202fPM"", ""sunday"": ""8\u202fAM\u20137\u202fPM"", ""monday"": ""7\u202fAM\u20137\u202fPM""}","{""dine_in"": true, ""curbside_pickup"": true, ""delivery"": false}",,https://lh3.googleusercontent.com/gps-cs-s/APNQkAFGk7tMYwHoDivPLG1_2MwJiwAQOZ15ULyiD1e9E1CDGqBJkfd_yGzP_q1Wc_Ssn1tUt0JEaUO2QyLlXyax5DVma7C_deuEoQoEZ7jciJvyxiWYwuC9MHMJgaRScZ4LweOUH1T8ng=w1000-h1000-c-n,38.6482974,-90.2784529,1.2911,True,3
179867,Washington University in St Louis,coffee,ChIJu6KvXJ8134cRufycKUcV4iA,0x87df359f5cafa2bb:0x20e21547299cfcb9,The Press Cafe,Coffee shop,"[""Coffee shop""]","725 Kingsland Ave, University City, MO 63130",,https://www.instagram.com/thepresscafestl/,4.9,80.0,$1–10,Closed · Opens 8 AM Wed,"""Closed \u00b7 Opens 8\u202fAM Wed""","{""tuesday"": ""8\u202fAM\u20132\u202fPM"", ""wednesday"": ""8\u202fAM\u20132\u202fPM"", ""thursday"": ""8\u202fAM\u20132\u202fPM"", ""friday"": ""8\u202fAM\u20132\u202fPM"", ""saturday"": ""8\u202fAM\u20132\u202fPM"", ""sunday"": ""Closed"", ""monday"": ""8\u202fAM\u20132\u202fPM""}","{""dine_in"": true, ""takeout"": true, ""delivery"": false}",,https://lh3.googleusercontent.com/gps-cs-s/APNQkAFiGQt7qUSnqi2uCcA4pw60OvHVAlbGo5KKnfLRrSgG_JEH0wYEom4mwDg1cPr-8KmunfzD39M3WlOIIySh7ZaobLGuLPG0raId-bbWW4FVnB040p2ztD3irDAe8QNkOfhSi-e5=w1000-h1000-c-n,38.6580883,-90.30896,0.7974,True,3
179867,Washington University in St Louis,coffee,ChIJQ1g4-Ga12IcRJavxODoVoJM,0x87d8b566f8385843:0x93a0153a38f1ab25,Sweet EM's,Coffee shop,"[""Coffee shop"", ""Breakfast restaurant"", ""Cafe"", ""Ice cream shop""]","6330 Clayton Ave, St. Louis, MO 63139",(314) 875-9174,http://sweetems-enterprise.square.site/,4.8,333.0,$1–10,Open · Closes 8 PM,"""Open \u00b7 Closes 8\u202fPM""","{""tuesday"": ""7\u202fAM\u20138\u202fPM"", ""wednesday"": ""7\u202fAM\u20138\u202fPM"", ""thursday"": ""7\u202fAM\u20138\u202fPM"", ""friday"": ""7\u202fAM\u20138\u202fPM"", ""saturday"": ""7\u202fAM\u20138\u202fPM"", ""sunday"": ""7\u202fAM\u20138\u202fPM"", ""monday"": ""7\u202fAM\u20138\u202fPM""}","{""dine_in"": true, ""takeout"": true, ""delivery"": false}",,https://lh3.googleusercontent.com/gps-cs-s/APNQkAHoayrcT4fpiIZaV3_tN9cWe6t2ozpZil0TY3S2pB0ji4taaaW_ua0i52qxeUaSc5ffa3JsJpZCqo6vnBCAA4clGX_zQV0eHPUEaWTkwNTIs452Fm-hYRexKO66ycGQSlsHQynqqg=w1000-h1000-c-n,38.6284378,-90.2926485,1.4344,True,3
179867,Washington University in St Louis,coffee,ChIJnV8ZmFU134cRH1w8EY-C6jc,0x87df355598195f9d:0x37ea828f113c5c1f,Blueprint Coffee - Delmar,Coffee shop,"[""Coffee shop"", ""Coffee roastery"", ""Coffee store"", ""Coffee wholesaler"", ""Tea house"", ""Tea store"", ""Tea wholesaler""]","6225 Delmar Blvd, St. Louis, MO 63130",(314) 266-6808,https://blueprintcoffee.com/,4.5,790.0,$1–10,Open · Closes 4 PM,"""Open \u00b7 Closes 4\u202fPM""","{""tuesday"": ""8\u202fAM\u20134\u202fPM"", ""wednesday"": ""8\u202fAM\u20134\u202fPM"", ""thursday"": ""8\u202fAM\u20134\u202fPM"", ""friday"": ""8\u202fAM\u20134\u202fPM"", ""saturday"": ""8\u202fAM\u20134\u202fPM"", ""sunday"": ""8\u202fAM\u20134\u202fPM"", ""monday"": ""8\u202fAM\u20134\u202fPM""}","{""dine_in"": true, ""takeout"": true}","Hip stop for house-roasted coffee. Easygoing surrounds pouring out coffee roasted in-house, plus breakfast sandwiches & pastries.",https://lh3.googleusercontent.com/gps-cs-s/APNQkAGt-KK1OodFDO05tHtGFXfpNtq42pNJmmLJ3Y2LvxtCMEMbmV_PWDsxngBAHbm3hM6-a_wyW78dJV8bcZfdWJYfQtj0bVFg0BFwF_LozX1wNk0PFha1YgzRyZBKngrPPUlYFkWcMw=w1000-h1000-c-n,38.6557311,-90.3005719,0.5593,True,3
179867,Washington University in St Louis,coffee,ChIJIWcl6aTK2IcR-8yEGjbQJ1s,0x87d8caa4e9256721:0x5b27d0361a84ccfb,Kaldi’s Coffee,Coffee shop,"[""Coffee shop"", ""Cafe"", ""Coffee store"", ""Espresso bar""]","700 De Mun Ave, St. Louis, MO 63105",(314) 727-9955,https://kaldiscoffee.com/pages/location-clayton-demun,4.6,873.0,$1–10,Open · Closes 5 PM,"""Open \u00b7 Closes 5\u202fPM""","{""tuesday"": ""6:30\u202fAM\u20135\u202fPM"", ""wednesday"": ""6:30\u202fAM\u20135\u202fPM"", ""thursday"": ""6:30\u202fAM\u20135\u202fPM"", ""friday"": ""6:30\u202fAM\u20135\u202fPM"", ""saturday"": ""6:30\u202fAM\u20135\u202fPM"", ""sunday"": ""6:30\u202fAM\u20133\u202fPM"", ""monday"": ""6:30\u202fAM\u20135\u202fPM""}","{""dine_in"": true, ""takeout"": true, ""delivery"": true}","Area hangout with coffee & sandwiches. Sizable coffee shop with outdoor seating & a menu of sandwiches, pizzas & breakfast fare.",https://lh3.googleusercontent.com/gps-proxy/ALd4DhFK0olm97ZDssO0Kjw8I7GdQjWzWqBCNkymzwaIIfa_D1IUXT-yBmvu2IDiFM9z40sVIsa9ndw-UVLMJ2d5Yv8Q1_G0J3Sx8av7hMO7u6_wrv0YwBT-iJvUnoB_AswI6H_jn3IZV17KHC1fOPvs4zNsM8RMDniOYR1Ge3Kc4q7QU00HdJ6Y5mYk=w1000-h1000-c-n,38.6386166,-90.3075936,0.6918,True,3
199120,University of North Carolina at Chapel Hill,coffee,ChIJz3l5QvHCrIkRbRm1P1sHdF0,0x89acc2f1427979cf:0x5d74075b3fb5196d,The Meantime Coffee Co.,Coffee shop,"[""Coffee shop"", ""Non-profit organization""]","180 E Cameron Ave, Chapel Hill, NC 27514",(704) 430-0250,https://meantimecoffee.com/,4.7,54.0,$1–10,Closed · Opens 7:45 AM Mon,"""Closed \u00b7 Opens 7:45\u202fAM Mon""","{""tuesday"": ""Closed"", ""wednesday"": ""Closed"", ""thursday"": ""Closed"", ""friday"": ""Closed"", ""saturday"": ""Closed"", ""sunday"": ""Closed"", ""monday"": ""7:45\u202fAM\u20135\u202fPM""}","{""dine_in"": true, ""takeout"": true, ""delivery"": false}",,https://lh3.googleusercontent.com/gps-cs-s/APNQkAEGMVldFXf4_fHbU8xKCUikp9enmWIgPQD7V5LRPgVd5ejrqyTcDYVA9FQco82Fylf05_Yg7xfY4bUuwBpVVTkj9roWetrgzqYYVruPY7NzgtFVvMlPha1dyBEdaui49N8P8TL5=w1000-h1000-c-n,35.9114479,-79.0512468,0.4843,True,3
199120,University of North Carolina at Chapel Hill,coffee,ChIJYd-eGeHCrIkREUQ_SXw2VGo,0x89acc2e1199edf61:0x6a54367c493f4411,Perennial,Coffee shop,"[""Coffee shop"", ""Cafe"", ""Espresso bar"", ""Tea house""]","401 W Franklin St, Chapel Hill, NC 27516",(919) 914-6045,http://www.perennial.cafe/,4.7,253.0,$1–10,Closed · Opens 8 AM Wed,"""Closed \u00b7 Opens 8\u202fAM Wed""","{""tuesday"": ""8\u202fAM\u20132\u202fPM"", ""wednesday"": ""8\u202fAM\u20132\u202fPM"", ""thursday"": ""8\u202fAM\u20132\u202fPM"", ""friday"": ""8\u202fAM\u20136\u202fPM"", ""saturday"": ""9\u202fAM\u20136\u202fPM"", ""sunday"": ""9\u202fAM\u20136\u202fPM"", ""monday"": ""8\u202fAM\u20132\u202fPM""}","{""dine_in"": true, ""takeout"": true, ""delivery"": false}",Contemporary café & pastries. A classic menu of coffee & tea beverages with pastries & light fare in a foliage-filled space.,https://lh3.googleusercontent.com/gps-cs-s/APNQkAGZZ5vIbBxTL0T7VOXOmYX-0Sz-Zknd3H-BHPwTFvYs-jMi3lsum6vWPbt4Q3IrEuoaIyJtTqD8WZJrMVUmdOCLFCOz3bf6fkl3X8XdCW2DjXBUJYE6xqWtRiK2e7prFNe1t9CNCw=w1000-h1000-c-n,35.9111107,-79.0605714,0.8311,True,3
199120,University of North Carolina at Chapel Hill,coffee,ChIJ5cCpIa7DrIkR-JOtpmzYiFc,0x89acc3ae21a9c0e5:0x5788d86ca6ad93f8,1922,Coffee shop,"[""Coffee shop""]","140 E Franklin St, Chapel Hill, NC 27514",(984) 999-4195,https://www.carolinacoffeeshop.com/,4.7,111.0,$1–10,Closed · Opens 8 AM Wed,"""Closed \u00b7 Opens 8\u202fAM Wed""","{""tuesday"": ""8\u202fAM\u20133\u202fPM"", ""wednesday"": ""8\u202fAM\u20133\u202fPM"", ""thursday"": ""8\u202fAM\u20133\u202fPM"", ""friday"": ""8\u202fAM\u20133\u202fPM"", ""saturday"": ""8\u202fAM\u20133\u202fPM"", ""sunday"": ""8\u202fAM\u20133\u202fPM"", ""monday"": ""8\u202fAM\u20133\u202fPM""}","{""dine_in"": true, ""takeout"": true, ""delivery"": false}",,https://lh3.googleusercontent.com/gps-cs-s/APNQkAEpMB33WzYApDMk4HfRQMQQT_gaFcu27pT6ExUAFCXddMKVLGATTzAmZ7ra5ro9v8EZeS29snhrvMQobtgqGr16GaWhoIoZ6Lo7_sEBC_5_SUoodpmgYNsjZwrEACMx6orhFkOixQ=w1000-h1000-c-n,35.9135201,-79.0543512,0.6928,True,3
199120,University of North Carolina at Chapel Hill,coffee,ChIJLZoPEjvDrIkRctgNmPY06ag,0x89acc33b120f9a2d:0xa8e934f6980dd872,Meantime at the Junction,Coffee shop,"[""Coffee shop""]","136 E Rosemary St, Chapel Hill, NC 27514",(704) 430-0250,https://meantimecoffee.com/,5.0,21.0,$1–10,Closed · Opens 9 AM Mon,"""Closed \u00b7 Opens 9\u202fAM Mon""","{""tuesday"": ""Closed"", ""wednesday"": ""Closed"", ""thursday"": ""Closed"", ""friday"": ""Closed"", ""saturday"": ""Closed"", ""sunday"": ""Closed"", ""monday"": ""9\u202fAM\u20134\u202fPM""}","{""dine_in"": true, ""takeout"": true, ""delivery"": false}",,https://lh3.googleusercontent.com/gps-cs-s/APNQkAHgNnC_rRv8WT1FqPBlC-4Nsy5SfrUiiAhNO2Fk-b_Pj2vs44omKQR_zoqagta81FkprUWmRZmrbV3AZ18YLSVhCLvetaE-cIDPLw9zpTkGS1veywm6Trt8Jmsm6kvBIY-mNuU=w1000-h1000-c-n,35.9143609,-79.05490429999999,0.7585,True,3
199120,University of North Carolina at Chapel Hill,coffee,ChIJ-7Of1UDDrIkRvE2rDt8Y328,0x89acc340d59fb3fb:0x6fdf18df0eab4dbc,Epilogue Books Chocolate Brews,Coffee shop,"[""Coffee shop"", ""Bakery"", ""Book store"", ""Breakfast restaurant"", ""Cafe"", ""Catering food and drink supplier"", ""Used book store""]","109 E Franklin St #100, Chapel Hill, NC 27514",(919) 913-5055,https://www.epiloguebook.com/,4.5,488.0,$10–20,Open · Closes 6 PM,"""Open \u00b7 Closes 6\u202fPM""","{""tuesday"": ""8\u202fAM\u20136\u202fPM"", ""wednesday"": ""8\u202fAM\u20136\u202fPM"", ""thursday"": ""8\u202fAM\u20136\u202fPM"", ""friday"": ""8\u202fAM\u20136\u202fPM"", ""saturday"": ""8\u202fAM\u20136\u202fPM"", ""sunday"": ""8\u202fAM\u20136\u202fPM"", ""monday"": ""8\u202fAM\u20136\u202fPM""}","{""dine_in"": true, ""curbside_pickup"": true, ""delivery"": true}",,https://lh3.googleusercontent.com/gps-cs-s/APNQkAE0Z1Mh5Wp0lhxyufm9r9d8QMcwIBcD-laJfYWPLueFG5hYAeYaD8qpqbPlkZKiSyAqi8UTXU4B7l_00REYCCWUaIarme4_1TXPfPVicxEcP8boERiZB8bVEKY51nx_22rmPXNH=w1000-h1000-c-n,35.9135622,-79.0553856,0.7277,True,3
199120,University of North Carolina at Chapel Hill,coffee,ChIJIZmof-_CrIkRUNwu3NBZY3w,0x89acc2ef7fa89921:0x7c6359d0dc2edc50,Friends Cafe,Cafe,"[""Cafe""]","335 S Columbia St, Chapel Hill, NC 27514",(919) 966-5834,https://dining.unc.edu/locations/friends-cafe/,4.5,81.0,$1–10,Closes soon · 4 PM · Opens 7:30 AM Wed,"""Closes soon \u00b7 4\u202fPM \u00b7 Opens 7:30\u202fAM Wed""","{""tuesday"": ""7:30\u202fAM\u20134\u202fPM"", ""wednesday"": ""7:30\u202fAM\u20134\u202fPM"", ""thursday"": ""7:30\u202fAM\u20134\u202fPM"", ""friday"": ""7:30\u202fAM\u20134\u202fPM"", ""saturday"": ""Closed"", ""sunday"": ""Closed"", ""monday"": ""7:30\u202fAM\u20134\u202fPM""}","{""dine_in"": true, ""takeout"": true, ""delivery"": false}",,https://lh3.googleusercontent.com/gps-cs-s/APNQkAF1piGPWuNrrzDuQyI05hfiyEFIS0_YcXPQchWDu1AtO33CNuHPdLVoo9yQQ1DDl0FbNVpq3ytCGxZ3IdNjOfTBJ8WDxdITlP7sYQ64AemJXyqHmyeugCL3wF0pEr251RGMM38=w1000-h1000-c-n,35.9055808,-79.0530454,0.2986,True,3
199120,University of North Carolina at Chapel Hill,coffee,ChIJZ10akfLDrIkRVTc2LQIxVD4,0x89acc3f2911a5d67:0x3e5431022d363755,Joe Van Gogh UNC,Coffee shop,"[""Coffee shop""]","150 Medical Dr, Chapel Hill, NC 27514",,https://joevangogh.com/cafes/unc-chapel-hill/,5.0,4.0,,Closes soon · 4 PM · Opens 7 AM Wed,"""Closes soon \u00b7 4\u202fPM \u00b7 Opens 7\u202fAM Wed""","{""tuesday"": ""7\u202fAM\u20134\u202fPM"", ""wednesday"": ""7\u202fAM\u20134\u202fPM"", ""thursday"": ""7\u202fAM\u20134\u202fPM"", ""friday"": ""7\u202fAM\u20134\u202fPM"", ""saturday"": ""Closed"", ""sunday"": ""Closed"", ""monday"": ""7\u202fAM\u20134\u202fPM""}","{""dine_in"": true, ""takeout"": true, ""delivery"": false}",Easygoing coffeehouse & tea shop. Trained baristas make gourmet teas & inventive coffee drinks with house-roasted beans.,https://lh3.googleusercontent.com/gps-cs-s/APNQkAHzbTo-EQDtBWm0QFwboiX9hLhRKAucnUh7nXtyvKrx-NTwgYbIBrV2e1RedDzMbliqBhPISty2NtGOWpt-oJeeSKx2WSWZx_jgTpF5mgFNFBsC9xoTZDHqubfP_KlLxXmbq1Q=w1000-h1000-c-n,35.906379099999995,-79.0514121,0.2248,True,3
199120,University of North Carolina at Chapel Hill,coffee,ChIJ9fhbIYHDrIkRcCZ64M59mMI,0x89acc381215bf8f5:0xc2987dcee07a2670,The Patio,Coffee shop,"[""Coffee shop""]","505 W Franklin St, Chapel Hill, NC 27516",(919) 903-8511,https://www.purplebowlch.com/the-patio,4.6,12.0,$10–20,Open · Closes 7 PM,"""Open \u00b7 Closes 7\u202fPM""","{""tuesday"": ""8\u202fAM\u20137\u202fPM"", ""wednesday"": ""8\u202fAM\u20137\u202fPM"", ""thursday"": ""8\u202fAM\u20137\u202fPM"", ""friday"": ""8\u202fAM\u20137\u202fPM"", ""saturday"": ""8\u202fAM\u20137\u202fPM"", ""sunday"": ""8\u202fAM\u20137\u202fPM"", ""monday"": ""8\u202fAM\u20137\u202fPM""}","{""dine_in"": true, ""takeout"": true, ""delivery"": true}",,https://lh3.googleusercontent.com/gps-cs-s/APNQkAHp01_Ojl8Xar9mkRNPG_ZUpf_I_Gnc1njUPa-MIdeq6BG2m8sUI-eq6aTU0S7WFrSNIR_3LDOznt0IcigSckw2i_jL9ohlyR5tobLZB3JXtx_2NjBhsv4IlqVO6VS1Plob_hVdnMGg1RA3=w1000-h1000-c-n,35.9095009,-79.0635856,0.9382,True,3
199120,University of North Carolina at Chapel Hill,coffee,ChIJyx1L2eDCrIkR8nT7EjzS86M,0x89acc2e0d94b1dcb:0xa3f3d23c12fb74f2,The Purple Bowl,Coffee shop,"[""Coffee shop"", ""Restaurant""]","505 W Franklin St, Chapel Hill, NC 27516",(919) 903-8511,http://www.purplebowlch.com/,4.7,338.0,$10–20,Open · Closes 7 PM,"""Open \u00b7 Closes 7\u202fPM""","{""tuesday"": ""8\u202fAM\u20137\u202fPM"", ""wednesday"": ""8\u202fAM\u20137\u202fPM"", ""thursday"": ""8\u202fAM\u20137\u202fPM"", ""friday"": ""8\u202fAM\u20137\u202fPM"", ""saturday"": ""8\u202fAM\u20137\u202fPM"", ""sunday"": ""8\u202fAM\u20137\u202fPM"", ""monday"": ""8\u202fAM\u20137\u202fPM""}","{""dine_in"": true, ""takeout"": true, ""delivery"": true}",Toast & acai bowls with many toppings. This modern counter serve prepares fair-trade acai bowls & toast plus smoothies & coffee.,https://lh3.googleusercontent.com/gps-cs-s/APNQkAEc2RIJX0337EG6Ru536Jr24TOTTGAIvZAQwNatSHyLK2E4A0IzYzFdLruj2H4R3L9fYXBo6uA2yt-ZGgjizb8G6c-8XhSv4_8jYVzyVxdB5OSWr1TA1KfW_IBKdeTCnSniFzT8=w1000-h1000-c-n,35.9098463,-79.0638216,0.9587,True,3
199120,University of North Carolina at Chapel Hill,coffee,ChIJ-1uv9efCrIkRB7f4iGi6v2o,0x89acc2e7f5af5bfb:0x6abfba6888f8b707,Carolina Coffee Shop,Coffee shop,"[""Coffee shop"", ""Bar"", ""Bar & grill"", ""Breakfast restaurant"", ""American restaurant"", ""Restaurant""]","138 E Franklin St, Chapel Hill, NC 27514",(919) 942-6875,http://www.carolinacoffeeshop.com/,4.2,915.0,$10–20,Closed · Opens 8 AM Wed,"""Closed \u00b7 Opens 8\u202fAM Wed""","{""tuesday"": ""8\u202fAM\u20133\u202fPM"", ""wednesday"": ""8\u202fAM\u20133\u202fPM"", ""thursday"": ""8\u202fAM\u20133\u202fPM"", ""friday"": ""8\u202fAM\u20133\u202fPM"", ""saturday"": ""8\u202fAM\u20133\u202fPM"", ""sunday"": ""8\u202fAM\u20133\u202fPM"", ""monday"": ""8\u202fAM\u20133\u202fPM""}","{""dine_in"": true, ""takeout"": true, ""delivery"": false}","UNC icon for all-day pub fare & drinks. Cozy, storied spot serving popular breakfasts plus lunch, dinner & drinks to a UNC crowd since 1922.",https://lh3.googleusercontent.com/gps-cs-s/APNQkAHKm2jgaeYga1dn-eFqn7tcEwuSqieyqkF-jWcEsZvcB5MNOw8dHPF2pMQjaps9tLUjUY4x_ACroNgFmNiO1RJxPiLUNm5Yhv_fTYaEyldFJWH3v7R9tdnz-jPvmmJiNQaksIcKZRwdQM1R=w1000-h1000-c-n,35.9135028,-79.0543778,0.6926,True,3
199120,University of North Carolina at Chapel Hill,coffee,ChIJv0xtR0PDrIkRchmNiLpee84,0x89acc343476d4cbf:0xce7b5eba888d1972,The Grounds Espresso Bar,Cocktail bar,"[""Cocktail bar"", ""Espresso bar""]","462 W Franklin St, Chapel Hill, NC 27516",(919) 822-5522,http://www.thepitchchapelhill.com/,4.5,11.0,$1–10,Closed · Opens 6 PM Thu,"""Closed \u00b7 Opens 6\u202fPM Thu""","{""tuesday"": ""Closed"", ""wednesday"": ""Closed"", ""thursday"": ""6\u202fPM\u201312\u202fAM"", ""friday"": ""6\u202fPM\u201312\u202fAM"", ""saturday"": ""6\u202fPM\u201312\u202fAM"", ""sunday"": ""Closed"", ""monday"": ""Closed""}","{""dine_in"": true, ""delivery"": false}",,https://lh3.googleusercontent.com/gps-cs-s/APNQkAEK7QXi6s7MtCVSvsrVVl00RycwjXRkoyRKEyQD2S2oCMsbZWFM26BduaJLGVTFqdSNul-9hEq0mmA127p1S24ylE_tVUZUVuhRKcEl7AS_txE98QhJeaxcRlcwhLpClZ3y_oaaGw=w1000-h1000-c-n,35.910714299999995,-79.0629388,0.936,True,3
199120,University of North Carolina at Chapel Hill,coffee,ChIJn1_rZSPDrIkRa-B6VZD1cPE,0x89acc32365eb5f9f:0xf170f590557ae06b,Tea Hill,Tea house,"[""Tea house""]","318 W Franklin St, Chapel Hill, NC 27516",(984) 999-4580,http://www.teahillusa.com/,4.7,504.0,$,Open · Closes 9 PM,"""Open \u00b7 Closes 9\u202fPM""","{""tuesday"": ""11\u202fAM\u20139\u202fPM"", ""wednesday"": ""11\u202fAM\u20139\u202fPM"", ""thursday"": ""11\u202fAM\u20139\u202fPM"", ""friday"": ""11\u202fAM\u20139\u202fPM"", ""saturday"": ""11\u202fAM\u20139\u202fPM"", ""sunday"": ""11\u202fAM\u20139\u202fPM"", ""monday"": ""11\u202fAM\u20139\u202fPM""}","{""dine_in"": true, ""takeout"": true, ""delivery"": true}",,https://lh3.googleusercontent.com/gps-cs-s/APNQkAH0Nv8gHuT-uhB44HCITdHEu4he2RbNvZRVXaSpcch0ZvRkUdpbGLdOTntHtCcvn6U1yvNqo_SfzSaUo6gjxmVzqKCKa96wAR46rGvOLQSc8HMprCUgsJeQAvOXEHofh5ywbPkr=w1000-h1000-c-n,35.9115256,-79.06065319999999,0.8499,True,3
199120,University of North Carolina at Chapel Hill,coffee,ChIJ9R_Kc0zDrIkRW7NF1fUvkHk,0x89acc34c73ca1ff5:0x79902ff5d545b35b,The Gathering Place,Coffee shop,"[""Coffee shop"", ""Bar"", ""Game store"", ""Comedy club"", ""Karaoke""]","157 E Rosemary St 2nd Floor, Chapel Hill, NC 27514",(984) 999-4548,https://thegatheringplacegames.com/,4.8,256.0,,Closed · Opens 4 PM,"""Closed \u00b7 Opens 4\u202fPM""","{""tuesday"": ""4\u201310\u202fPM"", ""wednesday"": ""2\u202fPM\u201312\u202fAM"", ""thursday"": ""2\u202fPM\u201312\u202fAM"", ""friday"": ""2\u202fPM\u20132\u202fAM"", ""saturday"": ""11\u202fAM\u20132\u202fAM"", ""sunday"": ""11\u202fAM\u201310\u202fPM"", ""monday"": ""Closed""}","{""in_store_shopping"": true}",,https://lh3.googleusercontent.com/gps-cs-s/APNQkAHDJVeEDQ-B5FOeXNryPcaMNGRGea61R5ld8rL8LiLjYBA_BXMUhsti7miLnDfvHzDm4fR9dEq9aEibEdXx8ddpI_eQQR94QBh68IU732RJlqtzH5WlP30JiHBsnZOmlzDlHCNUmg=w1000-h1000-c-n,35.9151697,-79.0540369,0.7836,True,3
234076,University of Virginia-Main Campus,coffee,ChIJHRZacOWHs4kRdHXCbtlr1PI,0x89b387e5705a161d:0xf2d46bd96ec27574,Tribute Coffee,Coffee shop,"[""Coffee shop""]","1932 Arlington Blvd #8, Charlottesville, VA 22903",,,4.9,44.0,$1–10,Closed · Opens 7 AM Wed,"""Closed \u00b7 Opens 7\u202fAM Wed""","{""tuesday"": ""7\u202fAM\u20132\u202fPM"", ""wednesday"": ""7\u202fAM\u20132\u202fPM"", ""thursday"": ""7\u202fAM\u20132\u202fPM"", ""friday"": ""7\u202fAM\u20132\u202fPM"", ""saturday"": ""8\u202fAM\u20133\u202fPM"", ""sunday"": ""8\u202fAM\u20133\u202fPM"", ""monday"": ""Closed""}","{""dine_in"": true, ""takeout"": true, ""delivery"": false}",,https://lh3.googleusercontent.com/gps-cs-s/APNQkAGyA1QLFzkBnJ69UI6ONjyc-ASXHBYob_JuCz6KuSobY6Z9b9r_AOF5HBNOq617J25QlEpu7wWaJNG8aNXIFnFxKkRw8gjsKBJTN-htwKxtlXolbomSCJP2Zugl8P7ZvBrlKd1iJZ1jkOFJ=w1000-h1000-c-n,38.0483865,-78.50544169999999,0.8004,True,3
234076,University of Virginia-Main Campus,coffee,ChIJZR0fwhqHs4kRzrBDF4u8uvA,0x89b3871ac21f1d65:0xf0babc8b1743b0ce,Camellias Bar & Roastery,Coffee shop,"[""Coffee shop"", ""Bakery"", ""Bar"", ""Breakfast restaurant"", ""Pastry shop""]","400 Preston Ave #150, Charlottesville, VA 22903",(434) 363-4249,https://www.camelliascville.com/,4.6,136.0,$10–20,Open · Closes 6 PM,"""Open \u00b7 Closes 6\u202fPM""","{""tuesday"": ""8\u202fAM\u20136\u202fPM"", ""wednesday"": ""8\u202fAM\u20136\u202fPM"", ""thursday"": ""8\u202fAM\u20136\u202fPM"", ""friday"": ""8\u202fAM\u20136\u202fPM"", ""saturday"": ""8\u202fAM\u20136\u202fPM"", ""sunday"": ""8\u202fAM\u20136\u202fPM"", ""monday"": ""8\u202fAM\u20136\u202fPM""}","{""dine_in"": true, ""takeout"": true, ""delivery"": true}",,https://lh3.googleusercontent.com/gps-proxy/ALd4DhGXGj92atUJCkvYLCxxXxOg-tp3I0D5tsyCG4SQ8stAwtM4rpl4yrA6sxtoxFA8A4ahmAJXGq51zQDJZdWE2Z2w2BWFJ57vJ47SniWaqYkh-9p5s3kcByJ3SIcBYsLPPfKAJd56La0L1ktVPULcgoPo0Vs6H9UmDvuHu4ofMZET11gCjtkV3wK_YA=w1000-h1000-c-n,38.0334136,-78.4843513,1.0313,True,3
234076,University of Virginia-Main Campus,coffee,ChIJvfYAUQCHs4kRt3b5KdA-e-Q,0x89b387005100f6bd:0xe47b3ed029f976b7,Give & Take Coffee,Coffee shop,"[""Coffee shop""]","416 W Main St A, Charlottesville, VA 22903",(434) 207-2908,https://www.giveandtakecoffee.com/,4.9,83.0,$10–20,Closes soon · 4 PM · Opens 7:30 AM Wed,"""Closes soon \u00b7 4\u202fPM \u00b7 Opens 7:30\u202fAM Wed""","{""tuesday"": ""7:30\u202fAM\u20134\u202fPM"", ""wednesday"": ""7:30\u202fAM\u20134\u202fPM"", ""thursday"": ""7:30\u202fAM\u20134\u202fPM"", ""friday"": ""7:30\u202fAM\u20134\u202fPM"", ""saturday"": ""7:30\u202fAM\u20134\u202fPM"", ""sunday"": ""7:30\u202fAM\u20134\u202fPM"", ""monday"": ""7:30\u202fAM\u20134\u202fPM""}","{""dine_in"": true, ""takeout"": true, ""delivery"": false}",,https://lh3.googleusercontent.com/gps-cs-s/APNQkAGchs9e8JpN8eeyzXYrLzsYk6xS2YgH2GeAgFaDMWUwHfW5EljJR9L7bDm056T7gy_4HXJ1-Cv2nn9Zn0LSfmC7t_IPKxR6LHsRtu7Kl4J1WBZ-4VaKH0fudWsLVjieNwmKKwpkbD-sRcXB=w1000-h1000-c-n,38.0305047,-78.4872594,0.9549,True,3
234076,University of Virginia-Main Campus,coffee,ChIJQ3jA8yaGs4kR6Ezdl3hX2k0,0x89b38626f3c07843:0x4dda577897dd4ce8,Lone Light Coffee,Coffee shop,"[""Coffee shop""]","119 Heather Heyer Way, Charlottesville, VA 22902",(434) 459-9674,http://lonelightcoffee.com/,4.7,166.0,$1–10,Open · Closes 5 PM,"""Open \u00b7 Closes 5\u202fPM""","{""tuesday"": ""7\u202fAM\u20135\u202fPM"", ""wednesday"": ""7\u202fAM\u20135\u202fPM"", ""thursday"": ""7\u202fAM\u20135\u202fPM"", ""friday"": ""7\u202fAM\u20135\u202fPM"", ""saturday"": ""8\u202fAM\u20136\u202fPM"", ""sunday"": ""8\u202fAM\u20136\u202fPM"", ""monday"": ""7\u202fAM\u20135\u202fPM""}","{""dine_in"": true, ""takeout"": true, ""delivery"": false}",,https://lh3.googleusercontent.com/gps-cs-s/APNQkAGrZuSCu7tb5XSxK4j2IkjP8pV_uKqskHzD0DBtouCjajKU8ILlbTy1NGamidLoUs6rpuqlPha6RqjWtr8jSpDx0YPENbwkwCRUNSFhKazgPJiEYSpeEa3NP401mxGL3AmBIBk-=w1000-h1000-c-n,38.0306473,-78.47906499999999,1.3615,True,3
234076,University of Virginia-Main Campus,coffee,ChIJiWwPj2WJs4kRvJbctpWZmns,0x89b389658f0f6c89:0x7b9a9995b6dc96bc,Cumbre Bakery,Bakery,"[""Bakery"", ""Espresso bar""]","820 E Jefferson St, Charlottesville, VA 22902",(434) 999-1616,https://cumbrebakery.com/,4.9,243.0,$10–20,Closed · Opens 8 AM Wed,"""Closed \u00b7 Opens 8\u202fAM Wed""","{""tuesday"": ""8\u202fAM\u20133\u202fPM"", ""wednesday"": ""8\u202fAM\u20133\u202fPM"", ""thursday"": ""8\u202fAM\u20133\u202fPM"", ""friday"": ""8\u202fAM\u20133\u202fPM"", ""saturday"": ""8\u202fAM\u20133\u202fPM"", ""sunday"": ""8\u202fAM\u20133\u202fPM"", ""monday"": ""8\u202fAM\u20133\u202fPM""}","{""dine_in"": true, ""takeout"": true, ""delivery"": true}",,https://lh3.googleusercontent.com/gps-proxy/ALd4DhHZ72Kur1ecLu3Yt1ia9tLRO-zPPJExbtS_7qyLa-Xb1UnI0lDA6AZWY4F19bpBUCV4vO0ZUm9iodx53nUKQJ3q20Lx2q18KRwZUZExfJxi8MWn31KUVDhmoPhJiphFJaDnzCOOHwgEDnhPpFKHkynw1Smp4usrga-9q8RPSUds1nn8cUauI2-e=w1000-h1000-c-n,38.0305761,-78.47471709999999,1.5887,True,3
234076,University of Virginia-Main Campus,coffee,ChIJSyRgtiWGs4kRG7XDAtbuiKs,0x89b38625b660244b:0xab88eed602c3b51b,Mudhouse Specialty Coffee Roasters,Coffee shop,"[""Coffee shop"", ""Bakery"", ""Tea house""]","213 W Main St, Charlottesville, VA 22902",(434) 984-6833,http://mudhouse.com/,4.4,746.0,$1–10,Open · Closes 7 PM,"""Open \u00b7 Closes 7\u202fPM""","{""tuesday"": ""7\u202fAM\u20137\u202fPM"", ""wednesday"": ""7\u202fAM\u20137\u202fPM"", ""thursday"": ""7\u202fAM\u20137\u202fPM"", ""friday"": ""7\u202fAM\u20138\u202fPM"", ""saturday"": ""7\u202fAM\u20138\u202fPM"", ""sunday"": ""7\u202fAM\u20137\u202fPM"", ""monday"": ""7\u202fAM\u20137\u202fPM""}","{""dine_in"": true, ""takeout"": true, ""delivery"": true}",Warm cafe for house roasts & baked goods. Relaxed member of a local mini-chain serving house-roasted coffee & baked goods amid local art.,https://lh3.googleusercontent.com/gps-cs-s/APNQkAFbuGp_W144I7MUlUggfNJCIRVQZGypv2PwnrIzThnitZHaIjgdytO87_suxD19gQQ9-HFJoy3AINDYxy8KMdnzEq-JcMbPSY-QZV9twYsL40y80FDsccBNS1rEmBZW1VP-IG_x=w1000-h1000-c-n,38.0311953,-78.4823493,1.1803,True,3
234076,University of Virginia-Main Campus,coffee,ChIJlQFGaDGGs4kRiAUn8ti51Pg,0x89b3863168460195:0xf8d4b9d8f2270588,Shenandoah Joe Coffee Roasters,Coffee shop,"[""Coffee shop"", ""Cafe"", ""Tea house""]","945 Preston Ave, Charlottesville, VA 22903",(434) 295-4563,http://www.shenandoahjoe.com/,4.6,618.0,$1–10,Open · Closes 7 PM,"""Open \u00b7 Closes 7\u202fPM""","{""tuesday"": ""6:30\u202fAM\u20137\u202fPM"", ""wednesday"": ""6:30\u202fAM\u20137\u202fPM"", ""thursday"": ""6:30\u202fAM\u20137\u202fPM"", ""friday"": ""6:30\u202fAM\u20137\u202fPM"", ""saturday"": ""7:30\u202fAM\u20137\u202fPM"", ""sunday"": ""8\u202fAM\u20133\u202fPM"", ""monday"": ""6:30\u202fAM\u20137\u202fPM""}","{""dine_in"": true, ""takeout"": true, ""delivery"": false}",,https://lh3.googleusercontent.com/gps-cs-s/APNQkAE94mn-o0IrZj2Hs0_o6xE2PwdQPHDDXappnQj8WRKlFbJCX6C-cHZFa2zq5TOkYWuWniHhOUNzI7HGnZNTD-_AdW6PEmondJ-2gdgrnZpPCPBTZykAVt0ate1-GzHvsM49UKJJ=w1000-h1000-c-n,38.0391944,-78.4907806,0.6686,True,3
234076,University of Virginia-Main Campus,coffee,ChIJT0dO0wuHs4kRqrXm-5alxoY,0x89b3870bd34e474f:0x86c6a596fbe6b5aa,Petite MarieBette,Coffee shop,"[""Coffee shop"", ""Breakfast restaurant"", ""Cafe"", ""Bakery"", ""Espresso bar"", ""Lunch restaurant"", ""Pastry shop"", ""Patisserie"", ""Sandwich shop""]","105 E Water St, Charlottesville, VA 22902",(434) 284-8903,http://www.mariebette.com/,4.8,310.0,$10–20,Closes soon · 3:30 PM · Opens 8 AM Wed,"""Closes soon \u00b7 3:30\u202fPM \u00b7 Opens 8\u202fAM Wed""","{""tuesday"": ""8\u202fAM\u20133:30\u202fPM"", ""wednesday"": ""8\u202fAM\u20133:30\u202fPM"", ""thursday"": ""8\u202fAM\u20133:30\u202fPM"", ""friday"": ""8\u202fAM\u20133:30\u202fPM"", ""saturday"": ""8\u202fAM\u20132:30\u202fPM"", ""sunday"": ""8\u202fAM\u20132:30\u202fPM"", ""monday"": ""8\u202fAM\u20133:30\u202fPM""}","{""dine_in"": true, ""curbside_pickup"": true}",,https://lh3.googleusercontent.com/gps-cs-s/APNQkAEMijiLt_1zvG0TytpX5nGfWZA-NZ4Cp9W_emSMXQNfKr3vzarHnahGEUfzuotkN7HfD0S7YuYtvKM1j9P0upddxiKERtSu5X6q4ybIPQ5hvfaBinj87zdnXogLlzYlDMLRlnXYig=w1000-h1000-c-n,38.030098,-78.4815957,1.246,True,3
234076,University of Virginia-Main Campus,coffee,ChIJqQPxrViHs4kRzfsYQBLLKYI,0x89b38758adf103a9:0x8229cb124018fbcd,Kindness Cafe + Play,Coffee shop,"[""Coffee shop""]","151 McIntire Pk Dr, Charlottesville, VA 22903",(434) 956-9182,http://www.kindnesscafecville.com/,5.0,61.0,$1–10,Open · Closes 6:30 PM,"""Open \u00b7 Closes 6:30\u202fPM""","{""tuesday"": ""8\u202fAM\u201312\u202fPM, 2:30\u20136:30\u202fPM"", ""wednesday"": ""8\u202fAM\u201312\u202fPM, 2:30\u20136:30\u202fPM"", ""thursday"": ""8\u202fAM\u201312\u202fPM, 2:30\u20136:30\u202fPM"", ""friday"": ""8\u202fAM\u201312\u202fPM, 2:30\u20136:30\u202fPM"", ""saturday"": ""8\u202fAM\u201312\u202fPM"", ""sunday"": ""Closed"", ""monday"": ""8\u202fAM\u201312\u202fPM, 2:30\u20136:30\u202fPM""}","{""dine_in"": true, ""drive_through"": true, ""delivery"": false}",,https://lh3.googleusercontent.com/gps-cs-s/APNQkAEnfTpeb3SP0jQR9fPDYi7dNSlrOtrIBv6Wc-skIuCjlkUDCA_L_KHBuA3If6500r8ZrKd8N_BVgl5QWu0FyCj2pR1fjwaPIvCHTCLC1TYGlD9wEPvQMwsiP5VdsZgJDSfVCfnNDg=w1000-h1000-c-n,38.0492815,-78.4782503,1.5802,True,3
234076,University of Virginia-Main Campus,coffee,ChIJ2dyRxjGGs4kRqSrdo61nQbE,0x89b38631c691dcd9:0xb14167ada3dd2aa9,MarieBette Café and Bakery,Cafe,"[""Cafe"", ""Bakery"", ""Breakfast restaurant""]","700 Rose Hill Dr, Charlottesville, VA 22903",(434) 529-6118,http://www.mariebette.com/,4.6,1185.0,$10–20,Open · Closes 5 PM,"""Open \u00b7 Closes 5\u202fPM""","{""tuesday"": ""8\u202fAM\u20135\u202fPM"", ""wednesday"": ""8\u202fAM\u20135\u202fPM"", ""thursday"": ""8\u202fAM\u20135\u202fPM"", ""friday"": ""8\u202fAM\u20135\u202fPM"", ""saturday"": ""8:30\u202fAM\u20134:30\u202fPM"", ""sunday"": ""8:30\u202fAM\u20134:30\u202fPM"", ""monday"": ""8\u202fAM\u20135\u202fPM""}","{""dine_in"": true, ""takeout"": true}","Cheery spot for European daytime eats. Charming eatery with outdoor seating, serving European-style breakfast & lunch fare & cakes.",https://lh3.googleusercontent.com/gps-cs-s/APNQkAHyQkeuZJgUMkgVxZXtyYChc0DAy0NJOqxjdoOOG4UEI6v6mA9ujQNUi3BYSiAs9I3G9_Iez4OSDwYgr9lQhpCWQ_NxVYtB0H2hLkeYfzqJom47I-6luT7xY-G_mWpDTc8GxFnCtw=w1000-h1000-c-n,38.037563,-78.487686,0.8206,True,3
234076,University of Virginia-Main Campus,coffee,ChIJz_p5EbSHs4kRvNLkO9eKPpc,0x89b387b41179facf:0x973e8ad73be4d2bc,SK Coffee & CO,Coffee shop,"[""Coffee shop"", ""Cafe""]","1325 W Main St, Charlottesville, VA 22903",,,4.4,107.0,$10–20,Open · Closes 6 PM,"""Open \u00b7 Closes 6\u202fPM""","{""tuesday"": ""7\u202fAM\u20136\u202fPM"", ""wednesday"": ""7\u202fAM\u20136\u202fPM"", ""thursday"": ""7\u202fAM\u20136\u202fPM"", ""friday"": ""7\u202fAM\u20136\u202fPM"", ""saturday"": ""8\u202fAM\u20136\u202fPM"", ""sunday"": ""8\u202fAM\u20136\u202fPM"", ""monday"": ""7\u202fAM\u20136\u202fPM""}","{""dine_in"": true, ""takeout"": true, ""no_contact_delivery"": true}",,https://lh3.googleusercontent.com/gps-proxy/ALd4DhFJC5Q9CF_kDbXjJI_S1ZtRqI95tUDPEpLT2KvO2Saa5_0FrJ7_qYbYmPVfJAIb7u4K2YPRfQc9ulHEhTgFsR6TEiKiX_eYBZ6FGlsJyFlJXDQYbGVg3CS9KaoE-G_1O5-CqkCcZylVIZPIt54MmiTeWHDxKJp0MtO6UE99smHTc0Cg=w1000-h1000-c-n,38.0339903,-78.4988347,0.2976,True,3
234076,University of Virginia-Main Campus,coffee,ChIJWz9KViqGs4kRht2w3IHUixA,0x89b3862a564a3f5b:0x108bd481dcb0dd86,C'Ville Coffee,Coffee shop,"[""Coffee shop"", ""Breakfast restaurant"", ""Cafe"", ""Live music venue"", ""Takeout Restaurant"", ""Restaurant"", ""Sandwich shop""]","1301 Harris St, Charlottesville, VA 22903",(434) 817-2633,http://www.cvillecoffee.com/,4.5,534.0,$20–30,Closes soon · 3:30 PM · Opens 8:30 AM Wed,"""Closes soon \u00b7 3:30\u202fPM \u00b7 Opens 8:30\u202fAM Wed""","{""tuesday"": ""8:30\u202fAM\u20133:30\u202fPM"", ""wednesday"": ""8:30\u202fAM\u20133:30\u202fPM"", ""thursday"": ""8:30\u202fAM\u20133:30\u202fPM"", ""friday"": ""8:30\u202fAM\u20133:30\u202fPM"", ""saturday"": ""8:30\u202fAM\u20133:30\u202fPM"", ""sunday"": ""9:30\u202fAM\u20133:30\u202fPM"", ""monday"": ""8:30\u202fAM\u20133:30\u202fPM""}","{""dine_in"": true, ""takeout"": true, ""no_contact_delivery"": true}","Light bites, wine & espresso. Mugs dangle from the ceiling at this cafe with espresso drinks, breakfast & lunch sandwiches & wine.",https://lh3.googleusercontent.com/gps-cs-s/APNQkAGviTIzBqHasbGJFhB1beTgv3AC-byBxWwmJNobUauAhcBNGG8mHrKVurqKELsgmbe_45Sk0pXWQ-3aMwmROMcplY2S07SHG-z2dgxwKdHIa8AiW0Ggzm6E9SY8Bbf3kiDQlU_X=w1000-h1000-c-n,38.0410484,-78.4776157,1.3959,True,3
234076,University of Virginia-Main Campus,coffee,ChIJcRLPon6Hs4kR_JGANqxtLzI,0x89b3877ea2cf1271:0x322f6dac368091fc,Too Brave Coffee,Coffee shop,"[""Coffee shop""]","100 E Water St, Charlottesville, VA 22902",(434) 529-0846,https://toobravecoffee.com/,5.0,8.0,$1–10,Closed · Opens 9 AM Sat,"""Closed \u00b7 Opens 9\u202fAM Sat""","{""tuesday"": ""Closed"", ""wednesday"": ""Closed"", ""thursday"": ""Closed"", ""friday"": ""Closed"", ""saturday"": ""9\u202fAM\u20131\u202fPM"", ""sunday"": ""Closed"", ""monday"": ""Closed""}","{""dine_in"": true, ""takeout"": true, ""delivery"": false}",,https://lh3.googleusercontent.com/gps-cs-s/APNQkAHBLqFyOJ5wvqBWGp-VPVThLkFgON8YvefS1q4UKjgAKq6_ZbwTEVS1MWpEAXUAgkzn0_rECK4JOUWEjIYR43BhRqNjzqczYk-S5QFYXmKGAGPXaoewXNOKAQSD8IfEkFia8Lm6n5UoCUdw=w1000-h1000-c-n,38.029589,-78.481657,1.2568,True,3
234076,University of Virginia-Main Campus,coffee,ChIJwe_KumCGs4kRaU_G2GmZYaA,0x89b38660bacaefc1:0xa0619969d8c64f69,Atlas Coffee,Espresso bar,"[""Espresso bar"", ""Coffee shop"", ""Restaurant"", ""Tea house""]","2206 Fontaine Ave Ext, Charlottesville, VA 22903",(434) 970-1700,http://atlascoffeecville.com/,4.7,223.0,$1–10,Closed · Opens 7 AM Wed,"""Closed \u00b7 Opens 7\u202fAM Wed""","{""tuesday"": ""7\u202fAM\u20133\u202fPM"", ""wednesday"": ""7\u202fAM\u20133\u202fPM"", ""thursday"": ""7\u202fAM\u20133\u202fPM"", ""friday"": ""7\u202fAM\u20133\u202fPM"", ""saturday"": ""7\u202fAM\u20133\u202fPM"", ""sunday"": ""9\u202fAM\u20132\u202fPM"", ""monday"": ""7\u202fAM\u20133\u202fPM""}","{""dine_in"": true, ""takeout"": true, ""delivery"": false}",,https://lh3.googleusercontent.com/gps-cs-s/APNQkAEwwR8ghQvMriml1hfPYZGbPwMsLbEogDv3u0Gw2Gy5_MxAKRI30EL5xt1AwodePHeiBaVOqIe_px0b7YaI_D9z0FTUVBnn0wjKIHD4em2Qx1R2wWiUHB6Y9Ui70Z60XXih4txY=w1000-h1000-c-n,38.0256968,-78.5157078,1.0523,True,3
234076,University of Virginia-Main Campus,coffee,ChIJ3WpmZEiGs4kRqUkBhbhkhoQ,0x89b3864864666add:0x848664b8850149a9,"Grit Coffee, UVA Corner",Coffee shop,"[""Coffee shop"", ""Cafe""]","19 Elliewood Ave, Charlottesville, VA 22903",(434) 293-4412,http://gritcoffee.com/,4.6,216.0,$1–10,Open · Closes 5 PM,"""Open \u00b7 Closes 5\u202fPM""","{""tuesday"": ""7\u202fAM\u20135\u202fPM"", ""wednesday"": ""7\u202fAM\u20135\u202fPM"", ""thursday"": ""7\u202fAM\u20135\u202fPM"", ""friday"": ""7\u202fAM\u20135\u202fPM"", ""saturday"": ""7\u202fAM\u20135\u202fPM"", ""sunday"": ""7\u202fAM\u20135\u202fPM"", ""monday"": ""7\u202fAM\u20135\u202fPM""}","{""dine_in"": true, ""takeout"": true}",,https://lh3.googleusercontent.com/gps-cs-s/APNQkAEIkd_Mo30WxVLTAtt6GOmrzlREVqLPeLcwVTX5_7mH6rN2eO09yNTQaYvWktFqxVrCwrh0A0sS_LfNDRDPNbNgd7Yk0Wh1nfPM2ajWWxpiRQISWFfaJVMWNn4xLCdpw9d9INWazA=w1000-h1000-c-n,38.0364624,-78.5001724,0.1449,True,3
234076,University of Virginia-Main Campus,coffee,ChIJ44FcguWHs4kRFFGzKKxxmP4,0x89b387e5825c81e3:0xfe9871ac28b35114,Kindness Cafe + Play,Coffee shop,"[""Coffee shop""]","480 Rugby Rd, Charlottesville, VA 22903",(434) 956-9182,https://kindnesscafecville.com/,4.9,31.0,$1–10,Closes soon · 4 PM · Opens 8 AM Wed,"""Closes soon \u00b7 4\u202fPM \u00b7 Opens 8\u202fAM Wed""","{""tuesday"": ""8\u202fAM\u20134\u202fPM"", ""wednesday"": ""8\u202fAM\u20134\u202fPM"", ""thursday"": ""8\u202fAM\u20134\u202fPM"", ""friday"": ""8\u202fAM\u20134\u202fPM"", ""saturday"": ""Closed"", ""sunday"": ""Closed"", ""monday"": ""8\u202fAM\u20134\u202fPM""}","{""dine_in"": true, ""curbside_pickup"": true, ""delivery"": false}",,https://lh3.googleusercontent.com/gps-cs-s/APNQkAFMcBEn5jTH86EolQm38kObF5Req1QNEncviWuKwiR1ppVieEoCx6JJm7aqD8a-HJZHrLPeAH2jFEZk8d_Tdd7gYXvrZKu46ok85OU5QUsm7bDZSja1Aywj3eaNcF6mx00zfSW9=w1000-h1000-c-n,38.0405175,-78.5008897,0.2633,True,3
234076,University of Virginia-Main Campus,coffee,ChIJ9cIxP0eGs4kR8JildLqAXu4,0x89b386473f31c2f5:0xee5e80ba74a598f0,Higher Grounds,Coffee shop,"[""Coffee shop""]","1305 Lane Rd, Charlottesville, VA 22903",,https://www.hg-uva.com/,4.6,37.0,$1–10,Open · Closes 9 PM,"""Open \u00b7 Closes 9\u202fPM""","{""tuesday"": ""6\u202fAM\u20139\u202fPM"", ""wednesday"": ""6\u202fAM\u20139\u202fPM"", ""thursday"": ""6\u202fAM\u20139\u202fPM"", ""friday"": ""6\u202fAM\u20139\u202fPM"", ""saturday"": ""6\u202fAM\u20133\u202fPM"", ""sunday"": ""6\u202fAM\u20133\u202fPM"", ""monday"": ""6\u202fAM\u20139\u202fPM""}","{""dine_in"": true, ""takeout"": true, ""delivery"": false}",,https://lh3.googleusercontent.com/gps-cs-s/APNQkAEsAgwDA9qRlventhL007u7Y8GRkKPRuWL0IjfAKz9w3EoKjmWbCPb92JoX5XyXZSloeTYr-eyytMzlDM7TlzgOHOX4x4WTrEmWskFvMWkPzafVJYcyjvYH1B_e7o2BCNAlibED=w1000-h1000-c-n,38.0310395,-78.49947499999999,0.4486,True,3
234076,University of Virginia-Main Campus,coffee,ChIJ9aJOLP-Hs4kRnwd7MwLJsDI,0x89b387ff2c4ea2f5:0x32b0c902337b079f,"Grit Coffee, Downtown",Coffee shop,"[""Coffee shop""]","201 W Water St, Charlottesville, VA 22902",(434) 971-8743,https://gritcoffee.com/,4.3,30.0,$1–10,Open · Closes 5 PM,"""Open \u00b7 Closes 5\u202fPM""","{""tuesday"": ""7\u202fAM\u20135\u202fPM"", ""wednesday"": ""7\u202fAM\u20135\u202fPM"", ""thursday"": ""7\u202fAM\u20135\u202fPM"", ""friday"": ""7\u202fAM\u20135\u202fPM"", ""saturday"": ""7\u202fAM\u20135\u202fPM"", ""sunday"": ""7\u202fAM\u20135\u202fPM"", ""monday"": ""7\u202fAM\u20135\u202fPM""}","{""dine_in"": true, ""takeout"": true, ""delivery"": false}",,https://lh3.googleusercontent.com/gps-cs-s/APNQkAE2fKunHnAlimk67DGMU1HVBOoNvd5iKZPS9zopdAa78R49zlFIW2riXJ1OgETa-5lfDaTEFOUwgqRFLjc5bvZo7Svsdglxtw5_HLUqJ0lC2JRPUgeIJazXKbTLOi5AuM8ZgbpWTK92eZ4=w1000-h1000-c-n,38.0304688,-78.4826961,1.1808,True,3
123961,University of Southern California,coffee,ChIJfdhvBGPHwoAREoqZB4917s0,0x80c2c763046fd87d:0xcdee758f07998a12,Jetty Coffee Roasters,Coffee shop,"[""Coffee shop"", ""Coffee roastery""]","3220 S Hill St, Los Angeles, CA 90007",(310) 226-6714,http://www.jettycoffeeroasters.com/,4.9,115.0,,Open · Closes 2 PM,"""Open \u00b7 Closes 2\u202fPM""","{""tuesday"": ""7\u202fAM\u20132\u202fPM"", ""wednesday"": ""7\u202fAM\u20132\u202fPM"", ""thursday"": ""7\u202fAM\u20132\u202fPM"", ""friday"": ""7\u202fAM\u20132\u202fPM"", ""saturday"": ""7\u202fAM\u20132\u202fPM"", ""sunday"": ""8\u202fAM\u20133\u202fPM"", ""monday"": ""7\u202fAM\u20132\u202fPM""}","{""onsite_services"": true, ""takeout"": true, ""delivery"": false}",,https://lh3.googleusercontent.com/gps-cs-s/APNQkAEmHX2HmTFgZ_H7rOHcr2uRXA02HBRgwRMUNj5asItWQcUh6ZfeoDyb55d1Tqqc7ezRsZTsFXxaXwZCXZody497ZRc_p3QigukYVimAvSgJ-T-C859_HV-AoHBPR7e15aUvcTtrdrDqbWbq=w1000-h1000-c-n,34.0205887,-118.2741266,0.7278,True,3
110680,University of California-San Diego,coffee,ChIJL9ZbfnYH3IARhs3aCMT51lg,0x80dc07767e5bd62f:0x58d6f9c408dacd86,Pinpoint Cafe,Coffee shop,"[""Coffee shop""]","8899 University Center Ln, San Diego, CA 92122",(858) 933-7277,https://www.pinpoint-cafe.com/,4.9,20.0,$10–20,Open · Closes 3 PM,"""Open \u00b7 Closes 3\u202fPM""","{""tuesday"": ""7:30\u202fAM\u20133\u202fPM"", ""wednesday"": ""7:30\u202fAM\u20133\u202fPM"", ""thursday"": ""7:30\u202fAM\u20133\u202fPM"", ""friday"": ""7:30\u202fAM\u20133\u202fPM"", ""saturday"": ""Closed"", ""sunday"": ""Closed"", ""monday"": ""7:30\u202fAM\u20133\u202fPM""}","{""dine_in"": true, ""curbside_pickup"": true, ""delivery"": true}",,https://lh3.googleusercontent.com/gps-proxy/ALd4DhEo1shCwbWig9R5OxJqXaxSU5Hcw44iOUm5MQ3pMqqGgD8DdBeHhkiDcgCTal2cPYxux8jMr2I8zegPPmPkGo5UXYvCjgzd_itdzip0jaH1__EVzQjdr7-Fjxfk2qUTqLjh601px18LaJIguqSHbpJNHWgC7yX1QhxXrU0lhwp-NGMr-iRkBNr0=w1000-h1000-c-n,32.8696343,-117.2276054,0.6947,True,3
110680,University of California-San Diego,coffee,ChIJTShqgBoB3IARqql_QkWpG-g,0x80dc011a806a284d:0xe81ba945427fa9aa,Coastal Coffee - Scripps Memorial Hospital,Coffee shop,"[""Coffee shop""]","9888 Genesee Ave, La Jolla, CA 92037",(619) 894-6080,,4.9,27.0,$1–10,Open · Closes 5 PM,"""Open \u00b7 Closes 5\u202fPM""","{""tuesday"": ""6:30\u202fAM\u20135\u202fPM"", ""wednesday"": ""6:30\u202fAM\u20135\u202fPM"", ""thursday"": ""6:30\u202fAM\u20135\u202fPM"", ""friday"": ""6:30\u202fAM\u20135\u202fPM"", ""saturday"": ""Closed"", ""sunday"": ""Closed"", ""monday"": ""6:30\u202fAM\u20135\u202fPM""}","{""dine_in"": true, ""takeout"": true, ""delivery"": false}",,https://lh3.googleusercontent.com/gps-cs-s/APNQkAEha_DFRfSKsjWNDQdCMigwlWanl65ptXFCy_rG2cVppduUVQnTZM7DX6EKCTkXcHYdJ-RVrZq6F71iDS7SO4iqvAeUxLXm24T7IVt7w_KrGbKiscEwZMXQywyEy-9ATdxBfGxn=w1000-h1000-c-n,32.8849301,-117.2252637,0.5196,True,3
110680,University of California-San Diego,coffee,ChIJRYcbMwAH3IARBcMhoPp2L6g,0x80dc0700331b8745:0xa82f76faa021c305,Bird Rock Coffee Roasters,Coffee shop,"[""Coffee shop""]","8980 Villa La Jolla Dr, La Jolla, CA 92037",(619) 272-0203,https://birdrockcoffee.com/cafes/the-village/,4.5,158.0,$10–20,Open · Closes 6 PM,"""Open \u00b7 Closes 6\u202fPM""","{""tuesday"": ""6:30\u202fAM\u20136\u202fPM"", ""wednesday"": ""6:30\u202fAM\u20136\u202fPM"", ""thursday"": ""6:30\u202fAM\u20136\u202fPM"", ""friday"": ""6:30\u202fAM\u20136\u202fPM"", ""saturday"": ""6:30\u202fAM\u20136\u202fPM"", ""sunday"": ""6:30\u202fAM\u20136\u202fPM"", ""monday"": ""6:30\u202fAM\u20136\u202fPM""}","{""dine_in"": true, ""takeout"": true, ""delivery"": false}",,https://lh3.googleusercontent.com/gps-cs-s/APNQkAFIP2_bJ0cTmSgaSb-LCZ8Y-n67SbrW8cUph-NGMlaXA3zL966P6ur3GrGUzzWjMfOuW1D7CZcLiFCJweIPTTUZy9g7k2u6GPdqYVmCRAE49WSw4Ygr3Uy8ph4xXgvXWhqeG23kqQ=w1000-h1000-c-n,32.8711701,-117.2341247,0.5844,True,3
110680,University of California-San Diego,coffee,ChIJMZpDkcYG3IARq8BLjpdM_0w,0x80dc06c691439a31:0x4cff4c978e4bc0ab,Art of Espresso,Coffee shop,"[""Coffee shop""]","Mandeville Center, 9500 Gilman Dr, La Jolla, CA 92093",(858) 822-4547,http://artofespresso.com/,4.8,131.0,$1–10,Open · Closes 4 PM,"""Open \u00b7 Closes 4\u202fPM""","{""tuesday"": ""7\u202fAM\u20134\u202fPM"", ""wednesday"": ""7\u202fAM\u20134\u202fPM"", ""thursday"": ""7\u202fAM\u20134\u202fPM"", ""friday"": ""7\u202fAM\u20134\u202fPM"", ""saturday"": ""Closed"", ""sunday"": ""Closed"", ""monday"": ""7\u202fAM\u20134\u202fPM""}","{""dine_in"": true, ""takeout"": true, ""delivery"": false}","Campus standby for coffee & snacks. Relaxed place with coffee, pastries, sandwiches & free Wi-Fi attracting students & faculty.",https://lh3.googleusercontent.com/gps-cs-s/APNQkAFeaujR5X2KFOcIS7GnP2ZYqswo4n2ii7i9gxlUpF5eEtPbrg6PEhov7TKBZ9tLbmaKHYmmypGhWH0NLbR0FGZHRW7Ck6K5oOF41_y4C3EaIdzgRHMuphKht97ttF_54-pRn3Tu=w1000-h1000-c-n,32.8776395,-117.2391975,0.4814,True,3
110680,University of California-San Diego,coffee,ChIJQzkLWsQH3IARVpFyuS2e860,0x80dc07c45a0b3943:0xadf39e2db9729156,Cafe 477 La Jolla,Cafe,"[""Cafe""]","Inside Office Complex - Look for Umbrellas, 8950 Villa La Jolla Dr, La Jolla, CA 92037",(858) 300-7799,https://www.cafe477.com/,4.7,15.0,$1–10,Open · Closes 3 PM,"""Open \u00b7 Closes 3\u202fPM""","{""tuesday"": ""7:30\u202fAM\u20133\u202fPM"", ""wednesday"": ""7:30\u202fAM\u20133\u202fPM"", ""thursday"": ""7:30\u202fAM\u20133\u202fPM"", ""friday"": ""7:30\u202fAM\u20133\u202fPM"", ""saturday"": ""Closed"", ""sunday"": ""Closed"", ""monday"": ""7:30\u202fAM\u20133\u202fPM""}","{""dine_in"": true, ""takeout"": true, ""delivery"": false}",,https://lh3.googleusercontent.com/gps-cs-s/APNQkAGPaW-miYH7WN2yjL8f1ikLOBeEpZtZt_uPg-kxeSsplHXED3VhfPhHlaPAwuAxTAXnCJmcFlsyRm890DL8rmUsNM2I91vDwWMG3D-_vGnEuAtTts1ZOwspkTm6AUNIbPM6eArm=w1000-h1000-c-n,32.8711579,-117.2355656,0.6153,True,3
134130,University of Florida,coffee,ChIJb0m2oA-j6IgRJhRUS2tN8c8,0x88e8a30fa0b6496f:0xcff14d6b4b541426,lowbar coffee,Coffee shop,"[""Coffee shop""]","1001 NW 5th Ave, Gainesville, FL 32601",,http://www.lowbar.coffee/,4.9,99.0,$1–10,Closed · Opens 8 AM Wed,"""Closed \u00b7 Opens 8\u202fAM Wed""","{""tuesday"": ""Closed"", ""wednesday"": ""8\u202fAM\u20133\u202fPM"", ""thursday"": ""8\u202fAM\u20133\u202fPM"", ""friday"": ""8\u202fAM\u20133\u202fPM"", ""saturday"": ""8\u202fAM\u20133\u202fPM"", ""sunday"": ""8\u202fAM\u20133\u202fPM"", ""monday"": ""Closed""}","{""dine_in"": true, ""curbside_pickup"": true, ""delivery"": false}",,https://lh3.googleusercontent.com/gps-cs-s/APNQkAGF3gWhbceK7eTAo_bgFghPL9tyo8fNWOoQLUqAV1lntfW6h6q4y7M0wq-qM38YfQ93_ujcHHB3MCUor6DSt8lkAIJSVWvRdiaR4okQjDvsg45s1ZmBOieORcfiU4PqGndDiANQ_IFQDePf=w1000-h1000-c-n,29.655637,-82.3351275,0.5156,True,3
134130,University of Florida,coffee,ChIJn8tVvpqj6IgRvIB9yTELqG8,0x88e8a39abe55cb9f:0x6fa80b31c97d80bc,Twist Coffee & Cocktails,Cafe,"[""Cafe"", ""Lounge bar""]","413 W University Ave, Gainesville, FL 32601",(352) 376-1224,,5.0,19.0,$1–10,Open · Closes 8 PM,"""Open \u00b7 Closes 8\u202fPM""","{""tuesday"": ""8\u202fAM\u20138\u202fPM"", ""wednesday"": ""8\u202fAM\u20138\u202fPM"", ""thursday"": ""8\u202fAM\u20138\u202fPM"", ""friday"": ""8\u202fAM\u201311\u202fPM"", ""saturday"": ""8\u202fAM\u201311\u202fPM"", ""sunday"": ""8\u202fAM\u20138\u202fPM"", ""monday"": ""8\u202fAM\u20138\u202fPM""}","{""dine_in"": true, ""takeout"": true, ""delivery"": false}",,https://lh3.googleusercontent.com/gps-cs-s/APNQkAEKW5AGGoM1LtAtSqqTRI8pAPZ6c0EQ2lNABEKPGeNI5rtfmNuvB5dHeLsn5Qg7IUKsVhO1bvsZSvllN30l_SAGxh9ZjevKKdjfoLA95_vRBEtFoU0ela5Pe6YHZiwmIzpuaNj8P_0fkfVU=w1000-h1000-c-n,29.651449,-82.3290918,0.6621,True,3
134130,University of Florida,coffee,ChIJjRZwAMOj6IgRcS1V9oFoY_w,0x88e8a3c30070168d:0xfc636881f6552d71,Daydreamer Cafe,Coffee shop,"[""Coffee shop""]","1225 W University Ave ste 100, Gainesville, FL 32601",,https://www.daydreamer.coffee/,4.8,185.0,$1–10,Closed · Opens 9 AM Wed,"""Closed \u00b7 Opens 9\u202fAM Wed""","{""tuesday"": ""9\u202fAM\u20132\u202fPM"", ""wednesday"": ""9\u202fAM\u20132\u202fPM"", ""thursday"": ""9\u202fAM\u20132\u202fPM"", ""friday"": ""9\u202fAM\u20132\u202fPM"", ""saturday"": ""9\u202fAM\u20132\u202fPM"", ""sunday"": ""9\u202fAM\u20132\u202fPM"", ""monday"": ""9\u202fAM\u20132\u202fPM""}","{""dine_in"": true, ""takeout"": true, ""delivery"": false}",,https://lh3.googleusercontent.com/gps-proxy/ALd4DhEGZfUUuBrlEKVQa014gsQzNI_IN9HaMEGJjvcpJh_PG8FkuQkeNobxyjCIEql7XaUbanJsPon0XaSsKYChPhkaYif-iwLbubaZUUmwZQnPMAoQOnenninq5l0m1Z_iTS09TnSEsU47etZVxXm73c3rOa09p3LWZGw-Rb2MOSk3oZFcqqEG1Fg=w1000-h1000-c-n,29.6518847,-82.3380119,0.2038,True,3
134130,University of Florida,coffee,ChIJIfI8S2uj6IgRZp7PWG9bGO8,0x88e8a36b4b3cf221:0xef185b6f58cf9e66,Afternoon Coffee,Coffee shop,"[""Coffee shop""]","619 S Main St unit 5, Gainesville, FL 32601",,https://afternoonroasting.com/,4.7,65.0,$1–10,Closed · Opens 7:30 AM Wed,"""Closed \u00b7 Opens 7:30\u202fAM Wed""","{""tuesday"": ""7:30\u202fAM\u20133\u202fPM"", ""wednesday"": ""7:30\u202fAM\u20133\u202fPM"", ""thursday"": ""7:30\u202fAM\u20133\u202fPM"", ""friday"": ""7:30\u202fAM\u20133\u202fPM"", ""saturday"": ""7:30\u202fAM\u20133\u202fPM"", ""sunday"": ""7:30\u202fAM\u20133\u202fPM"", ""monday"": ""7:30\u202fAM\u20133\u202fPM""}","{""dine_in"": true, ""takeout"": true, ""delivery"": false}",,https://lh3.googleusercontent.com/gps-cs-s/APNQkAEg55WUCliXd8bS7c9I1CcxOQV-OUnipG1IPUKbHIuaNppF0tkymWzm7kKS2LTM59lTAHjdZyCaeeWzYrbv8wptGZdAVopTPeN-d-Epkyp2m7zkD-dC3Xx3u1I1mBZJ3IOilIsJW_0zWM4=w1000-h1000-c-n,29.6457651,-82.3248004,0.9392,True,3
134130,University of Florida,coffee,ChIJSY-p-I2j6IgR32n1JzbU0vU,0x88e8a38df8a98f49:0xf5d2d43627f569df,Opus Coffee - Airstream,Coffee shop,"[""Coffee shop"", ""Coffee roastery"", ""Coffee wholesaler""]","403 SW 4th Ave, Gainesville, FL 32601",,http://opuscoffee.com/,4.8,160.0,$1–10,Open · Closes 6 PM,"""Open \u00b7 Closes 6\u202fPM""","{""tuesday"": ""7\u202fAM\u20136\u202fPM"", ""wednesday"": ""7\u202fAM\u20136\u202fPM"", ""thursday"": ""7\u202fAM\u20136\u202fPM"", ""friday"": ""7\u202fAM\u20136\u202fPM"", ""saturday"": ""7\u202fAM\u20136\u202fPM"", ""sunday"": ""7\u202fAM\u20136\u202fPM"", ""monday"": ""7\u202fAM\u20136\u202fPM""}","{""dine_in"": true, ""takeout"": true, ""delivery"": false}",,https://lh3.googleusercontent.com/gps-cs-s/APNQkAFFgFTFFkCGuG2gsBbohOyP12w7VGtkdHVYICK1hK7YyZlEl7eB1GjD7VFzoPArbt2Wz_BlUDlrhOEArkYUm-43Rdj-5rGPmDu_gwwN1XwUiOATKGMriKlk9dhce_xrLG-IDJ7j5w=w1000-h1000-c-n,29.6481044,-82.3289229,0.6634,True,3
134130,University of Florida,coffee,ChIJJ2AIFGSj6IgRziw2uTJrSAU,0x88e8a36414086027:0x5486b32b9362cce,Cafe THCA,Cafe,"[""Cafe""]","404 SE 2nd St, Gainesville, FL 32601",(352) 234-8090,http://www.cafethca.com/,5.0,76.0,$10–20,Open · Closes 10 PM,"""Open \u00b7 Closes 10\u202fPM""","{""tuesday"": ""9\u202fAM\u201310\u202fPM"", ""wednesday"": ""9\u202fAM\u20138\u202fPM"", ""thursday"": ""9\u202fAM\u201310\u202fPM"", ""friday"": ""9\u202fAM\u201311\u202fPM"", ""saturday"": ""9\u202fAM\u201311\u202fPM"", ""sunday"": ""10\u202fAM\u20138\u202fPM"", ""monday"": ""9\u202fAM\u20138\u202fPM""}","{""takeout"": false, ""delivery"": false}",,https://lh3.googleusercontent.com/gps-cs-s/APNQkAGiTFDenamHzhC2YKtZDJv6k8zPP4gEMdf-nDdukL7FzeIa-UwCmfIK9-KlJM523vglpL_T9eXaMZ24BWq_D6HRGUF1U3s0fW02C48KgQCsQf_WcNEoD6WiYPaaAzLWo2dOcBkwJm_uCKBC=w1000-h1000-c-n,29.6482422,-82.3232771,0.9995,True,3
134130,University of Florida,coffee,ChIJ0VTYWwij6IgR7shea8P7KdQ,0x88e8a3085bd854d1:0xd429fbc36b5ec8ee,Kava Gator Coffee Shop,Coffee shop,"[""Coffee shop"", ""Tea house"", ""Tea store""]","185 E University Ave, Gainesville, FL 32601",(352) 244-9942,http://kavagator.com/about/,4.7,343.0,,Open · Closes 11 PM,"""Open \u00b7 Closes 11\u202fPM""","{""tuesday"": ""7\u202fAM\u201311\u202fPM"", ""wednesday"": ""7\u202fAM\u201311\u202fPM"", ""thursday"": ""7\u202fAM\u201311\u202fPM"", ""friday"": ""7\u202fAM\u201311\u202fPM"", ""saturday"": ""7\u202fAM\u201311\u202fPM"", ""sunday"": ""7\u202fAM\u201311\u202fPM"", ""monday"": ""7\u202fAM\u201311\u202fPM""}","{""dine_in"": true, ""takeout"": true, ""delivery"": true}",,https://lh3.googleusercontent.com/gps-cs-s/APNQkAHYq4_ivr4hbeu2Joj_m7_iJqt3DtuWBglu-NqDgUG2MHbcbXxyYmocC1ManHXB6OR-FEvO3_u1uZQudAvVI6c292Ypb6rprbnQNmUjXKoRiv5Tq2WcL0IsoZaZgNiYqsHsXTrx4rgV1rf6=w1000-h1000-c-n,29.6517103,-82.3232511,1.0103,True,3
134130,University of Florida,coffee,ChIJ-XytOIKj6IgRro9gmn8G7ok,0x88e8a38238ad7cf9:0x89ee067f9a608fae,Pascal's Coffeehouse,Coffee shop,"[""Coffee shop"", ""Espresso bar""]","112 NW 16th St, Gainesville, FL 32603",(352) 377-5480,http://www.pascalscoffee.com/,4.6,355.0,$1–10,Open · Closes 5 PM,"""Open \u00b7 Closes 5\u202fPM""","{""tuesday"": ""8\u202fAM\u20135\u202fPM"", ""wednesday"": ""8\u202fAM\u20135\u202fPM"", ""thursday"": ""8\u202fAM\u20135\u202fPM"", ""friday"": ""8\u202fAM\u20135\u202fPM"", ""saturday"": ""8\u202fAM\u20133\u202fPM"", ""sunday"": ""Closed"", ""monday"": ""8\u202fAM\u20135\u202fPM""}","{""dine_in"": true, ""takeout"": true, ""delivery"": false}",Cozy coffee shop & study spot. Christian–themed cafe & student haunt serving java & snacks in comfy surrounds with a fireplace.,https://lh3.googleusercontent.com/gps-cs-s/APNQkAGoNiMVTLNfKNAq2qs5vHpc9O9T5smwjku7eyfr1J89pme1hRMlBu0oMEJo8TYzS8FQMf69hpg14lH2lFm9q5KXpuuWFX67em1bfWQ_yGOppDMN6walfwkG3OelI8uTr-BekhJf=w1000-h1000-c-n,29.6532096,-82.3434686,0.3399,True,3
134130,University of Florida,coffee,ChIJgVFTjXij6IgRx274YeWh8aU,0x88e8a3788d535181:0xa5f1a1e561f86ec7,Wyatt's Coffee,Coffee shop,"[""Coffee shop""]","202 SE 2nd Ave, Gainesville, FL 32601",(352) 519-5818,http://wyattscoffee.com/,4.6,694.0,$1–10,Open · Closes 5 PM,"""Open \u00b7 Closes 5\u202fPM""","{""tuesday"": ""8\u202fAM\u20135\u202fPM"", ""wednesday"": ""8\u202fAM\u20135\u202fPM"", ""thursday"": ""8\u202fAM\u20135\u202fPM"", ""friday"": ""8\u202fAM\u20135\u202fPM"", ""saturday"": ""8\u202fAM\u20135\u202fPM"", ""sunday"": ""8\u202fAM\u20135\u202fPM"", ""monday"": ""8\u202fAM\u20135\u202fPM""}","{""dine_in"": true, ""takeout"": true, ""delivery"": true}",,https://lh3.googleusercontent.com/gps-cs-s/APNQkAFAmJKvGEOe7a-V0k2FG2ZeXSb-GmSPC6FAJNbj_qs3_Dywd7di3iItIBbIwvLQQDYcU5TwSdcBgq4uojbcoMfsNSUOcxm1LYSDggVOrX6daewzvj25Zd7ZRRD4WyuBpn3Y75owZg=w1000-h1000-c-n,29.6504107,-82.3237371,0.971,True,3
134130,University of Florida,coffee,ChIJ0x1ZLACj6IgRHW3Eyr2MmyY,0x88e8a3002c591dd3:0x269b8cbdcac46d1d,Cafe Voltaire,Coffee shop,"[""Coffee shop""]","48 SW 2nd St, Gainesville, FL 32601",(352) 283-8327,https://www.cafe-voltaire.com/,4.6,76.0,$10–20,Closes soon · 4 PM · Opens 8 AM Wed,"""Closes soon \u00b7 4\u202fPM \u00b7 Opens 8\u202fAM Wed""","{""tuesday"": ""8\u202fAM\u20134\u202fPM"", ""wednesday"": ""8\u202fAM\u20134\u202fPM"", ""thursday"": ""8\u202fAM\u201310\u202fPM"", ""friday"": ""8\u202fAM\u201310\u202fPM"", ""saturday"": ""8\u202fAM\u201310\u202fPM"", ""sunday"": ""8\u202fAM\u20134\u202fPM"", ""monday"": ""Closed""}","{""dine_in"": true, ""takeout"": true, ""delivery"": false}",,https://lh3.googleusercontent.com/gps-cs-s/APNQkAHpKzlA2i6Mf3iZcEZX4eTd_34g5am7uvTDkcxLzlOuQGWgKlrUFGHhxpx4wDhNVUKvg1h6WnmqXTMuKm1CRFKiFcMx4QJMknemjYlinjydHcQBDma0_QtBT8BIjfLiPPJ0x1EtpM0gEBUI=w1000-h1000-c-n,29.6512277,-82.3267523,0.7974,True,3
134130,University of Florida,coffee,ChIJWye0p06l6IgRvu22Ci8jfZI,0x88e8a54ea7b4275b:0x927d232f0ab6edbe,Coterie Market,Cafe,"[""Cafe"", ""Gift shop""]","1025 W University Ave, Gainesville, FL 32601",(352) 888-4140,https://www.coteriemarket.org/,4.9,73.0,$1–10,Open · Closes 5 PM,"""Open \u00b7 Closes 5\u202fPM""","{""tuesday"": ""10\u202fAM\u20135\u202fPM"", ""wednesday"": ""10\u202fAM\u20135\u202fPM"", ""thursday"": ""10\u202fAM\u20135\u202fPM"", ""friday"": ""10\u202fAM\u20135\u202fPM"", ""saturday"": ""9\u202fAM\u20137\u202fPM"", ""sunday"": ""9\u202fAM\u20137\u202fPM"", ""monday"": ""10\u202fAM\u20135\u202fPM""}","{""dine_in"": true, ""takeout"": true, ""delivery"": false}",,https://lh3.googleusercontent.com/gps-cs-s/APNQkAGDdY42DCjFipbnoXLhp_xpCIkk1BIDRrl0jNZydsk2bc8vX9mUlPC-DY1R6h-atjPZoEfmHVSdlKrOXB6fxBqBp81r4teFkfyekzIfjPHb2ZYJ2MPmfQ7C8-7cAnQZdU73IL2R8626vw9R=w1000-h1000-c-n,29.6518991,-82.3359914,0.2892,True,3
228778,The University of Texas at Austin,coffee,ChIJX_lihC-1RIYRu7mHGMu7cqU,0x8644b52f8462f95f:0xa572bbcb1887b9bb,Haraz Coffee House,Coffee shop,"[""Coffee shop""]","500 W Martin Luther King Jr Blvd Suite A, Austin, TX 78701",(512) 243-5667,http://harazcoffeehouse.com/,4.6,249.0,$1–10,Open · Closes 10 PM,"""Open \u00b7 Closes 10\u202fPM""","{""tuesday"": ""7\u202fAM\u201310\u202fPM"", ""wednesday"": ""7\u202fAM\u201310\u202fPM"", ""thursday"": ""7\u202fAM\u201310\u202fPM"", ""friday"": ""7\u202fAM\u201310\u202fPM"", ""saturday"": ""7\u202fAM\u201310\u202fPM"", ""sunday"": ""7\u202fAM\u201310\u202fPM"", ""monday"": ""7\u202fAM\u201310\u202fPM""}","{""dine_in"": true, ""curbside_pickup"": true, ""delivery"": false}",,https://lh3.googleusercontent.com/gps-proxy/ALd4DhG2oawq9LC0Ne6y78Pu53DX50n80VtqIirSNCk7ttrLe3zrdAxeU8tOTpV_LZDGw1H9oRD_uGQOOqpquL0Bdx0eheA2uiztNUtRVY9W2WW08CX9Hc_spWbciXAMee4wVdQCm30MIri1ysn0U7ZNTGazOr_mNyEqVEs7K0y3bTT_tr8WwbvU2gZg2w=w1000-h1000-c-n,30.2823385,-97.7434096,0.3537,True,3
139755,Georgia Institute of Technology-Main Campus,coffee,ChIJqxX9WPgF9YgR8j-sffrjhFU,0x88f505f858fd15ab:0x5584e3fa7dac3ff2,Foxtail Coffee - Society Atlanta,Coffee shop,"[""Coffee shop""]","811 Peachtree St NE Unit 5, Atlanta, GA 30308",(678) 358-4320,"https://www.foxtailcoffee.com/locations/foxtail-coffee-society-atlanta,-ga",4.8,50.0,$1–10,Open · Closes 6 PM,"""Open \u00b7 Closes 6\u202fPM""","{""tuesday"": ""6\u202fAM\u20136\u202fPM"", ""wednesday"": ""6\u202fAM\u20136\u202fPM"", ""thursday"": ""6\u202fAM\u20136\u202fPM"", ""friday"": ""6\u202fAM\u20136\u202fPM"", ""saturday"": ""6\u202fAM\u20136\u202fPM"", ""sunday"": ""6\u202fAM\u20136\u202fPM"", ""monday"": ""6\u202fAM\u20136\u202fPM""}","{""dine_in"": true, ""takeout"": true, ""delivery"": true}",,https://lh3.googleusercontent.com/gps-proxy/ALd4DhHDLVGsrKz9VDnei5w6UoLXJOMKPtiGCrtbTXjfavAaubutO-x0QGD7c9e1MShEOSGbZugSpMhLyw7OgFWKWY6BKochaSXXHWsUnv8ZY15j5X3x7bfW40jU_g-0OH7TkVQeJpt0Ohc02AErbWNnJUM27Pe674R84rSWBDeCtCT-MKpzwwQpBJOtqA=w1000-h1000-c-n,33.7768995,-84.38360929999999,0.7009,True,3
139755,Georgia Institute of Technology-Main Campus,coffee,ChIJjUpyD60F9YgR6d1vfT7V14o,0x88f505ad0f724a8d:0x8ad7d53e7d6fdde9,Aviator Coffee Company | Downtown,Coffee shop,"[""Coffee shop""]","55 Ivan Allen Jr Blvd NW, Atlanta, GA 30308",,http://www.aviatorcoffeega.com/,4.9,39.0,$1–10,Closed · Opens 7 AM Wed,"""Closed \u00b7 Opens 7\u202fAM Wed""","{""tuesday"": ""7\u202fAM\u20133\u202fPM"", ""wednesday"": ""7\u202fAM\u20133\u202fPM"", ""thursday"": ""7\u202fAM\u20133\u202fPM"", ""friday"": ""7\u202fAM\u20133\u202fPM"", ""saturday"": ""8\u202fAM\u20132\u202fPM"", ""sunday"": ""Closed"", ""monday"": ""7\u202fAM\u20133\u202fPM""}","{""dine_in"": true, ""takeout"": true, ""delivery"": false}",,https://lh3.googleusercontent.com/gps-proxy/ALd4DhFFAI4PDER8h_FQprkL0mwd5J_rxH2dRA3x9VOosIzKxi8ZC2tOeMYgWbEQfq9AJdfOOs6MlT-uO91Tora2_Vs7u4QyWK0bBriCGiuZ4feCeGkAQogpN5iXwLVeTyu_73Wr07sYwdjuda_injq3wQ9bUwCuEhV3D30IKGd3LahQiXLGaTJ7qUvPbQ=w1000-h1000-c-n,33.764783,-84.3899871,0.5737,True,3
139755,Georgia Institute of Technology-Main Campus,coffee,ChIJPSqLR9AF9YgR0bYUfn3GZ6w,0x88f505d0478b2a3d:0xac67c67d7e14b6d1,Apotheos Coffee Midtown,Coffee shop,"[""Coffee shop""]","740 W Peachtree St NW, Atlanta, GA 30308",,http://apotheosroastery.com/,4.6,127.0,$1–10,Open · Closes 7 PM,"""Open \u00b7 Closes 7\u202fPM""","{""tuesday"": ""7\u202fAM\u20137\u202fPM"", ""wednesday"": ""7\u202fAM\u20137\u202fPM"", ""thursday"": ""7\u202fAM\u20137\u202fPM"", ""friday"": ""7\u202fAM\u20134\u202fPM"", ""saturday"": ""Closed"", ""sunday"": ""Closed"", ""monday"": ""7\u202fAM\u20137\u202fPM""}","{""dine_in"": true, ""takeout"": true, ""delivery"": false}",,https://lh3.googleusercontent.com/gps-cs-s/APNQkAGcsPcw0qbWlGPzaFUMf3N-2zhlyanDWUxjBBj9NiOy9qld5ovQTWXd4iTpfMhEOhKpj6YPMfKpAo3dXMzJY_L7pPgq1cvC1oXrykuHAGFxR73N1_f87LBQCHFrliXnHp_KFnzP=w1000-h1000-c-n,33.7749224,-84.3876342,0.433,True,3
139755,Georgia Institute of Technology-Main Campus,coffee,ChIJmzKErJME9YgRducKeLi6du8,0x88f50493ac84329b:0xef76bab8780ae776,Urban Grind,Coffee shop,"[""Coffee shop"", ""Bakery"", ""Breakfast restaurant"", ""Cafe"", ""Espresso bar"", ""Internet cafe"", ""Mobile caterer"", ""Tea house""]","962 Marietta St NW, Atlanta, GA 30318",,http://urbangrindatlanta.com/,4.5,694.0,$1–10,Open · Closes 6 PM,"""Open \u00b7 Closes 6\u202fPM""","{""tuesday"": ""7:30\u202fAM\u20136\u202fPM"", ""wednesday"": ""7:30\u202fAM\u20136\u202fPM"", ""thursday"": ""7:30\u202fAM\u20139:30\u202fPM"", ""friday"": ""7:30\u202fAM\u20136\u202fPM"", ""saturday"": ""8:30\u202fAM\u20136\u202fPM"", ""sunday"": ""8:30\u202fAM\u20136\u202fPM"", ""monday"": ""7:30\u202fAM\u20136\u202fPM""}","{""dine_in"": true, ""takeout"": true, ""delivery"": true}","Coffeehouse & arts event space. Hip coffeehouse with cafe menu & free WiFi holds film screenings, poetry slams & other arty events.",https://lh3.googleusercontent.com/gps-proxy/ALd4DhGroWOlh26KSNXhBnU9VQiO63rG2hK3bDeEO203zafnUVx3csg_JyrkOwElXjbhU16ANTfyY1gWG4e4q2G7OWC6IxZ31dWKHIbGFtnaFalc-JfbG5WD0aX7dHIVq5XKs0cy4zr6Xxi3Z_QyfJ3E7eCP8vifgXuY_Jwj6oLdDu_1mKjRMJqb3NYMrQ=w1000-h1000-c-n,33.7774314,-84.4088155,0.901,True,3
193900,New York University,coffee,ChIJsQ9CzHgrkqUR7CzbnNwGVVM,0xa5922b78cc420fb1:0x535506dc9cdb2cec,Blue Dove Coffee,Coffee shop,"[""Coffee shop""]","33 Union Square W, New York, NY 10003",(646) 939-0937,https://www.bluedovecoffee.com/,4.8,287.0,$1–10,Closes soon · 4 PM · Opens 7 AM Wed,"""Closes soon \u00b7 4\u202fPM \u00b7 Opens 7\u202fAM Wed""","{""tuesday"": ""7\u202fAM\u20134\u202fPM"", ""wednesday"": ""7\u202fAM\u20134\u202fPM"", ""thursday"": ""7\u202fAM\u20134\u202fPM"", ""friday"": ""7\u202fAM\u20134\u202fPM"", ""saturday"": ""9\u202fAM\u20133\u202fPM"", ""sunday"": ""9\u202fAM\u20133\u202fPM"", ""monday"": ""7\u202fAM\u20134\u202fPM""}","{""dine_in"": true, ""takeout"": true, ""delivery"": true}",,https://lh3.googleusercontent.com/gps-proxy/ALd4DhFKZQFVi5dGGZ_9L1WO2l4uUU4JcbILrsux88XEpVI0EqJLIc4evax7-QgGtZfV_BbRl1sUnLIJbb5FwjujPD23UN63x92dnd0ridHS5FrwsHb5BnnwbCOKAfjCBw0kDbj1IPQRHZikKbFWpKPN5Q4_NCmR2Tiohc8h_h5m1qm9xXrVnckQdx1EOA=w1000-h1000-c-n,40.7368708,-73.9909297,0.6106,True,3
193900,New York University,coffee,ChIJo20fEQpZwokRW7sSJjFierw,0x89c2590a111f6da3:0xbc7a62312612bb5b,BUDDIES COFFEE,Coffee shop,"[""Coffee shop"", ""Coffee roastery"", ""Coffee stand"", ""Coffee store"", ""Espresso bar""]","226 E 3rd St, New York, NY 10009",(212) 203-1918,http://buddiescoffeenyc.com/,5.0,1241.0,$1–10,Closes soon · 3:30 PM · Opens 8 AM Wed,"""Closes soon \u00b7 3:30\u202fPM \u00b7 Opens 8\u202fAM Wed""","{""tuesday"": ""8\u202fAM\u20133:30\u202fPM"", ""wednesday"": ""8\u202fAM\u20133:30\u202fPM"", ""thursday"": ""8\u202fAM\u20133:30\u202fPM"", ""friday"": ""8\u202fAM\u20133:30\u202fPM"", ""saturday"": ""8\u202fAM\u20134\u202fPM"", ""sunday"": ""9\u202fAM\u20133:30\u202fPM"", ""monday"": ""8\u202fAM\u20134\u202fPM""}","{""dine_in"": true, ""takeout"": true, ""delivery"": false}",,https://lh3.googleusercontent.com/gps-cs-s/APNQkAGaWnxm5rM6uEYrus0vRle119ukm4ZZUbFKsG7lJQMya-LIALjzUZXrQ8Z6Dq7BOh-X4uhu0cp95Kjehogs80F0lM0xsMhSyXgx5_cBalQ37yfnxESzlGPof5c9brHMQ0j4Z8zu=w1000-h1000-c-n,40.722209,-73.98217249999999,0.9325,True,3
193900,New York University,coffee,ChIJ_dckWptZwokR_LkU9WxPNZ4,0x89c2599b5a24d7fd:0x9e354f6cf514b9fc,Coffee Project New York | East Village,Coffee shop,"[""Coffee shop"", ""Breakfast restaurant"", ""Cafe""]","239 E 5th St, New York, NY 10003",(212) 228-7888,https://coffeeprojectny.com/?utm_source=google&utm_medium=organic&utm_campaign=gmb_ev,4.6,816.0,$10–20,Open · Closes 5 PM,"""Open \u00b7 Closes 5\u202fPM""","{""tuesday"": ""7:30\u202fAM\u20135\u202fPM"", ""wednesday"": ""7:30\u202fAM\u20135:30\u202fPM"", ""thursday"": ""7:30\u202fAM\u20135:30\u202fPM"", ""friday"": ""7:30\u202fAM\u20135:30\u202fPM"", ""saturday"": ""8\u202fAM\u20135:30\u202fPM"", ""sunday"": ""8\u202fAM\u20135:30\u202fPM"", ""monday"": ""7:30\u202fAM\u20135\u202fPM""}","{""dine_in"": true, ""curbside_pickup"": true}","Hip nook for innovative coffee drinks. Cozy, brick-lined joint for inventive drinks such as deconstructed lattes and nitro cold-brew coffee.",https://lh3.googleusercontent.com/gps-cs-s/APNQkAHlZeQ14XgYP7aW6DpkZGuJQDzloUYRxYMfHmOa-sLs9-3t6BWWH3rK9WZqihHts2jf10TZw4KuAaLOlNaCSfClRmR3AwKyAAC3rKAbB7Z3-1ch-iZNeO9ohKSHQ7-WP2dlVwVEsw=w1000-h1000-c-n,40.7270884,-73.98938199999999,0.441,True,3
110644,University of California-Davis,coffee,ChIJK0oJGg8phYARUPGTT8ClXTU,0x8085290f1a094a2b:0x355da5c04f93f150,The Coffee House,Coffee shop,"[""Coffee shop""]","1 Shields Ave, Davis, CA 95616",(530) 754-2646,http://coffeehouse.ucdavis.edu/,4.3,272.0,$1–10,Open · Closes 8 PM,"""Open \u00b7 Closes 8\u202fPM""","{""tuesday"": ""8:30\u202fAM\u20138\u202fPM"", ""wednesday"": ""8:30\u202fAM\u20138\u202fPM"", ""thursday"": ""8:30\u202fAM\u20138\u202fPM"", ""friday"": ""8:30\u202fAM\u20134\u202fPM"", ""saturday"": ""10\u202fAM\u20132\u202fPM"", ""sunday"": ""Closed"", ""monday"": ""8:30\u202fAM\u20138\u202fPM""}","{""dine_in"": true, ""takeout"": true, ""delivery"": false}","Airy UC Davis campus cafe with a patio. Bright, roomy cafe on the UC Davis campus, providing coffee, sandwiches & other light fare.",https://lh3.googleusercontent.com/gps-cs-s/APNQkAEVrPg1lakbV9oA5qbrrreNF93-o3fyBZFBG8GdRKQBQ_TR2yldRfo09qoUgwI7blxy2mkDpvj3ob3UtDF7TCQHYCamg3ASGmkBGZ5cmHhEPr4ADfgLa_FqErKo99Mx9waZYf-2yQ=w1000-h1000-c-n,38.5418809,-121.7500219,2.2713,True,3
110644,University of California-Davis,coffee,ChIJBwYw3nEphYAReqcVtwtXv44,0x80852971de300607:0x8ebf570bb715a77a,Frenzy Coffee Co.,Coffee shop,"[""Coffee shop""]","305 1st St, Davis, CA 95616",(530) 298-1478,https://frenzycoffee.com/,4.1,57.0,$1–20,Open · Closes 7 PM,"""Open \u00b7 Closes 7\u202fPM""","{""tuesday"": ""7\u202fAM\u20137\u202fPM"", ""wednesday"": ""7\u202fAM\u20137\u202fPM"", ""thursday"": ""7\u202fAM\u20137\u202fPM"", ""friday"": ""7\u202fAM\u20137\u202fPM"", ""saturday"": ""7\u202fAM\u20137\u202fPM"", ""sunday"": ""7\u202fAM\u20137\u202fPM"", ""monday"": ""7\u202fAM\u20137\u202fPM""}","{""dine_in"": true, ""takeout"": true, ""delivery"": false}",,https://lh3.googleusercontent.com/gps-cs-s/APNQkAFirMKvygMpkGFdJHoFzbyC50XjojtbkG3VZQfdifD0HnqN1MabYdM3wCPbSMCkKc1YsOFVff15mR_HzI64y-KLMLuvfxNvds6i4clQ6CMIjl33EEWqAqVnDfkAzN6_9m_KPX7h=w1000-h1000-c-n,38.5417542,-121.7437276,2.6005,True,3
110644,University of California-Davis,coffee,ChIJYWZvOAAphYAR03GRV3e7iig,0x80852900386f6661:0x288abb77579171d3,Anti Monday (Vietnamese Coffee - Matcha),Coffee shop,"[""Coffee shop""]","1260 Lake Blvd Suite 103, Davis, CA 95616",(530) 219-2910,,4.7,15.0,$1–10,Closed · Opens 1 PM,"""Closed \u00b7 Opens 1\u202fPM""","{""tuesday"": ""1\u201310\u202fPM"", ""wednesday"": ""1\u201310\u202fPM"", ""thursday"": ""1\u201310\u202fPM"", ""friday"": ""1\u201310\u202fPM"", ""saturday"": ""1\u201310\u202fPM"", ""sunday"": ""1\u201310\u202fPM"", ""monday"": ""1\u201310\u202fPM""}","{""dine_in"": true, ""takeout"": true, ""delivery"": true}",,https://lh3.googleusercontent.com/gps-proxy/ALd4DhEdBjhBXTjuD9YmhDG3jmVwG75AvvvBUEDHt4XQu9camYCsBnhVUSDLCGjXaHc3GHMz-B1vgMZrwi5-nAV2yOek4UAefoKRr5pknIS6TfD0aYwBft4_-rtMvID5XjlJGc8PH0a7Phkbdwiui3JR1tZ44MDlt04VTe4BXBBk4eT8yU-ZuBhSF1B4=w1000-h1000-c-n,38.5541972,-121.7868195,1.4259,True,3
110644,University of California-Davis,coffee,ChIJn5AVdkAphYARn30NRW1rzEA,0x808529407615909f:0x40cc6b6d450d7d9f,Delta of Venus,Cafe,"[""Cafe""]","122 B St, Davis, CA 95616",,http://deltaofvenus.org/,4.5,66.0,$10–20,Closes soon · 1 PM · Opens 8 AM Wed,"""Closes soon \u00b7 1\u202fPM \u00b7 Opens 8\u202fAM Wed""","{""tuesday"": ""8\u202fAM\u20131\u202fPM"", ""wednesday"": ""8\u202fAM\u20131\u202fPM"", ""thursday"": ""8\u202fAM\u20131\u202fPM, 5\u201310\u202fPM"", ""friday"": ""8\u202fAM\u20131\u202fPM, 5\u201310\u202fPM"", ""saturday"": ""8\u202fAM\u20131\u202fPM"", ""sunday"": ""8\u202fAM\u20131\u202fPM"", ""monday"": ""8\u202fAM\u20131\u202fPM""}","{""dine_in"": true, ""takeout"": true, ""delivery"": false}",,https://lh3.googleusercontent.com/gps-cs-s/APNQkAErlsY52MSUX7C6oWfwC42GnsmoTqB-lX5G-HBJpx5FdA9RLcGTvfSYGClBH6zz6lF7gOIw3JMUj9iqJekWmEc9LfUj0bJDY_CALNWYK-lIHjhrk4005izKnqBwAWP-JBx6hUtV=w1000-h1000-c-n,38.5421712,-121.7438659,2.5994,True,3
110644,University of California-Davis,coffee,ChIJq9lmNrAphYARL0c40QqUlNo,0x808529b03666d9ab:0xda94940ad138472f,Four Teasons Coffee & Tea,Bubble tea store,"[""Bubble tea store""]","California, Davis, W Covell Blvd, 邮政编码: 95616",(530) 983-6873,https://pos.chowbus.com/online-ordering/store/Four-Teasons-Coffee-Tea/23273,4.4,16.0,,Open · Closes 10 PM,"""Open \u00b7 Closes 10\u202fPM""","{""tuesday"": ""12\u201310\u202fPM"", ""wednesday"": ""12\u201310\u202fPM"", ""thursday"": ""12\u201310\u202fPM"", ""friday"": ""12\u201310\u202fPM"", ""saturday"": ""10\u202fAM\u201310\u202fPM"", ""sunday"": ""10\u202fAM\u201310\u202fPM"", ""monday"": ""12\u201310\u202fPM""}","{""dine_in"": true, ""takeout"": true, ""no_contact_delivery"": true}",,https://lh3.googleusercontent.com/gps-proxy/ALd4DhFz7QAiTdavaPGrK5e5mMxGtXOCDl1DbDnbMKkZFAAOg23ZX5CAKPZ-yvUj3_z4v6206rqrryEcTdD2mN8p9BMWKFY1q9DJFUfdje29NRXZaMHb-VYhwnQcklM6ieM1xYFCLg4buvYWY19ea1wc6L7P4guPNdK2p7raoCe0o4YnCac_Wj2GAPcGwg=w1000-h1000-c-n,38.5603968,-121.7567678,2.5986,True,3
110644,University of California-Davis,coffee,ChIJ-eTx1okphYARt-WfNZfwj-Q,0x80852989d6f1e4f9:0xe48ff097359fe5b7,California Coffee,Coffee shop,"[""Coffee shop""]","205 California Ave, Davis, CA 95616",,https://housing.ucdavis.edu/dining/coffee/california-coffee/,3.0,2.0,,Open · Closes 5 PM,"""Open \u00b7 Closes 5\u202fPM""","{""tuesday"": ""7:30\u202fAM\u20135\u202fPM"", ""wednesday"": ""7:30\u202fAM\u20135\u202fPM"", ""thursday"": ""7:30\u202fAM\u20135\u202fPM"", ""friday"": ""7:30\u202fAM\u20135\u202fPM"", ""saturday"": ""Closed"", ""sunday"": ""Closed"", ""monday"": ""7:30\u202fAM\u20135\u202fPM""}","{""dine_in"": true}",,https://lh3.googleusercontent.com/gps-cs-s/APNQkAFfW8VRpeJXjnWz9bTN-mX__Avy9Oug2qOWNYkbaW_GNZvnMb1P2wZ9cXblVKuG0qDHmUKbk0WZsbRbET8sTeaDz3nvbmMFCt0jO7ySImKJSCkZeTy818hOcQLIEgOrj9z0cEaGJHvPRzfq=w1000-h1000-c-n,38.5412766,-121.7530242,2.1037,True,3
110644,University of California-Davis,coffee,ChIJn15DPbYphYAREpEG6rEd3Ds,0x808529b63d435e9f:0x3bdc1db1ea069112,Sage Street Market & Cafe,Cafe,"[""Cafe""]","201 Sage St, Davis, CA 95616",,https://housing.ucdavis.edu/dining/sage-street/,4.2,9.0,$10–20,Open · Closes 10 PM,"""Open \u00b7 Closes 10\u202fPM""","{""tuesday"": ""10\u202fAM\u201310\u202fPM"", ""wednesday"": ""10\u202fAM\u201310\u202fPM"", ""thursday"": ""10\u202fAM\u201310\u202fPM"", ""friday"": ""10\u202fAM\u201310\u202fPM"", ""saturday"": ""9\u202fAM\u20138\u202fPM"", ""sunday"": ""9\u202fAM\u20138\u202fPM"", ""monday"": ""10\u202fAM\u201310\u202fPM""}","{""dine_in"": true, ""takeout"": true, ""delivery"": false}",,https://lh3.googleusercontent.com/gps-cs-s/APNQkAF8ipMuGyPWxpHSeDmdgwO76b81t6SNH0sg9c_puzX4zzRyietFnyNi2FwIECyqO_2-L5rLg3yy5JSh2M1-5l1Fy13QeO9Rjbodn_BnFC2jJ6Psnr0qnUlieGnNva03ObIoIRo7MA=w1000-h1000-c-n,38.5413168,-121.7718205,1.1478,True,3
164924,Boston College,coffee,ChIJYbTjMUh444kRp9V8pzNpWWY,0x89e3784831e3b461:0x66596933a77cd5a7,Cafenation Cafe & Roastery,Coffee shop,"[""Coffee shop"", ""Breakfast restaurant"", ""Cafe"", ""Espresso bar"", ""Restaurant""]","380 Washington St, Brighton, MA 02135",(617) 783-4514,http://www.cafenation.com/,4.6,414.0,$1–10,Closed · Opens 7 AM Wed,"""Closed \u00b7 Opens 7\u202fAM Wed""","{""tuesday"": ""7\u202fAM\u20133\u202fPM"", ""wednesday"": ""7\u202fAM\u20133\u202fPM"", ""thursday"": ""7\u202fAM\u20133\u202fPM"", ""friday"": ""7\u202fAM\u20133\u202fPM"", ""saturday"": ""8\u202fAM\u20133\u202fPM"", ""sunday"": ""Closed"", ""monday"": ""7\u202fAM\u20133\u202fPM""}","{""dine_in"": true, ""takeout"": true, ""delivery"": true}","Local coffee shop with crêpes & more. Local cafe providing breakfasts, sweet & savory crêpes, sandwiches & more in minimalist surrounds.",https://lh3.googleusercontent.com/gps-cs-s/APNQkAGSwkCC0GM-mXr5v4FaU_q4F8H0nVwp-w6iz4cR4B7oRwodhvKEo0dpsDx4mTlAQ12Ww9TBpekj5DwT4hxljBbQNEdNj-GJIjqC-Kpjgl5V259OGIaYq2lr3DL-oG-7anktYna6=w1000-h1000-c-n,42.3488836,-71.1541921,0.8705,True,3
164924,Boston College,coffee,ChIJ51nbyMZ544kRDvkUuAuYJDc,0x89e379c6c8db59e7:0x3724980bb814f90e,Glasser Coffee Co.,Coffee shop,"[""Coffee shop""]","589 Washington St, Brighton, MA 02135",(617) 987-8877,https://www.glassercoffee.co/,4.6,294.0,$1–20,Closed · Opens 7 AM Wed,"""Closed \u00b7 Opens 7\u202fAM Wed""","{""tuesday"": ""7\u202fAM\u20133\u202fPM"", ""wednesday"": ""7\u202fAM\u20133\u202fPM"", ""thursday"": ""7\u202fAM\u20133\u202fPM"", ""friday"": ""7\u202fAM\u20133\u202fPM"", ""saturday"": ""8\u202fAM\u20133\u202fPM"", ""sunday"": ""8\u202fAM\u20133\u202fPM"", ""monday"": ""7\u202fAM\u20133\u202fPM""}","{""dine_in"": true, ""takeout"": true, ""delivery"": true}",,https://lh3.googleusercontent.com/gps-cs-s/APNQkAFRLKkTqHQv26X99CMERR5k30exlNJAJIwty05lEf1HShxGHxm_iWiWs4KQbK07tzdWLTL4jIV6q02jeGHn4yTZrnfhlNUfDnDloFUJRwh-v6OhHB3MOTtUIB3tKvymptDqHrk=w1000-h1000-c-n,42.3505283,-71.1656308,0.7916,True,3
168148,Tufts University,coffee,ChIJyx_yhth244kR6tulwEvfyr0,0x89e376d886f21fcb:0xbdcadf4bc0a5dbea,True Grounds,Coffee shop,"[""Coffee shop"", ""Bakery"", ""Breakfast restaurant"", ""Cafe""]","717 Broadway Ball Square, Somerville, MA 02144",(617) 591-9559,http://www.truegrounds.com/,4.5,351.0,$1–10,Closed · Opens 7 AM Wed,"""Closed \u00b7 Opens 7\u202fAM Wed""","{""tuesday"": ""7\u202fAM\u20131\u202fPM"", ""wednesday"": ""7\u202fAM\u20131\u202fPM"", ""thursday"": ""7\u202fAM\u20131\u202fPM"", ""friday"": ""7\u202fAM\u20131\u202fPM"", ""saturday"": ""8\u202fAM\u20132\u202fPM"", ""sunday"": ""8\u202fAM\u20132\u202fPM"", ""monday"": ""7\u202fAM\u20131\u202fPM""}","{""dine_in"": true, ""takeout"": true, ""delivery"": false}","Cafe with coffee, casual fare & art. The work of an artist of the month adorns this chill cafe serving global coffees & bites like wraps.",https://lh3.googleusercontent.com/gps-cs-s/APNQkAEW7wDsyk_5l8rYd9kuvXVZ42VfPG12y6C5NgcznNRlD-VTfPvB2guQ4zmL8Al4l_QKcE9-_aFpxi-bo8clQ-ArsDoKgDocE2Jt_aneZP9zRmO1SihjBq3AK0U2LT7Nf0lA1q7b=w1000-h1000-c-n,42.4001339,-71.1124971,1.3048,True,3
168148,Tufts University,coffee,ChIJF_UBIwB344kRQnUDN4uMRq4,0x89e377002301f517:0xae468c8b37037542,Pound House Coffee,Coffee shop,"[""Coffee shop"", ""Brunch restaurant"", ""Vietnamese restaurant""]","703 Broadway, Somerville, MA 02144",(603) 266-8186,https://www.poundhouseboston.com/,4.8,150.0,$10–20,Closed · Opens 8 AM Wed,"""Closed \u00b7 Opens 8\u202fAM Wed""","{""tuesday"": ""8\u202fAM\u20133\u202fPM"", ""wednesday"": ""8\u202fAM\u20133\u202fPM"", ""thursday"": ""8\u202fAM\u20133\u202fPM"", ""friday"": ""8\u202fAM\u20133\u202fPM"", ""saturday"": ""8\u202fAM\u20133\u202fPM"", ""sunday"": ""8\u202fAM\u20133\u202fPM"", ""monday"": ""8\u202fAM\u20133\u202fPM""}","{""dine_in"": true, ""takeout"": true, ""no_contact_delivery"": true}",,https://lh3.googleusercontent.com/gps-proxy/ALd4DhGTqt_HnOz9Lnu-ihZ43aFL1cL1mOZRku3_7I8HMus4BNHgpafX0-1HztwBA54V8qkzRxKfyvkhyZM9RLAkfXtj6J-A7qqZUHGDf3EnAlT5lyiZmFcDl-mmS4baG0pwOnL1W7cYqRrj0yd6JxtJzdZ_ztxdjD1dsGs7UO4dxc0d9Q0yncpHEsP8=w1000-h1000-c-n,42.4000389,-71.1121615,1.307,True,3
168148,Tufts University,coffee,ChIJJ4z_G-h244kR6pO05PJbKDU,0x89e376e81bff8c27:0x35285bf2e4b493ea,Tamper Cafe,Cafe,"[""Cafe"", ""Breakfast restaurant""]","340 Boston Ave, Medford, MA 02155",,http://tampercafe.com/,4.6,375.0,$10–20,Closed · Opens 7:30 AM Wed,"""Closed \u00b7 Opens 7:30\u202fAM Wed""","{""tuesday"": ""7:30\u202fAM\u20133\u202fPM"", ""wednesday"": ""7:30\u202fAM\u20133\u202fPM"", ""thursday"": ""7:30\u202fAM\u20133\u202fPM"", ""friday"": ""7:30\u202fAM\u20133\u202fPM"", ""saturday"": ""9\u202fAM\u20133\u202fPM"", ""sunday"": ""9\u202fAM\u20133\u202fPM"", ""monday"": ""7:30\u202fAM\u20133\u202fPM""}","{""dine_in"": true, ""takeout"": true, ""delivery"": false}","Sleek stop for brunch, coffee & beer. Bright cafe serving up brunch fare, coffee, craft beers & wine in a minimalist setting.",https://lh3.googleusercontent.com/gps-cs-s/APNQkAFaWqQPf0yKtlnIQcmjmn2chw-El4p_bu7FcBkt3UO9JSjnqSLpgLtsTcWkwHvxtSYVpgS0vIOL_9Czz4GBnpfpmfyKIJ1yQMRlrIJLRkMzzlxuqczTS2EQqIPvxG8Kb_iQhRpD=w1000-h1000-c-n,42.4114897,-71.1213684,0.9118,True,3
145637,University of Illinois Urbana-Champaign,coffee,ChIJwbF58U3XDIgRPp_50J8GOMg,0x880cd74df179b1c1:0xc838069fd0f99f3e,Columbia Street Roastery,Coffee store,"[""Coffee store"", ""Tea house""]","24 E Columbia Ave, Champaign, IL 61820",(217) 352-9713,https://csrcoffee.com/,4.9,298.0,$10–40,Open · Closes 5:30 PM,"""Open \u00b7 Closes 5:30\u202fPM""","{""tuesday"": ""8:30\u202fAM\u20135:30\u202fPM"", ""wednesday"": ""8:30\u202fAM\u20135:30\u202fPM"", ""thursday"": ""8:30\u202fAM\u20135:30\u202fPM"", ""friday"": ""8:30\u202fAM\u20135:30\u202fPM"", ""saturday"": ""8:30\u202fAM\u20133:30\u202fPM"", ""sunday"": ""Closed"", ""monday"": ""8:30\u202fAM\u20135:30\u202fPM""}","{""curbside_pickup"": true}",,https://lh3.googleusercontent.com/gps-cs-s/APNQkAGH4UVovvkiIe8fipAOPTQwtevZcKaQoSPuTDnocyUfN5iJNzupIWis4QvJ9zAqaa1DyTvInOpx8hSNX1aY6kXhjIQlvK_AcpMbZwpzvK-UGNQ7Y37uOOK1FpskaaK10c6JXRJBLj398uQ=w1000-h1000-c-n,40.1211972,-88.2420722,1.0647,True,3
145637,University of Illinois Urbana-Champaign,coffee,ChIJ95XBwTbXDIgRbx7gDR96qqM,0x880cd736c1c195f7:0xa3aa7a1f0de01e6f,Mad Goat Coffee,Coffee shop,"[""Coffee shop""]","57 E Main St, Champaign, IL 61820",(217) 607-1430,https://www.madgoatcoffee.com/,4.7,254.0,$1–10,Open · Closes 6 PM,"""Open \u00b7 Closes 6\u202fPM""","{""tuesday"": ""6\u202fAM\u20136\u202fPM"", ""wednesday"": ""6\u202fAM\u20136\u202fPM"", ""thursday"": ""6\u202fAM\u20136\u202fPM"", ""friday"": ""6\u202fAM\u20136\u202fPM"", ""saturday"": ""7\u202fAM\u20136\u202fPM"", ""sunday"": ""7\u202fAM\u20136\u202fPM"", ""monday"": ""6\u202fAM\u20136\u202fPM""}","{""dine_in"": true, ""curbside_pickup"": true, ""delivery"": false}",,https://lh3.googleusercontent.com/gps-cs-s/APNQkAEG6bhsu5K6nes9DxZbItN_rUHxJngnLKDZ_LymnfxMPQR9O75JKzXhEZ-NQGuLXyns2PrmwLbQMs76Hi5ZGLVc0nnLJLk_Cl8F1R9ms2HpieTytk4-Sg-TEQN5uQSRkBsGXcwp=w1000-h1000-c-n,40.117566,-88.24070189999999,0.8253,True,3
145637,University of Illinois Urbana-Champaign,coffee,ChIJbZK1VorXDIgRupfyrcWePa8,0x880cd78a56b5926d:0xaf3d9ec5adf297ba,Sinclaire's Coffee,Coffee shop,"[""Coffee shop""]","410 E Daniel St, Champaign, IL 61820",,https://sinclairescoffee.com/,4.7,46.0,$1–10,Open · Closes 5 PM,"""Open \u00b7 Closes 5\u202fPM""","{""tuesday"": ""8\u202fAM\u20135\u202fPM"", ""wednesday"": ""8\u202fAM\u20135\u202fPM"", ""thursday"": ""8\u202fAM\u20135\u202fPM"", ""friday"": ""8\u202fAM\u20135\u202fPM"", ""saturday"": ""9\u202fAM\u20133\u202fPM"", ""sunday"": ""Closed"", ""monday"": ""8\u202fAM\u20135\u202fPM""}","{""dine_in"": true, ""takeout"": true, ""delivery"": false}",,https://lh3.googleusercontent.com/gps-cs-s/APNQkAG2SOG8FXIzGTdGW7bu6AxYVDrCmDbAiPM7NHo6AlVxUYFpCUsqMzknhDmsUmsJ9sS70wqAx1jJ78EVfQbGTBBr7cpGTAixGqqy-jUdA1-glw6upLK8Gq8UGzV0LoGxtgxRp6i7BA=w1000-h1000-c-n,40.1081946,-88.2325709,0.1411,True,3
145637,University of Illinois Urbana-Champaign,coffee,ChIJYdQjsDjXDIgRAcnsygN7VKI,0x880cd738b023d461:0xa2547b03caecc901,BrewLab Coffee,Coffee shop,"[""Coffee shop""]","630 S 5th St, Champaign, IL 61820",(217) 979-7123,https://brewlab.coffee/,4.6,460.0,$1–10,Open · Closes 6 PM,"""Open \u00b7 Closes 6\u202fPM""","{""tuesday"": ""8\u202fAM\u20136\u202fPM"", ""wednesday"": ""8\u202fAM\u20136\u202fPM"", ""thursday"": ""8\u202fAM\u20136\u202fPM"", ""friday"": ""8\u202fAM\u20136\u202fPM"", ""saturday"": ""8\u202fAM\u20136\u202fPM"", ""sunday"": ""8\u202fAM\u20136\u202fPM"", ""monday"": ""8\u202fAM\u20136\u202fPM""}","{""dine_in"": true, ""takeout"": true, ""delivery"": true}",,https://lh3.googleusercontent.com/gps-cs-s/APNQkAFfNzL38qQk5y-52JLSbDdbZjxvVghJ1i7Mf61fjJLXF4sIlbwN-W6TBPKuyROr5thI3IIiJ28qYKAdNVNITQFamMtomKVdzWen63ThCu6aSOtPJZUaM6Fieowiz06U9nlotBFMYw=w1000-h1000-c-n,40.1106863,-88.23187539999999,0.1604,True,3
145637,University of Illinois Urbana-Champaign,coffee,ChIJe7ITfEnXDIgR6m2QcJc_Ex8,0x880cd7497c13b27b:0x1f133f9770906dea,"Yummy Future Coffee, Matcha & Tea",Coffee shop,"[""Coffee shop"", ""Bubble tea store""]","609 E Green St, Champaign, IL 61820",,https://www.yummy-future.com/,4.6,151.0,$1–10,Open · Closes 10 PM,"""Open \u00b7 Closes 10\u202fPM""","{""tuesday"": ""7:30\u202fAM\u201310\u202fPM"", ""wednesday"": ""7:30\u202fAM\u201310\u202fPM"", ""thursday"": ""7:30\u202fAM\u201310\u202fPM"", ""friday"": ""7:30\u202fAM\u201310\u202fPM"", ""saturday"": ""9\u202fAM\u201311\u202fPM"", ""sunday"": ""9\u202fAM\u201310\u202fPM"", ""monday"": ""7:30\u202fAM\u201310\u202fPM""}","{""dine_in"": true, ""takeout"": true}",,https://lh3.googleusercontent.com/gps-proxy/ALd4DhHznZbhMAxHpx_3BkI5sfnld8MYNDSsXnxredZZ3d4vIwqfiSfgkW32YmBLG7kGX478Mbr0HKYKcW8n2OKhyhHyzKWnqlf8RXJtO-HlvISi_v_xDvjH7MSYmG9_d10KifdWbgXvD7xq_JdJQoK9dFiFJHgElRtP3hjkyAEzEauHr_HThLC3VJRT=w1000-h1000-c-n,40.1101658,-88.229911,0.0919,True,3
145637,University of Illinois Urbana-Champaign,coffee,ChIJU7jSVjXXDIgRVQvmbDymLhc,0x880cd73556d2b853:0x172ea63c6ce60b55,The Library Café,Coffee shop,"[""Coffee shop"", ""Caterer"", ""Cafe"", ""Restaurant""]","200 W Green St, Champaign, IL 61820",(217) 403-2000,https://champaign.org/visit/cafe,4.7,35.0,$1–10,Open · Closes 8:30 PM,"""Open \u00b7 Closes 8:30\u202fPM""","{""tuesday"": ""9\u202fAM\u20138:30\u202fPM"", ""wednesday"": ""9\u202fAM\u20138:30\u202fPM"", ""thursday"": ""9\u202fAM\u20138:30\u202fPM"", ""friday"": ""9\u202fAM\u20138:30\u202fPM"", ""saturday"": ""9\u202fAM\u20135:30\u202fPM"", ""sunday"": ""12\u20135:30\u202fPM"", ""monday"": ""9\u202fAM\u20138:30\u202fPM""}","{""dine_in"": true, ""takeout"": true, ""delivery"": false}",,https://lh3.googleusercontent.com/gps-cs-s/APNQkAFSUW3c9emqfh_ZilVdWvSk7kZXL8oLu_dmUylllNd6l5d6DJ8wHPoQ4t6QxWTJhpEg2Tw6bQLXzm2qrLt_I8gm38iQQF33rYMx2GRhRZGWnAKiqszxWjD6whGGqaDXgWpGIhVg=w1000-h1000-c-n,40.111221,-88.2456766,0.8427,True,3
145637,University of Illinois Urbana-Champaign,coffee,ChIJ3dRq50jXDIgR_awOQpnuHG0,0x880cd748e76ad4dd:0x6d1cee99420eacfd,Avionics - Flying Machine Coffee,Coffee shop,"[""Coffee shop""]","202 S 1st St, Champaign, IL 61820",(217) 600-7949,,4.7,316.0,$10–20,Open · Closes 6 PM,"""Open \u00b7 Closes 6\u202fPM""","{""tuesday"": ""7\u202fAM\u20136\u202fPM"", ""wednesday"": ""7\u202fAM\u20136\u202fPM"", ""thursday"": ""7\u202fAM\u20136\u202fPM"", ""friday"": ""7\u202fAM\u20136\u202fPM"", ""saturday"": ""8\u202fAM\u20133\u202fPM"", ""sunday"": ""8\u202fAM\u20133\u202fPM"", ""monday"": ""7\u202fAM\u20136\u202fPM""}","{""dine_in"": true, ""takeout"": true, ""delivery"": false}",,https://lh3.googleusercontent.com/gps-cs-s/APNQkAGGsuMRypy0NufnzhWUI0L8Bq_xJU6MWRYB8T0f3hhXs85cVRyZAUBxxGV2TSkpqydNddSiELyMxg255iS8XAqZgcdjyZQ9Dk2lmo_9P_enpYLtNmTnao_GJDTjdO2K9Hm_6GPYqg=w1000-h1000-c-n,40.1152279,-88.23855859999999,0.6306,True,3
145637,University of Illinois Urbana-Champaign,coffee,ChIJ1wRXKiLXDIgRkrwjC1CbMvg,0x880cd7222a5704d7:0xf8329b500b23bc92,Elm City Coffee,Coffee shop,"[""Coffee shop""]","208 W Main St, Urbana, IL 61801",(312) 248-3231,https://elmcityroastery.com/,4.4,54.0,$1–10,Open · Closes 5 PM,"""Open \u00b7 Closes 5\u202fPM""","{""tuesday"": ""8\u202fAM\u20135\u202fPM"", ""wednesday"": ""8\u202fAM\u20135\u202fPM"", ""thursday"": ""8\u202fAM\u20135\u202fPM"", ""friday"": ""8\u202fAM\u20135\u202fPM"", ""saturday"": ""8\u202fAM\u20135\u202fPM"", ""sunday"": ""8\u202fAM\u20135\u202fPM"", ""monday"": ""8\u202fAM\u20135\u202fPM""}","{""dine_in"": true, ""curbside_pickup"": true, ""delivery"": true}",,https://lh3.googleusercontent.com/gps-cs-s/APNQkAEGHDKifWaAaW_qoB7OcEJWXWa7usHfPolGtKBnvjO-G1ZWLYZ6c5BnBrXujFyiiN1OKdsBDX6m6EN4qN9BGEb11qvX8_gq36TY5aUUztB9vUbALljPxjbLbOspmFaJjla2N2a1_Q=w1000-h1000-c-n,40.112655,-88.2093142,1.1263,True,3
145637,University of Illinois Urbana-Champaign,coffee,ChIJtWMl3xTXDIgRMs8NyrUljAQ,0x880cd714df2563b5:0x48c25b5ca0dcf32,Etc. Coffeehouse,Coffee shop,"[""Coffee shop""]","S Goodwin Ave, Urbana, IL 61801",(217) 344-1120,https://www.uiucwesley.org/etc-coffeehouse,4.9,60.0,$1–10,Open · Closes 8 PM,"""Open \u00b7 Closes 8\u202fPM""","{""tuesday"": ""12\u20138\u202fPM"", ""wednesday"": ""12\u20138\u202fPM"", ""thursday"": ""12\u20138\u202fPM"", ""friday"": ""12\u20138\u202fPM"", ""saturday"": ""Closed"", ""sunday"": ""Closed"", ""monday"": ""12\u20138\u202fPM""}","{""dine_in"": true, ""takeout"": true, ""delivery"": false}",,https://lh3.googleusercontent.com/gps-cs-s/APNQkAEH_Mh1y7ybb1Vyq5BSIphe_FeN_zFP2jHq0yykL7dj9LrbHcN6-5xO_m97WSuBiOCjDIxvpycDhFw2CbAOFCFuQIqLgkoHPMtYj67XR5jXYqOm_65NX2Fxhnq0s6c79CYbVZTojQ=w1000-h1000-c-n,40.1102281,-88.224088,0.3287,True,3
145637,University of Illinois Urbana-Champaign,coffee,ChIJWdmbeqLXDIgRJo-tVS8R77Y,0x880cd7a27a9bd959:0xb6ef112f55ad8f26,COTTI COFFEE- UIUC,Coffee shop,"[""Coffee shop"", ""Bubble tea store"", ""Dessert restaurant"", ""Dessert shop""]","Illinois, Champaign, E Green St, 邮政编码: 61820",(217) 778-9888,https://mobile.us.cotticoffee.global/?cnty=US,4.5,27.0,$1–10,Open · Closes 9 PM,"""Open \u00b7 Closes 9\u202fPM""","{""tuesday"": ""9\u202fAM\u20139\u202fPM"", ""wednesday"": ""9\u202fAM\u20139\u202fPM"", ""thursday"": ""9\u202fAM\u20139\u202fPM"", ""friday"": ""9\u202fAM\u20139\u202fPM"", ""saturday"": ""10\u202fAM\u20139\u202fPM"", ""sunday"": ""10\u202fAM\u20139\u202fPM"", ""monday"": ""9\u202fAM\u20139\u202fPM""}","{""dine_in"": true, ""curbside_pickup"": true, ""no_contact_delivery"": true}",,https://lh3.googleusercontent.com/gps-proxy/ALd4DhGv2sPj9IbNCbwKCFVJAVRm1tbRhIsWjLpmXDo6yU38kJHvw9OLHFxbFDpj0O_RBPfDwi-l_-MXONSpiqBtWzHgG8MSmue7zRPI_E1gnvtol7Tdvs7Ikc-ds0gnZN2Yv2DrhPBsIZgBml5Y_h-n2t7CSEInfdiIDfJ6kc_SMAyLiouWoGV9eEJW=w1000-h1000-c-n,40.1101123,-88.2308659,0.0983,True,3
145637,University of Illinois Urbana-Champaign,coffee,ChIJE1PgJpLXDIgRLt5D7qb2Rjo,0x880cd79226e05313:0x3a46f6a6ee43de2e,BakeLab,Cafe,"[""Cafe"", ""Bakery""]","410 N Lincoln Ave, Urbana, IL 61801",(217) 979-7123,http://www.bakelab.coffee/,4.7,330.0,$10–20,Open · Closes 6 PM,"""Open \u00b7 Closes 6\u202fPM""","{""tuesday"": ""8\u202fAM\u20136\u202fPM"", ""wednesday"": ""8\u202fAM\u20136\u202fPM"", ""thursday"": ""8\u202fAM\u20136\u202fPM"", ""friday"": ""8\u202fAM\u20136\u202fPM"", ""saturday"": ""8\u202fAM\u20136\u202fPM"", ""sunday"": ""8\u202fAM\u20136\u202fPM"", ""monday"": ""8\u202fAM\u20136\u202fPM""}","{""dine_in"": true, ""takeout"": true, ""no_contact_delivery"": true}",,https://lh3.googleusercontent.com/gps-cs-s/APNQkAHTiYqtYVt6efRIbh7XtTnIblL3ADBxJmc1zs88iKzTFztWojzpcHrAMEK4fCMKFdam4kn1vmo4MyjcjMufgS9fC6JfqxcmA4hBr8WgGEw9uq0cEfFQ3WiZg0kOTrZ-RNGGZ70UbYdxfl0=w1000-h1000-c-n,40.116014,-88.2191919,0.7577,True,3
145637,University of Illinois Urbana-Champaign,coffee,ChIJZ9trgBHXDIgR3KFYrAKfvGI,0x880cd711806bdb67:0x62bc9f02ac58a1dc,Caffe Paradiso,Coffee shop,"[""Coffee shop""]","801 S Lincoln Ave, Urbana, IL 61801",(217) 384-6066,http://www.enjoyparadiso.com/,4.4,594.0,$10–20,Open · Closes 9 PM,"""Open \u00b7 Closes 9\u202fPM""","{""tuesday"": ""7\u202fAM\u20139\u202fPM"", ""wednesday"": ""7\u202fAM\u20139\u202fPM"", ""thursday"": ""7\u202fAM\u20139\u202fPM"", ""friday"": ""7\u202fAM\u20138\u202fPM"", ""saturday"": ""7\u202fAM\u20138\u202fPM"", ""sunday"": ""7\u202fAM\u20138\u202fPM"", ""monday"": ""7\u202fAM\u20139\u202fPM""}","{""dine_in"": true, ""takeout"": true, ""delivery"": false}","Cheery Italian cafe with panini & sweets. Colorful, spacious Italian cafe offering premium coffee, panini & locally made pastries.",https://lh3.googleusercontent.com/gps-cs-s/APNQkAEb4QVxn9w31Ni_mBWqVvWbtutrZHsFiMPTUwZNxrmbvQzLRKcnB1Ewf-kcyvx9avzBu0NaYy7i31dtC3GnY1rcavAz6NtffruG2-YbXtP1sijasCCfNjeCpOxlNzbYj7GXWgUmWA=w1000-h1000-c-n,40.1057459,-88.2194135,0.6007,True,3
145637,University of Illinois Urbana-Champaign,coffee,ChIJmShlBxTXDIgRrSUw8yFgLFc,0x880cd71407652899:0x572c6021f33025ad,Caffé Bene,Coffee shop,"[""Coffee shop"", ""Cafe"", ""Dessert shop""]","700 S Gregory St, Urbana, IL 61801",(217) 480-6713,,4.3,442.0,$1–10,Open · Closes 9 PM,"""Open \u00b7 Closes 9\u202fPM""","{""tuesday"": ""7:30\u202fAM\u20139\u202fPM"", ""wednesday"": ""7:30\u202fAM\u20139\u202fPM"", ""thursday"": ""7:30\u202fAM\u20139\u202fPM"", ""friday"": ""7:30\u202fAM\u20139\u202fPM"", ""saturday"": ""8\u202fAM\u20138\u202fPM"", ""sunday"": ""8\u202fAM\u20138\u202fPM"", ""monday"": ""7:30\u202fAM\u20139\u202fPM""}","{""dine_in"": true, ""takeout"": true, ""delivery"": true}",Coffeehouse with sweet & savory fare. Coffeehouse chain with a relaxed European vibe & a menu of sweet treats & sandwiches.,https://lh3.googleusercontent.com/gps-cs-s/APNQkAGCeDCl55BeRz0UiKFrHmr3NTi-Q8n3MbHvQ_ZOES1vqyJuNcZTsnJatAs9Rhf4tWKUC0fK1DHk2M0dkpt0STHEmO8_P_Ls1SFDC7wmnnuQFxe96mGIUmnc0pDlrD4TiPhuZYSd=w1000-h1000-c-n,40.1061729,-88.2213202,0.4961,True,3
145637,University of Illinois Urbana-Champaign,coffee,ChIJPyG24EjXDIgR4zSGzkG-nI4,0x880cd748e0b6213f:0x8e9cbe41ce8634e3,Page Roasting Company,Coffee shop,"[""Coffee shop""]","202 S 1st St, Champaign, IL 61820",(217) 600-7949,http://www.pageroastingcompany.com/,4.6,46.0,$1–10,Open · Closes 6 PM,"""Open \u00b7 Closes 6\u202fPM""","{""tuesday"": ""7\u202fAM\u20136\u202fPM"", ""wednesday"": ""7\u202fAM\u20136\u202fPM"", ""thursday"": ""7\u202fAM\u20136\u202fPM"", ""friday"": ""7\u202fAM\u20136\u202fPM"", ""saturday"": ""8\u202fAM\u20133\u202fPM"", ""sunday"": ""8\u202fAM\u20133\u202fPM"", ""monday"": ""7\u202fAM\u20136\u202fPM""}","{""dine_in"": true, ""takeout"": true, ""delivery"": false}",,https://lh3.googleusercontent.com/gps-cs-s/APNQkAFRpnA6XO8DmLbVcPwmSk8YG6VIoIfO3Zp_wjUXkDHTizuzJ3XdPwFRqRS7kGz7-7jn0BTIKqXoT5bLQz3Ts51H6y3bZaQ9_X99gchCWqm637MxvA9zhBsjQGE7DghYotcUIYGn7w=w1000-h1000-c-n,40.1152161,-88.2385449,0.6295,True,3
145637,University of Illinois Urbana-Champaign,coffee,ChIJPRHqdxzXDIgRLR63lv9qxr8,0x880cd71c77ea113d:0xbfc66aff96b71e2d,Sinclaire’s Coffee,Cafe,"[""Cafe""]","Law Building, 504 E Pennsylvania Ave, Champaign, IL 61820",,,4.7,15.0,$1–10,Open · Closes 4 PM,"""Open \u00b7 Closes 4\u202fPM""","{""tuesday"": ""8\u202fAM\u20134\u202fPM"", ""wednesday"": ""8\u202fAM\u20134\u202fPM"", ""thursday"": ""8\u202fAM\u20134\u202fPM"", ""friday"": ""8\u202fAM\u20134\u202fPM"", ""saturday"": ""Closed"", ""sunday"": ""Closed"", ""monday"": ""8\u202fAM\u20134\u202fPM""}","{""dine_in"": true, ""takeout"": true, ""delivery"": false}",,https://lh3.googleusercontent.com/gps-cs-s/APNQkAGK4Se4NAiWudYXPuB3sgQJ-eKrY34r9PWkAW2GhKF8h0aCt3kIs3hhnICag_kZIFGBfja2u_wrkHdFMuiVmQApBdw5ItkiUbokQnYBEvnX9Yp1IxojiE9tA2l_A-0r7AJnNNJ7i7sdHp8n=w1000-h1000-c-n,40.1010034,-88.23085329999999,0.5431,True,3
145637,University of Illinois Urbana-Champaign,coffee,ChIJOe7xTz_XDIgR1BXPnVSaZ_M,0x880cd73f4ff1ee39:0xf3679a549dcf15d4,Caffe Bene Green,Coffee shop,"[""Coffee shop"", ""Cafe"", ""Dessert shop""]","524 E Green St, Champaign, IL 61820",(217) 607-2611,https://order.toasttab.com/online/caffe-bene-524-e-green-st-suite102,4.3,351.0,$1–10,Open · Closes 9 PM,"""Open \u00b7 Closes 9\u202fPM""","{""tuesday"": ""8\u202fAM\u20139\u202fPM"", ""wednesday"": ""8\u202fAM\u20139\u202fPM"", ""thursday"": ""8\u202fAM\u20139\u202fPM"", ""friday"": ""8\u202fAM\u20139\u202fPM"", ""saturday"": ""8\u202fAM\u20139\u202fPM"", ""sunday"": ""8\u202fAM\u20139\u202fPM"", ""monday"": ""8\u202fAM\u20139\u202fPM""}","{""dine_in"": true, ""takeout"": true, ""no_contact_delivery"": true}",Coffeehouse with sweet & savory fare. Coffeehouse chain with a relaxed European vibe & a menu of sweet treats & sandwiches.,https://lh3.googleusercontent.com/gps-cs-s/APNQkAHE6z2DAL6gesPH2C3bYKh78vFUAcVyXWRNl7o1mLvNylEfqICRKFG3-nC5CVaHXMbfF8uu0xiqUPgWjD4B79vG0Mvb3z5s6n7D4u7xAX5oh9085dvw02xfqz0LVCy7WLcF=w1000-h1000-c-n,40.1104366,-88.23095529999999,0.1206,True,3
145637,University of Illinois Urbana-Champaign,coffee,ChIJE6-H6D7XDIgRB22rC2Yem1M,0x880cd73ee887af13:0x539b1e660bab6d07,Espresso Royale Cafe Campustown,Coffee shop,"[""Coffee shop"", ""Tea house""]","604 E Daniel St, Champaign, IL 61820",(217) 530-4100,https://www.espressoroyalecu.com/,4.3,226.0,$1–10,Open · Closes 10 PM,"""Open \u00b7 Closes 10\u202fPM""","{""tuesday"": ""7\u202fAM\u201310\u202fPM"", ""wednesday"": ""7\u202fAM\u201310\u202fPM"", ""thursday"": ""7\u202fAM\u201310\u202fPM"", ""friday"": ""7\u202fAM\u201310\u202fPM"", ""saturday"": ""8\u202fAM\u20138\u202fPM"", ""sunday"": ""8\u202fAM\u20138\u202fPM"", ""monday"": ""7\u202fAM\u201310\u202fPM""}","{""dine_in"": true, ""takeout"": true, ""delivery"": false}","Coffeehouse with sustainable brews. Laid-back coffeehouse chain featuring fair-trade coffee, with some proceeds going to charity.",https://lh3.googleusercontent.com/gps-cs-s/APNQkAGcRirl_m5-NGKzEdXhgKTPqH_7OXXWk9x4BOPs7yD2cnzBSRXY-hmzx0CihFbhwAac2-TcoqnBJ4qlTKHlh2foY97UCT6fQcnRpGF4z898YjKcLGSyLmmoAOpOIT_51K04hl0c=w1000-h1000-c-n,40.108114,-88.23001649999999,0.0501,True,3
240444,University of Wisconsin-Madison,coffee,ChIJT5gwwc-sB4gRIAHBjV71hTw,0x8807accfc130984f:0x3c85f55e8dc10120,Indie Coffee,Coffee shop,"[""Coffee shop"", ""Breakfast restaurant"", ""Dessert restaurant"", ""Internet cafe"", ""Live music venue"", ""Restaurant"", ""Sandwich shop"", ""Tea house""]","1225 Regent St, Madison, WI 53715",(608) 259-9621,https://www.shopindiecoffee.com/,4.7,945.0,$10–20,Open · Closes 6 PM,"""Open \u00b7 Closes 6\u202fPM""","{""tuesday"": ""7\u202fAM\u20136\u202fPM"", ""wednesday"": ""7\u202fAM\u20136\u202fPM"", ""thursday"": ""7\u202fAM\u20136\u202fPM"", ""friday"": ""7\u202fAM\u20136\u202fPM"", ""saturday"": ""7\u202fAM\u20136\u202fPM"", ""sunday"": ""7\u202fAM\u20136\u202fPM"", ""monday"": ""7\u202fAM\u20136\u202fPM""}","{""dine_in"": true, ""takeout"": true, ""delivery"": false}","Cozy coffee shop with all-day waffles. Cozy breakfast & lunch coffee shop offering all-day waffles, Wisconsin microbrews & free events.",https://lh3.googleusercontent.com/gps-cs-s/APNQkAHsPDIv6jZhYE8Gd7bji5t2f2dh_8jar6VOOtGxp5hOoZcFPNo1i1Eek2EqIYqoAX6SRGO1sTGrOVhFMrRuMoD3xukVzmbHM-6MiQ30amHETTOywbmzM9uSKqxp9Pqjor-ZjWsoAw=w1000-h1000-c-n,43.0676399,-89.40658189999999,0.5457,True,3
240444,University of Wisconsin-Madison,coffee,ChIJY6E9cABTBogRmMG-bVaa2sY,0x88065300703da163:0xc6da9a566dbec198,New Here Coffee,Coffee shop,"[""Coffee shop""]","339 W Gorham St, Madison, WI 53703",(608) 820-3132,https://www.olivmadison.com/new-here-coffee/,4.6,62.0,$1–10,Open · Closes 6 PM,"""Open \u00b7 Closes 6\u202fPM""","{""tuesday"": ""7\u202fAM\u20136\u202fPM"", ""wednesday"": ""7\u202fAM\u20136\u202fPM"", ""thursday"": ""7\u202fAM\u20136\u202fPM"", ""friday"": ""7\u202fAM\u20136\u202fPM"", ""saturday"": ""8\u202fAM\u20135\u202fPM"", ""sunday"": ""8\u202fAM\u20135\u202fPM"", ""monday"": ""7\u202fAM\u20136\u202fPM""}","{""dine_in"": true, ""takeout"": true, ""delivery"": true}",,https://lh3.googleusercontent.com/gps-proxy/ALd4DhGPiUmtn5zHKEXjBRU8la82u03LeNpVLu-yL28rZsaLFO5p6BPPjuV34BXHYgsTb23de6A5VdO72sPilnuBtI2TwZ7oVXyzVSBiQKMjBcz9j6mHAgpgcgf-Upi-scBxj29ZXs6ZxiwnbCKGue9bSs1Cv1QsULzQ5jaEmaNjzag3PrucbpZPnkSt0w=w1000-h1000-c-n,43.0743705,-89.3920643,0.6243,True,3
240444,University of Wisconsin-Madison,coffee,ChIJgaVvYARTBogRk-uDe_l-4sY,0x88065304606fa581:0xc6e27ef97b83eb93,The High Crowd Cafe,Cafe,"[""Cafe""]","115 State St, Madison, WI 53703",(847) 553-7558,https://highcrowdcafe.com/,4.8,119.0,$10–20,Open · Closes 10 PM,"""Open \u00b7 Closes 10\u202fPM""","{""tuesday"": ""10\u202fAM\u201310\u202fPM"", ""wednesday"": ""10\u202fAM\u201310\u202fPM"", ""thursday"": ""10\u202fAM\u201310\u202fPM"", ""friday"": ""10\u202fAM\u201312\u202fAM"", ""saturday"": ""10\u202fAM\u201312\u202fAM"", ""sunday"": ""10\u202fAM\u201310\u202fPM"", ""monday"": ""10\u202fAM\u201310\u202fPM""}","{""dine_in"": true, ""takeout"": true, ""delivery"": false}",,https://lh3.googleusercontent.com/gps-cs-s/APNQkAHW_sZkVTZCes-4k_V7cMa-evZXgQVLiz-diDG8mgPkqXekuOoLZxjom4mW1g80GM7Sw7D-ZVc4xVvDS0lyGdlvyaghl9P5QzGq4m7CYALJpfzyo2JyNHZPKhcC2BIAEV4EjcHjNw=w1000-h1000-c-n,43.0745857,-89.3873747,0.8589,True,3
240444,University of Wisconsin-Madison,coffee,ChIJ77wNjM2tB4gRcYq04elFaJg,0x8807adcd8c0dbcef:0x986845e9e1b48a71,Leopold's Books Bar Caffè,Coffee shop,"[""Coffee shop""]","1301 Regent St, Madison, WI 53715",(608) 256-7709,http://leopoldsmadison.com/,4.8,609.0,$10–20,Open · Closes 12 AM,"""Open \u00b7 Closes 12\u202fAM""","{""tuesday"": ""10\u202fAM\u201312\u202fAM"", ""wednesday"": ""10\u202fAM\u201312\u202fAM"", ""thursday"": ""10\u202fAM\u201312\u202fAM"", ""friday"": ""10\u202fAM\u201312\u202fAM"", ""saturday"": ""10\u202fAM\u201312\u202fAM"", ""sunday"": ""10\u202fAM\u201312\u202fAM"", ""monday"": ""2\u202fPM\u201312\u202fAM""}","{""dine_in"": true, ""delivery"": false}",,https://lh3.googleusercontent.com/gps-cs-s/APNQkAG9e5yX6DIddzVPYlTQ96Qfp2hHN7xAKoSYskMPI5KBof9YtYDDjQI6h2t5Ro84_twOMWfGNU8-qTxrg3ibrTP3nzr0JG55w5r7asLXFh9nMoKw4eGlW6y8_cS3O7MQsYHPRiUN=w1000-h1000-c-n,43.0674123,-89.407572,0.5732,True,3
240444,University of Wisconsin-Madison,coffee,ChIJFfNBXThTBogRgFIxOgJ6fSk,0x880653385d41f315:0x297d7a023a315280,Michelangelo's Coffee House,Coffee shop,"[""Coffee shop"", ""Breakfast restaurant"", ""Cafe"", ""Dessert shop"", ""Lunch restaurant""]","114 State St, Madison, WI 53703",(608) 251-5299,http://michelangeloscoffeehouse.com/,4.6,1308.0,$1–20,Open · Closes 8 PM,"""Open \u00b7 Closes 8\u202fPM""","{""tuesday"": ""8\u202fAM\u20138\u202fPM"", ""wednesday"": ""8\u202fAM\u20138\u202fPM"", ""thursday"": ""8\u202fAM\u20138\u202fPM"", ""friday"": ""8\u202fAM\u20138\u202fPM"", ""saturday"": ""7\u202fAM\u20138\u202fPM"", ""sunday"": ""8\u202fAM\u20138\u202fPM"", ""monday"": ""8\u202fAM\u20138\u202fPM""}","{""dine_in"": true, ""curbside_pickup"": true, ""no_contact_delivery"": true}","WiFi, late hours & java in arty digs. Coffee, pastries & sandwiches, plus free WiFi, from AM to late-night in an art-filled space.",https://lh3.googleusercontent.com/gps-cs-s/APNQkAGy7dtohEGlV0EBu1BD9gEhIsWnALq4LHTc-lQoAe-ijMgQpN8ExmDmAI-F_etQTQBOp2w4LCP1i69J9NUqFbc5kqyA80UlYtj7l4fmsMJdUUgtoAvDreLmcWYwUp-cwfXZDRuY=w1000-h1000-c-n,43.0748932,-89.3872186,0.8657,True,3
240444,University of Wisconsin-Madison,coffee,ChIJSW10REBTBogRLHnUZNujhPc,0x8806534044746d49:0xf784a3db64d4792c,The Shop by EBNS,Coffee shop,"[""Coffee shop""]","626 Langdon St UNIT 100, Madison, WI 53703",,https://www.shopebns.com/about,4.9,39.0,$1–10,Open · Closes 4 PM,"""Open \u00b7 Closes 4\u202fPM""","{""tuesday"": ""9\u202fAM\u20134\u202fPM"", ""wednesday"": ""9\u202fAM\u20134\u202fPM"", ""thursday"": ""9\u202fAM\u20134\u202fPM"", ""friday"": ""9\u202fAM\u20134\u202fPM"", ""saturday"": ""9\u202fAM\u20134\u202fPM"", ""sunday"": ""9\u202fAM\u20134\u202fPM"", ""monday"": ""Closed""}","{""dine_in"": true, ""takeout"": true, ""delivery"": false}",,https://lh3.googleusercontent.com/gps-cs-s/APNQkAG2AGBsqm_-uRuKcw_qLOd2b_yzdfpO2Sabphob7UTlarspC1g4K61Gnjw6J8-cz1lhPsU59-AWF2Q0rk_NJ_tnNOJQmRJHJGwHh82GhcAsTSLIhz4hZTK5wNb2HRSwU5et7upqSQ=w1000-h1000-c-n,43.0760942,-89.3965307,0.3982,True,3
110705,University of California-Santa Barbara,coffee,ChIJTcmW9qIV6YARBu1XZQXnmPs,0x80e915a2f696c94d:0xfb98e7056557ed06,Outpost Coffee & Kitchen,Coffee shop,"[""Coffee shop""]","955 Embarcadero del Mar Suite F, Isla Vista, CA 93117",(805) 324-4029,http://outpostiv.com/,4.7,126.0,$1–10,Open · Closes 4 PM,"""Open \u00b7 Closes 4\u202fPM""","{""tuesday"": ""8\u202fAM\u20134\u202fPM"", ""wednesday"": ""8\u202fAM\u20134\u202fPM"", ""thursday"": ""8\u202fAM\u20134\u202fPM"", ""friday"": ""8\u202fAM\u20134\u202fPM"", ""saturday"": ""8\u202fAM\u20134\u202fPM"", ""sunday"": ""8\u202fAM\u20134\u202fPM"", ""monday"": ""8\u202fAM\u20134\u202fPM""}","{""dine_in"": true, ""takeout"": true, ""no_contact_delivery"": true}",,https://lh3.googleusercontent.com/gps-cs-s/APNQkAECoWrocQUjYKgrI84vOfD9ZSjPmvDCJlqArvANh4lKHW6Swqe3xrx1wgkMAABg56JVHK3RK1unljtrFal6pRV7UUpdbpUU6vdBH8EAn0Ng4wuBLPFu_h4pqCuv7HGU6dKAiz9ZwZiCNTS_=w1000-h1000-c-n,34.4120096,-119.8575399,0.6922,True,3
110705,University of California-Santa Barbara,coffee,ChIJX8CGAWk_6YARsnG5dcyf91s,0x80e93f690186c05f:0x5bf79fcc75b971b2,CAJÉ Coffee Roasters,Coffee shop,"[""Coffee shop"", ""Bagel shop"", ""Breakfast restaurant"", ""Cafe"", ""Coffee roastery"", ""Coffee store"", ""Espresso bar"", ""Health food restaurant""]","948 Embarcadero del Norte, Goleta, CA 93117",,http://caje.coffee/pages/cajeiv,4.5,290.0,$,Open · Closes 8 PM,"""Open \u00b7 Closes 8\u202fPM""","{""tuesday"": ""7\u202fAM\u20138\u202fPM"", ""wednesday"": ""7\u202fAM\u20138\u202fPM"", ""thursday"": ""7\u202fAM\u20138\u202fPM"", ""friday"": ""7\u202fAM\u20138\u202fPM"", ""saturday"": ""7\u202fAM\u20138\u202fPM"", ""sunday"": ""7\u202fAM\u20138\u202fPM"", ""monday"": ""7\u202fAM\u20138\u202fPM""}","{""dine_in"": true, ""takeout"": true, ""delivery"": true}","Artsy cafe with light bites & a patio. Hip craft coffee shop with bagels, smoothies, free Wi-Fi & local art on display, plus outdoor seats.",https://lh3.googleusercontent.com/gps-cs-s/APNQkAEDCda_cg_zGg908pWQUGQ3qB2N-clQo_ziUFbZLxoB_8gqfIN5LqqRlJM_2kSv7V4gfk1pfujN35uEyWFmv-IT9nhoPzJUDpyhOMY1Sdk5mSnhMRru3BPE1ynML4FELU6v7ngz5Q=w1000-h1000-c-n,34.4120513,-119.8552396,0.5657,True,3
110705,University of California-Santa Barbara,coffee,ChIJ8etxN5FA6YAR-0ALYegXixM,0x80e940913771ebf1:0x138b17e8610b40fb,Green Star Coffee Roastery,Coffee store,"[""Coffee store""]","6489 Calle Real Suite G, Goleta, CA 93117",(805) 683-2555,http://www.greenstarcoffee.com/,4.9,36.0,$1–50,Open · Closes 5 PM,"""Open \u00b7 Closes 5\u202fPM""","{""tuesday"": ""10:30\u202fAM\u20135\u202fPM"", ""wednesday"": ""10:30\u202fAM\u20135\u202fPM"", ""thursday"": ""10:30\u202fAM\u20135\u202fPM"", ""friday"": ""10:30\u202fAM\u20135\u202fPM"", ""saturday"": ""Closed"", ""sunday"": ""Closed"", ""monday"": ""10:30\u202fAM\u20135\u202fPM""}","{""in_store_pickup"": true}",,https://lh3.googleusercontent.com/gps-cs-s/APNQkAEo7Pml3rqbuyO2flT6BGrKei5kb2fJlNS94umCbvhcR_zcXA8lSXNdu_UY_GvCiDWCFGY-B5SUEuumLc-ETgKrCNVrXSvUqVak2OJfEzxCGCl41SoPRVyaQBYpBhK2GBjm34cP=w1000-h1000-c-n,34.4391553,-119.8524426,1.7381,True,3
110705,University of California-Santa Barbara,coffee,ChIJ99Mlf0RB6YARGTEGFWo1oMU,0x80e941447f25d3f7:0xc5a0356a15063119,Dune Coffee Roasters,Coffee shop,"[""Coffee shop""]","5915 Calle Real Suite A, Goleta, CA 93117",(805) 869-2748,http://dunecoffee.com/,4.4,95.0,$1–10,Open · Closes 4 PM,"""Open \u00b7 Closes 4\u202fPM""","{""tuesday"": ""7\u202fAM\u20134\u202fPM"", ""wednesday"": ""7\u202fAM\u20134\u202fPM"", ""thursday"": ""7\u202fAM\u20134\u202fPM"", ""friday"": ""7\u202fAM\u20134\u202fPM"", ""saturday"": ""7\u202fAM\u20134\u202fPM"", ""sunday"": ""7\u202fAM\u20134\u202fPM"", ""monday"": ""7\u202fAM\u20134\u202fPM""}","{""dine_in"": true, ""takeout"": true, ""delivery"": false}",,https://lh3.googleusercontent.com/gps-cs-s/APNQkAHOIDZaakI35J2o1ViLussIB55U9epGLXZcLuwf42ZG2_uML8qFzb7Vzvvr5Il0DAiRah_LkAxOWPj0-HGq2LjnlYLDsoAQoBY-yDDezPkveHv_VbGubegZzR_UhwDgEDWUClo=w1000-h1000-c-n,34.4413354,-119.8283808,2.0972,True,3
110705,University of California-Santa Barbara,coffee,ChIJ9R_LZaVA6YAR-4O45liLN-Q,0x80e940a565cb1ff5:0xe4378b58e6b883fb,Dune Coffee Roasters,Coffee shop,"[""Coffee shop""]","250 Storke Rd, Goleta, CA 93117",(805) 968-0493,http://www.dunecoffee.com/,4.4,305.0,$10–20,Open · Closes 4 PM,"""Open \u00b7 Closes 4\u202fPM""","{""tuesday"": ""6\u202fAM\u20134\u202fPM"", ""wednesday"": ""6\u202fAM\u20134\u202fPM"", ""thursday"": ""6\u202fAM\u20134\u202fPM"", ""friday"": ""6\u202fAM\u20134\u202fPM"", ""saturday"": ""7\u202fAM\u20134\u202fPM"", ""sunday"": ""7\u202fAM\u20134\u202fPM"", ""monday"": ""6\u202fAM\u20134\u202fPM""}","{""dine_in"": true, ""takeout"": true, ""delivery"": false}",,https://lh3.googleusercontent.com/gps-cs-s/APNQkAFnGtriCscxMBRgGnjqDNI2iIAyy11VgPHNEd4Vr5W5DX16ruERELSGxxSijhGf-Ky2z-Kpa-lDhsNUZ3R9sfhu4GjkygYPAkuRsnRXQg4ZZyB-APq252OKyAoT3iR0yWbYxQo=w1000-h1000-c-n,34.4294778,-119.8694556,1.6949,True,3
110705,University of California-Santa Barbara,coffee,ChIJRzbv-wZB6YARqe6zCW4NGlI,0x80e94106fbef3647:0x521a0d6e09b3eea9,Lighthouse Coffee,Coffee shop,"[""Coffee shop""]","5696 Calle Real, Goleta, CA 93117",(805) 679-5424,https://order.toasttab.com/online/lighthousecoffee-5696-callereal,4.3,51.0,$1–20,Open · Closes 4 PM,"""Open \u00b7 Closes 4\u202fPM""","{""tuesday"": ""6\u202fAM\u20134\u202fPM"", ""wednesday"": ""6\u202fAM\u20134\u202fPM"", ""thursday"": ""6\u202fAM\u20134\u202fPM"", ""friday"": ""6\u202fAM\u20134\u202fPM"", ""saturday"": ""6\u202fAM\u20134\u202fPM"", ""sunday"": ""6\u202fAM\u20134\u202fPM"", ""monday"": ""6\u202fAM\u20134\u202fPM""}","{""dine_in"": true, ""takeout"": true, ""delivery"": false}",,https://lh3.googleusercontent.com/gps-proxy/ALd4DhF21TjGzrhz2VAJTa_Tk8lLxvGwJh88CZsfwSSlzHyMxBt44i2WFddnGBof74G7NQpOFfkTsUUECHWZl1CyJDYyuj_ZNeEw-3G9H-5zhEu_-h2Mh5tZKxDIp4Uw_4bSN5pWl2lh7cEEAUzRGx9NqaDQ2PQe3gtykLkiR6-mY_6RtsPtVgIKf7ZA5w=w1000-h1000-c-n,34.4416884,-119.8240521,2.245,True,3
110705,University of California-Santa Barbara,coffee,ChIJUYr7d2QV6YARutaFTnNZHHw,0x80e9156477fb8a51:0x7c1c59734e85d6ba,Dean: a coffee shop,Coffee shop,"[""Coffee shop""]","6100 Hollister Ave Suite 1B, Goleta, CA 93117",(805) 350-4110,http://deancoffeeshop.com/?utm_source=google&utm_medium=wix_google_business_profile&utm_campaign=12994395169072721988,4.5,226.0,$10–20,Open · Closes 3 PM,"""Open \u00b7 Closes 3\u202fPM""","{""tuesday"": ""6\u202fAM\u20133\u202fPM"", ""wednesday"": ""6\u202fAM\u20133\u202fPM"", ""thursday"": ""6\u202fAM\u20133\u202fPM"", ""friday"": ""6\u202fAM\u20133\u202fPM"", ""saturday"": ""7\u202fAM\u20133\u202fPM"", ""sunday"": ""7\u202fAM\u20133\u202fPM"", ""monday"": ""6\u202fAM\u20133\u202fPM""}","{""dine_in"": true, ""takeout"": true, ""delivery"": false}",,https://lh3.googleusercontent.com/gps-cs-s/APNQkAFsc1es1poJs4phKTauTMepaThBbzVx3mf-OPs9UvWlYVJmOW2AuiSt_ITgc_JizGFn1LzOexPChgo9j0uVyF3PAOpxwSSNnPSIyFv2HFY3lxMnjaVPkKUmYdHN6YFFnSv5eBn-nA=w1000-h1000-c-n,34.4346348,-119.8358572,1.4958,True,3
110705,University of California-Santa Barbara,coffee,ChIJkdmmRgA_6YARswSg_zhhSm4,0x80e93f0046a6d991:0x6e4a6138ffa004b3,Yetz's Bagels - Isla Vista,Bagel shop,"[""Bagel shop"", ""Breakfast restaurant""]","901 Embarcadero del Mar Suite 103, Isla Vista, CA 93117",(805) 961-4555,http://yetzsbagels.com/,4.8,210.0,$10–20,Open · Closes 2 PM,"""Open \u00b7 Closes 2\u202fPM""","{""tuesday"": ""7\u202fAM\u20132\u202fPM"", ""wednesday"": ""7\u202fAM\u20132\u202fPM"", ""thursday"": ""7\u202fAM\u20132\u202fPM"", ""friday"": ""7\u202fAM\u20133\u202fPM"", ""saturday"": ""7\u202fAM\u20133\u202fPM"", ""sunday"": ""7\u202fAM\u20133\u202fPM"", ""monday"": ""7\u202fAM\u20132\u202fPM""}","{""delivery"": true}",,https://lh3.googleusercontent.com/gps-cs-s/APNQkAEwMF515PZv0dGzByJGheI4glhRfb4pd_akk9VjBhzzPAV8P7r3atPWTp0weRgsSglR6-Gl4iNW9fxNykrtbPpG6WrW-FV0vYMW9ctY53s81GylFUlU30jP61dXxCwsJWDvPwZGU1lmYyjp=w1000-h1000-c-n,34.4129239,-119.8573375,0.6672,True,3
110705,University of California-Santa Barbara,coffee,ChIJydYfotE_6YARct2gPRQ-ksw,0x80e93fd1a21fd6c9:0xcc923e143da0dd72,KOZY Coffee,Coffee shop,"[""Coffee shop""]","6560 Pardall Rd unit c, Isla Vista, CA 93117",,https://www.kozycoffeeroasters.com/,4.1,35.0,$1–10,Open · Closes 5 PM,"""Open \u00b7 Closes 5\u202fPM""","{""tuesday"": ""7\u202fAM\u20135\u202fPM"", ""wednesday"": ""7\u202fAM\u20135\u202fPM"", ""thursday"": ""7\u202fAM\u20135\u202fPM"", ""friday"": ""7\u202fAM\u20135\u202fPM"", ""saturday"": ""7\u202fAM\u20135\u202fPM"", ""sunday"": ""7\u202fAM\u20135\u202fPM"", ""monday"": ""7\u202fAM\u20135\u202fPM""}","{""dine_in"": true, ""takeout"": true, ""delivery"": false}",,https://lh3.googleusercontent.com/gps-cs-s/APNQkAFgMaO84bwJ6Ggx0DqHVWclvNYyIb3sox0pAkIIeeingFP8HuJD_oNQaAvYwYwBDXTjUTNSGni_L70DZi1m0NljOK0R4p126gLDhgaQP-XYQPAD5CNMsh9vfwmu-3JtWCMsa8SI=w1000-h1000-c-n,34.413276499999995,-119.8567759,0.6317,True,3
110705,University of California-Santa Barbara,coffee,ChIJndXTVOJB6YARqOQlEOsTdzw,0x80e941e254d3d59d:0x3c7713eb1025e4a8,Old Town Coffee,Coffee shop,"[""Coffee shop""]","5877 Hollister Ave, Goleta, CA 93117",(805) 845-1550,https://oldtowncoffee.com/,4.6,505.0,$1–10,Open · Closes 5 PM,"""Open \u00b7 Closes 5\u202fPM""","{""tuesday"": ""6\u202fAM\u20135\u202fPM"", ""wednesday"": ""6\u202fAM\u20135\u202fPM"", ""thursday"": ""6\u202fAM\u20135\u202fPM"", ""friday"": ""6\u202fAM\u20135\u202fPM"", ""saturday"": ""7\u202fAM\u20135\u202fPM"", ""sunday"": ""7\u202fAM\u20135\u202fPM"", ""monday"": ""6\u202fAM\u20135\u202fPM""}","{""dine_in"": true, ""takeout"": true}",,https://lh3.googleusercontent.com/gps-cs-s/APNQkAFgaTAzxOJh-GHcIKONnvxYZoL6td_KsNsviLDTRS2Ec6TGfC2EjNi8w4N1wZ9Bps7WyW9hEB4-nrJL7rjnRD1OdvHti9aIYBgwTvzFJQpqAPRz7v1Q16FARE1xwQ5kiux7NMxL1SF_WyM=w1000-h1000-c-n,34.4358225,-119.8284261,1.7695,True,3
110705,University of California-Santa Barbara,coffee,ChIJwwAqHnA_6YARkhotEgnmeuo,0x80e93f701e2a00c3:0xea7ae609122d1a92,Coral Tree Cafe,Cafe,"[""Cafe""]","University of California, Santa Barbara, Building 532, Ocean Rd, Santa Barbara, CA 93106",(805) 893-4704,https://dining.ucsb.edu/eateries-markets,4.4,71.0,$1–10,Open · Closes 3:30 PM,"""Open \u00b7 Closes 3:30\u202fPM""","{""tuesday"": ""7:30\u202fAM\u20133:30\u202fPM"", ""wednesday"": ""7:30\u202fAM\u20133:30\u202fPM"", ""thursday"": ""7:30\u202fAM\u20133:30\u202fPM"", ""friday"": ""7:30\u202fAM\u20133:30\u202fPM"", ""saturday"": ""Closed"", ""sunday"": ""Closed"", ""monday"": ""7:30\u202fAM\u20133:30\u202fPM""}","{""dine_in"": true, ""takeout"": true, ""delivery"": false}",,https://lh3.googleusercontent.com/gps-cs-s/APNQkAERtp3dFSm0VLyg8aPGkc_G8csYycu8Urm9drnH7_YN5Y8iI5PVwekoPMIqMP3rK1VWDOKbaaCIdRGQfx3PipYzSFzJpM6fs5_jIMlKkPTZxBQw2c-lwByh78S12fEFOWgA49FW=w1000-h1000-c-n,34.4158008,-119.8468038,0.1003,True,3
110705,University of California-Santa Barbara,coffee,ChIJ_bL4ZQA_6YARINaP9fMCiRc,0x80e93f0065f8b2fd:0x178902f3f58fd620,Santa Barbara Roasting Co,Coffee shop,"[""Coffee shop""]","500 James Fowler Rd, Santa Barbara, CA 93117",,http://www.sbcoffee.com/,4.0,15.0,$1–10,Open · Closes 5:30 PM,"""Open \u00b7 Closes 5:30\u202fPM""","{""tuesday"": ""4:30\u202fAM\u20135:30\u202fPM"", ""wednesday"": ""4:30\u202fAM\u20135:30\u202fPM"", ""thursday"": ""4:30\u202fAM\u20135:30\u202fPM"", ""friday"": ""4:30\u202fAM\u20135:30\u202fPM"", ""saturday"": ""4:30\u202fAM\u20135:30\u202fPM"", ""sunday"": ""4:30\u202fAM\u20135:30\u202fPM"", ""monday"": ""4:30\u202fAM\u20135:30\u202fPM""}","{""dine_in"": true, ""takeout"": true, ""delivery"": false}",,https://lh3.googleusercontent.com/gps-cs-s/APNQkAHHCG67CUMzQfXbyjZR-xH4_qrbacfqHRObjypzIGnE4Dabrk8K8nN_gLFWy4W8ALfAPz6QOnII5tYSABmyyiXJP5_ldHlTe9mEtSZSILA3H-5AGpnhlOsPux8Kgu1mmCdrRwfD=w1000-h1000-c-n,34.4248641,-119.8365125,0.8852,True,3
110705,University of California-Santa Barbara,coffee,ChIJu-erYKRA6YARZHFd7YPI1QQ,0x80e940a460abe7bb:0x4d5c883ed5d7164,Flir Dining Café,Cafe,"[""Cafe""]","6769 Hollister Ave, Goleta, CA 93117",(805) 690-6872,https://flir-cafe.square.site/,4.6,33.0,,Open · Closes 2 PM,"""Open \u00b7 Closes 2\u202fPM""","{""tuesday"": ""7\u201310\u202fAM, 11\u202fAM\u20132\u202fPM"", ""wednesday"": ""7\u201310\u202fAM, 11\u202fAM\u20132\u202fPM"", ""thursday"": ""7\u201310\u202fAM, 11\u202fAM\u20132\u202fPM"", ""friday"": ""7\u201310\u202fAM, 11\u202fAM\u20132\u202fPM"", ""saturday"": ""Closed"", ""sunday"": ""Closed"", ""monday"": ""7\u201310\u202fAM, 11\u202fAM\u20132\u202fPM""}","{""dine_in"": true, ""takeout"": true}",,https://lh3.googleusercontent.com/gps-cs-s/APNQkAEInJGlnigbu7WtsmZdGZmuV3BaDdiCNoYXbVy027reSbLH3XtqHpefoPsw3XQBs2NeSqoyDljFITSMRKZxDE0ZrxffpC_pgMv2po754qiIGCH7GT2h1F3_Ty1huG9_SFqB3sDf=w1000-h1000-c-n,34.4296513,-119.8656721,1.5371,True,3
110705,University of California-Santa Barbara,coffee,ChIJsRG48wBB6YARvSkWsS_OOIw,0x80e94100f3b811b1:0x8c38ce2fb11629bd,Yetz's Bagels - Goleta,Bagel shop,"[""Bagel shop""]","250 Storke Rd G, Goleta, CA 93117",(805) 883-6414,https://www.yetzsbagels.com/,4.7,33.0,$10–20,Open · Closes 2 PM,"""Open \u00b7 Closes 2\u202fPM""","{""tuesday"": ""6:30\u202fAM\u20132\u202fPM"", ""wednesday"": ""6:30\u202fAM\u20132\u202fPM"", ""thursday"": ""6:30\u202fAM\u20132\u202fPM"", ""friday"": ""6:30\u202fAM\u20132\u202fPM"", ""saturday"": ""6:30\u202fAM\u20132\u202fPM"", ""sunday"": ""6:30\u202fAM\u20132\u202fPM"", ""monday"": ""6:30\u202fAM\u20132\u202fPM""}","{""onsite_services"": true}",,https://lh3.googleusercontent.com/gps-proxy/ALd4DhHYagLmUoTSw4dHX5D-L51J2A7JwTly0sY7ge_W8CLAKe1JXUeMhhcUDk-koRgNUO7YRC8OkRZNILuJ2UDbRcwBtfiedZ_9Ez2FX8J-ULnYu7JDZKHHoz19aNOSuPimYsggSFrdOzXD9O9DKFWiCnhwVitwt7hFy7PMAySjN7BRxbJvWuQ3gpW39Q=w1000-h1000-c-n,34.4294625,-119.8691681,1.6812,True,3
110705,University of California-Santa Barbara,coffee,ChIJlxYbXZtA6YAR3rh0Ed9DspQ,0x80e9409b5d1b1697:0x94b243df1174b8de,Cristino’s Bakery,Bakery,"[""Bakery""]","170 Aero Camino, Goleta, CA 93117",(805) 455-6900,https://www.cristinosbakery.com/,4.7,307.0,$10–20,Open · Closes 8 PM,"""Open \u00b7 Closes 8\u202fPM""","{""tuesday"": ""6\u202fAM\u20138\u202fPM"", ""wednesday"": ""6\u202fAM\u20138\u202fPM"", ""thursday"": ""6\u202fAM\u20138\u202fPM"", ""friday"": ""6\u202fAM\u20138\u202fPM"", ""saturday"": ""6\u202fAM\u20132\u202fPM"", ""sunday"": ""6\u202fAM\u20132\u202fPM"", ""monday"": ""6\u202fAM\u20138\u202fPM""}","{""takeout"": true, ""delivery"": true}",,https://lh3.googleusercontent.com/gps-cs-s/APNQkAF6TX8Ah0ba8s4KyIdOX37utT5M7LOsxY5z7UYY6xG4R-jflfVqoHjfbFltCR-_Ibry27U5ziORJ1BjHq9IT34o2_WvELW-IYVxCfk-SciDud1TFxR8KN8gWSbZDgRGBa_0628X0093ib_I=w1000-h1000-c-n,34.4322806,-119.848075,1.2283,True,3
110705,University of California-Santa Barbara,coffee,ChIJCevLKAZB6YARqxb6OGenhzk,0x80e9410628cbeb09:0x3987a76738fa16ab,Rinkside Cafe,Cafe,"[""Cafe"", ""Beer garden"", ""Restaurant"", ""Sports bar"", ""Taco restaurant""]","6985 Santa Felicia Dr, Goleta, CA 93117",(805) 869-4007,https://www.instagram.com/rinksidecafe/,4.6,13.0,,Open · Closes 11 PM,"""Open \u00b7 Closes 11\u202fPM""","{""tuesday"": ""11:30\u202fAM\u201311\u202fPM"", ""wednesday"": ""11:30\u202fAM\u201311\u202fPM"", ""thursday"": ""11:30\u202fAM\u201312\u202fAM"", ""friday"": ""11:30\u202fAM\u201312\u202fAM"", ""saturday"": ""8\u202fAM\u201310\u202fPM"", ""sunday"": ""8\u202fAM\u201311\u202fPM"", ""monday"": ""11:30\u202fAM\u201311\u202fPM""}","{""dine_in"": true, ""takeout"": true, ""delivery"": false}",,https://lh3.googleusercontent.com/gps-cs-s/APNQkAFovhxHR1pIXhMhqBlXAvtTGOa1CoWxIf3ad0LoKNMELUpHAUDcw5hdyFXNxuPbvv645aRH_Q294Sl2SZFKDhiHF5Apjz43CdVEAH128U3lzfTroFGF3rl_aa5FwkiKaAByNUX_9SZL6IzH=w1000-h1000-c-n,34.4258544,-119.871381,1.6519,True,3
110705,University of California-Santa Barbara,coffee,ChIJsaueWGg_6YARhf5O9vH0Qxs,0x80e93f68589eabb1:0x1b43f4f1f64efe85,i.v. drip,Coffee shop,"[""Coffee shop"", ""Cookie shop"", ""Ice cream shop""]","905 Embarcadero del Norte, Isla Vista, CA 93117",(805) 869-2144,,4.3,108.0,$1–10,Open · Closes 10:30 PM,"""Open \u00b7 Closes 10:30\u202fPM""","{""tuesday"": ""9\u202fAM\u201310:30\u202fPM"", ""wednesday"": ""9\u202fAM\u201310:30\u202fPM"", ""thursday"": ""9\u202fAM\u201311\u202fPM"", ""friday"": ""9\u202fAM\u201311\u202fPM"", ""saturday"": ""9\u202fAM\u201311\u202fPM"", ""sunday"": ""9\u202fAM\u201310:30\u202fPM"", ""monday"": ""9\u202fAM\u201310:30\u202fPM""}","{""dine_in"": true, ""takeout"": true, ""no_contact_delivery"": true}","Snug stop-in for local java & desserts. Quaint, compact cafe serving locally roasted coffee alongside housemade baked treats & ice cream.",https://lh3.googleusercontent.com/gps-cs-s/APNQkAF_ET1qfvcKRvrN5aKN_x9537F53qgONDWZ3x83HeKYlb1lg7R8fSvfjvdrRYAho7-DpWEZ6Wk6lYSTM0RjQjgzOjvxYL2HwdwUppIQTg5Gy66sw34a0SR8xH8hVHcRwwKN6eDoXQ=w1000-h1000-c-n,34.412901,-119.8555293,0.5663,True,3
204796,Ohio State University-Main Campus,coffee,ChIJCzy7_-KPOIgRAo-EL8CMpe8,0x88388fe2ffbb3c0b:0xefa58cc02f848f02,Gata Mágica Café and Lounge,Coffee shop,"[""Coffee shop""]","1762 N High St, Columbus, OH 43201",(380) 383-4282,http://gatamagicacbus.com/,4.7,131.0,$1–10,Open · Closes 5 PM,"""Open \u00b7 Closes 5\u202fPM""","{""tuesday"": ""8\u202fAM\u20135\u202fPM"", ""wednesday"": ""8\u202fAM\u20135\u202fPM"", ""thursday"": ""8\u202fAM\u20135\u202fPM"", ""friday"": ""8\u202fAM\u20135\u202fPM"", ""saturday"": ""8\u202fAM\u20135\u202fPM"", ""sunday"": ""8\u202fAM\u20135\u202fPM"", ""monday"": ""8\u202fAM\u20135\u202fPM""}","{""dine_in"": true, ""takeout"": true, ""delivery"": true}",,https://lh3.googleusercontent.com/gps-proxy/ALd4DhEFq7RPKRPL-tfg0dAZTbm5N_q5hNd7ixnaZnKcnnYnHSsmpbb0AuAyYU1SiV_WlCU6ZkuHGGz8L17Q0XZPVUV-XeF8OaqszxgNWkF-JmjIY6NeRStbLwAWS26yv7EXQGMKz_-D_oLc2wjkE-wVrI_gwnD0USJ_rUFSpG3KDqjhZCUvfqfNsL2p=w1000-h1000-c-n,39.9983268,-83.0075016,0.1158,True,3
204796,Ohio State University-Main Campus,coffee,ChIJhfqYe6OOOIgRMG279OH4pbw,0x88388ea37b98fa85:0xbca5f8e1f4bb6d30,Kafe Kerouac,Coffee shop,"[""Coffee shop"", ""Record store""]","2250 N High St, Columbus, OH 43201",(614) 299-2672,http://kafekerouac.com/,4.6,1100.0,$1–10,Open · Closes 12 AM,"""Open \u00b7 Closes 12\u202fAM""","{""tuesday"": ""8\u202fAM\u201312\u202fAM"", ""wednesday"": ""8\u202fAM\u201312\u202fAM"", ""thursday"": ""8\u202fAM\u201312\u202fAM"", ""friday"": ""8\u202fAM\u20131\u202fAM"", ""saturday"": ""10\u202fAM\u20131\u202fAM"", ""sunday"": ""10\u202fAM\u201310\u202fPM"", ""monday"": ""8\u202fAM\u201312\u202fAM""}","{""dine_in"": true, ""takeout"": true, ""delivery"": false}","Bohemian coffeehouse & used bookstore. Laid-back hangout with a neighborhood vibe for live music, drinks, poetry & arcade games.",https://lh3.googleusercontent.com/gps-cs-s/APNQkAEYBl5Tkt8mrT6B0_2KC8WzEp76mKhzYESQIZ1ROD73OHjzzdg7d0aPp9NW9QNhZ-u_LsUJSY6uzFDiZT7F7KD4uDia57tXhOg-XmCH_9Fxn6syKvaoBi0wL8GuX2ccjUpSAIxI=w1000-h1000-c-n,40.0081961,-83.0094337,0.5901,True,3
204796,Ohio State University-Main Campus,coffee,ChIJZ4iTuHiPOIgR0n4NOEmzQgY,0x88388f78b8938867:0x642b349380d7ed2,Stauf’s Coffee,Cafe,"[""Cafe""]","1334 Neil Ave, Columbus, OH 43201",(614) 928-3993,http://www.staufs.com/,4.6,437.0,$10–20,Closes soon · 4 PM · Opens 6:30 AM Wed,"""Closes soon \u00b7 4\u202fPM \u00b7 Opens 6:30\u202fAM Wed""","{""tuesday"": ""6:30\u202fAM\u20134\u202fPM"", ""wednesday"": ""6:30\u202fAM\u20134\u202fPM"", ""thursday"": ""6:30\u202fAM\u20134\u202fPM"", ""friday"": ""6:30\u202fAM\u20134\u202fPM"", ""saturday"": ""7\u202fAM\u20134\u202fPM"", ""sunday"": ""8\u202fAM\u20134\u202fPM"", ""monday"": ""6:30\u202fAM\u20134\u202fPM""}","{""dine_in"": true, ""takeout"": true, ""delivery"": false}","Laid-back cafe for coffee & tea. Relaxed cafe offering coffees from more than 20 countries, plus an extensive menu of teas.",https://lh3.googleusercontent.com/gps-cs-s/APNQkAHzDbwgS1iOWYguzrb12Q9SYMQ1tZ85r8jARu_WP4pICoWv2GeS5hijkXh03V64ZdFRSQAwiht-kFffS23h0rj-1qlFslsF7BiQuhCq3gOaNjG1n0skj102rH7_Je7B74X-fTmJ=w1000-h1000-c-n,39.9886988,-83.01295309999999,0.8407,True,3
186380,Rutgers University-New Brunswick,coffee,ChIJX3_gXjPHw4kR43sVlXlpQrE,0x89c3c7335ee07f5f:0xb142697995157be3,Khyber Coffee & Tea House,Cafe,"[""Cafe""]","110 Church St, New Brunswick, NJ 08901",(732) 317-1177,https://www.drinkkhyber.com/,4.7,830.0,$10–20,Open · Closes 10 PM,"""Open \u00b7 Closes 10\u202fPM""","{""tuesday"": ""8\u202fAM\u201310\u202fPM"", ""wednesday"": ""8\u202fAM\u201310\u202fPM"", ""thursday"": ""8\u202fAM\u201312\u202fAM"", ""friday"": ""8\u202fAM\u20131\u202fAM"", ""saturday"": ""9\u202fAM\u20131\u202fAM"", ""sunday"": ""9\u202fAM\u201310\u202fPM"", ""monday"": ""8\u202fAM\u201310\u202fPM""}","{""dine_in"": true, ""takeout"": true, ""delivery"": true}",,https://lh3.googleusercontent.com/gps-cs-s/APNQkAE6tlbJVZsYO3KJ1IDreKn65zp2EhkiXesPFTLuXcmjiCN-pqACRZELziYlnuw4KWBjIRJBF2KezBUAYvTpDn3WEYkswZINSf39oYN9siJ9imbWaS5S-Y6kiE4UMJTK9ZQgIbp_PP_awsij=w1000-h1000-c-n,40.4957145,-74.4446154,0.2275,True,3
186380,Rutgers University-New Brunswick,coffee,ChIJIfh9PzXGw4kRoXpHcYlou-o,0x89c3c6353f7df821:0xeabb688971477aa1,Penstock Coffee Shop & Roastery,Coffee shop,"[""Coffee shop"", ""Bakery"", ""Breakfast restaurant"", ""Cafe"", ""Coffee roastery"", ""Coffee store"", ""Coffee wholesaler"", ""Espresso bar"", ""Tea house"", ""Tea store""]","13 S 3rd Ave suite c, Highland Park, NJ 08904",(732) 455-2994,http://penstockcoffee.com/,4.5,599.0,$1–10,Open · Closes 5 PM,"""Open \u00b7 Closes 5\u202fPM""","{""tuesday"": ""8\u202fAM\u20135\u202fPM"", ""wednesday"": ""8\u202fAM\u20135\u202fPM"", ""thursday"": ""8\u202fAM\u20135\u202fPM"", ""friday"": ""8\u202fAM\u20135\u202fPM"", ""saturday"": ""8\u202fAM\u20135\u202fPM"", ""sunday"": ""8\u202fAM\u20135\u202fPM"", ""monday"": ""8\u202fAM\u20135\u202fPM""}","{""dine_in"": true, ""takeout"": true, ""no_contact_delivery"": true}","Relaxed coffeehouse with its own roasts. House-roasted beans fuel the pour-overs & espressos at this chill, laptop-friendly coffee spot.",https://lh3.googleusercontent.com/gps-cs-s/APNQkAE894faR3gfRBsE3q9bjeFGqK1GOYrih08aUIotnyFX5oFvt2_Cac5oHQwzi93TtLwgmpK-3Jvm8n-r0fTBQhHBRlaN62YpVhK758Byuo_2yxFAKOE9Bbfwxuqg_1GzsIbhimKI=w1000-h1000-c-n,40.498821,-74.427602,0.9806,True,3
186380,Rutgers University-New Brunswick,coffee,ChIJJYWoKIPHw4kR1aGMjgAVkgY,0x89c3c78328a88525:0x69215008e8ca1d5,Friend's Cafe,Cafe,"[""Cafe""]","52 Robinson St, New Brunswick, NJ 08901",(732) 246-1241,https://www.friendscaferobinsonstreet.com/,4.7,386.0,$10–20,Open · Closes 5 PM,"""Open \u00b7 Closes 5\u202fPM""","{""tuesday"": ""7\u202fAM\u20135\u202fPM"", ""wednesday"": ""7\u202fAM\u20135\u202fPM"", ""thursday"": ""7\u202fAM\u20135\u202fPM"", ""friday"": ""7\u202fAM\u20135\u202fPM"", ""saturday"": ""7\u202fAM\u20135\u202fPM"", ""sunday"": ""7\u202fAM\u20135\u202fPM"", ""monday"": ""7\u202fAM\u20135\u202fPM""}","{""dine_in"": true, ""takeout"": true, ""delivery"": false}",,https://lh3.googleusercontent.com/gps-cs-s/APNQkAHjlbTfk-RMivJeZZdCyYqdtkHD-p241JVp9AiOx47rMSZVQThmJurY86F-iImVcYlmSSZxV1whRbokQ-JwKhvMXE94XP4Hrc1HYFcwAVTu390NaqjkoO-C9fRQ7fdd5mljPxNq5JvSX0CU=w1000-h1000-c-n,40.4983679,-74.4564181,0.5341,True,3
186380,Rutgers University-New Brunswick,coffee,ChIJbc2Kn_rHw4kR9FteiIi3iZE,0x89c3c7fa9f8acd6d:0x9189b788885e5bf4,Semicolon Cafe,Coffee shop,"[""Coffee shop"", ""Cafe""]","356 George St, New Brunswick, NJ 08901",(732) 317-1182,http://semicoloncafe.com/,4.6,221.0,$10–20,Open · Closes 5 PM,"""Open \u00b7 Closes 5\u202fPM""","{""tuesday"": ""8\u202fAM\u20135\u202fPM"", ""wednesday"": ""8\u202fAM\u20135\u202fPM"", ""thursday"": ""8\u202fAM\u20135\u202fPM"", ""friday"": ""8\u202fAM\u20135\u202fPM"", ""saturday"": ""8\u202fAM\u20135\u202fPM"", ""sunday"": ""8\u202fAM\u20135\u202fPM"", ""monday"": ""8\u202fAM\u20135\u202fPM""}","{""dine_in"": true, ""takeout"": true, ""delivery"": true}",,https://lh3.googleusercontent.com/gps-cs-s/APNQkAF4NhORIxmUBiUG86Gj0_qUJBfa_gXZ_HXFLRu-E9Zy-PuXEQ538KlUdet6bN-TuM01hPMDqQCqOo3Q_H4bkOhukiBQTa8i2t0fwJmQUVIaRB82mhh12en9lRbQuvqiN8RG66TLLm979J_i=w1000-h1000-c-n,40.4947798,-74.4439639,0.3004,True,3
186380,Rutgers University-New Brunswick,coffee,ChIJ3yPjWADHw4kRp6LDZeU4-VY,0x89c3c70058e323df:0x56f938e565c3a2a7,Chai Chenak Cafe,Coffee shop,"[""Coffee shop"", ""Cafe"", ""Tea house""]","351 George St, New Brunswick, NJ 08901",(732) 317-1175,https://chaichenakcafe.com/,4.8,353.0,$1–10,Open · Closes 10 PM,"""Open \u00b7 Closes 10\u202fPM""","{""tuesday"": ""8\u202fAM\u201310\u202fPM"", ""wednesday"": ""9\u202fAM\u201310\u202fPM"", ""thursday"": ""8\u202fAM\u201310\u202fPM"", ""friday"": ""9\u202fAM\u201310:30\u202fPM"", ""saturday"": ""9\u202fAM\u201310:30\u202fPM"", ""sunday"": ""9\u202fAM\u201310\u202fPM"", ""monday"": ""8\u202fAM\u201310\u202fPM""}","{""dine_in"": true, ""takeout"": true}",,https://lh3.googleusercontent.com/gps-proxy/ALd4DhEd6bCftYRRbaxE26E-zqAQGWKm-IZK6OVKBjTWtXr6HiQoDtBxPb1E7dDNvvhaWrreRSmTdvVEA5k9iW4LEDTNMIZlljmwN3pUcB0t8pBaMFiVZSMnKMTinUGH0hnX2TH5GsLjn4_AZSmNdy6PlonPNuRelp7S_e9WQNDFZFA5uKBH2OScFM8jew=w1000-h1000-c-n,40.4946351,-74.4436802,0.3157,True,3
186380,Rutgers University-New Brunswick,coffee,ChIJcx83cQDHw4kRZ2wk9tDxXW4,0x89c3c70071371f73:0x6e5df1d0f6246c67,Haraz Coffee House,Coffee shop,"[""Coffee shop""]","385 George St, New Brunswick, NJ 08901",(848) 365-5642,http://harazcoffeehouse.com/,4.3,376.0,$1–10,Open · Closes 10 PM,"""Open \u00b7 Closes 10\u202fPM""","{""tuesday"": ""7\u202fAM\u201310\u202fPM"", ""wednesday"": ""7\u202fAM\u201310\u202fPM"", ""thursday"": ""7\u202fAM\u201310\u202fPM"", ""friday"": ""7\u202fAM\u201311\u202fPM"", ""saturday"": ""9\u202fAM\u201311\u202fPM"", ""sunday"": ""9\u202fAM\u201310\u202fPM"", ""monday"": ""7\u202fAM\u201310\u202fPM""}","{""dine_in"": true, ""takeout"": true, ""delivery"": false}",,https://lh3.googleusercontent.com/gps-proxy/ALd4DhFefv5re8zBHCYWkycU62-Bupk-N2uLU-TPt5_5KhCFLNjWQYYFoSeQzfh01n829Hl853cQVypY9J-P3YDILt_bGtLfjkY8_sJimGQssj3jhC7k94Wk_q1XL0S-fIqHWL8tZgPVflv9RabHo83KGvSU1xp9oUUkOWlSOWkwtG2MWjCfe1e2Hp3C=w1000-h1000-c-n,40.4958701,-74.4437945,0.2381,True,3
186380,Rutgers University-New Brunswick,coffee,ChIJ2yPO5FXGw4kR-eNpajxZomA,0x89c3c655e4ce23db:0x60a2593c6a69e3f9,Hidden Grounds Chai & Coffee House,Coffee shop,"[""Coffee shop"", ""Coffee store"", ""Dessert shop"", ""Espresso bar"", ""Sandwich shop""]","106 Easton Ave, New Brunswick, NJ 08901",(732) 993-6825,https://thehiddengrounds.com/,4.3,505.0,$10–20,Open · Closes 6 PM,"""Open \u00b7 Closes 6\u202fPM""","{""tuesday"": ""7\u202fAM\u20136\u202fPM"", ""wednesday"": ""7\u202fAM\u20136\u202fPM"", ""thursday"": ""7\u202fAM\u20136\u202fPM"", ""friday"": ""7\u202fAM\u20136\u202fPM"", ""saturday"": ""8\u202fAM\u20136\u202fPM"", ""sunday"": ""8\u202fAM\u20136\u202fPM"", ""monday"": ""7\u202fAM\u20136\u202fPM""}","{""dine_in"": true, ""takeout"": true, ""no_contact_delivery"": true}","Chill coffee shop with light bites. Easygoing rustic-chic coffee place serving espresso drinks & tea, along with pastries & sandwiches.",https://lh3.googleusercontent.com/gps-cs-s/APNQkAHYw3Ml-ipRmyVJHuyA8yBIrRRL9gMU2hCTubMymbhkr6VP51mgmKl32JYEbXtfnVHt62rS3i23sCqerwbw9aebFldE4RDpzCdSZV0tYeBPeCmLdjqSk2-r_yEppBQE0VEtZVQZ=w1000-h1000-c-n,40.4987964,-74.45178159999999,0.2898,True,3
186380,Rutgers University-New Brunswick,coffee,ChIJ9eFB1lbGw4kRyZsdnM4XMrA,0x89c3c656d641e1f5:0xb03217ce9c1d9bc9,Kenny’s Cafe,Cafe,"[""Cafe""]","100 Kirkpatrick St, New Brunswick, NJ 08901",(732) 640-0888,https://rwjfitnesswellness.com/new-brunswick/kennys-cafe/,4.9,67.0,$1–10,Open · Closes 8:30 PM,"""Open \u00b7 Closes 8:30\u202fPM""","{""tuesday"": ""6\u202fAM\u20138:30\u202fPM"", ""wednesday"": ""6\u202fAM\u20138:30\u202fPM"", ""thursday"": ""6\u202fAM\u20138:30\u202fPM"", ""friday"": ""6\u202fAM\u20138:30\u202fPM"", ""saturday"": ""8\u202fAM\u20133\u202fPM"", ""sunday"": ""8\u202fAM\u20133\u202fPM"", ""monday"": ""6\u202fAM\u20138:30\u202fPM""}","{""dine_in"": true, ""takeout"": true, ""delivery"": true}",,https://lh3.googleusercontent.com/gps-cs-s/APNQkAGHwZ8kUP_dJEp1-xTKpRpfkugnlLg1c-az6Swmu0x3ww5MlLXyHuQosJDZ1k450yXVLc72p_tXuRMNpmKQJ2tsLBeBBrKiw0E5BqCByq3H1UilllOGpcF7y_Is1Bo5BGRKsNXy=w1000-h1000-c-n,40.4955092,-74.447159,0.2294,True,3
186380,Rutgers University-New Brunswick,coffee,ChIJKaqb7LnHw4kR8yBR-1mxNZA,0x89c3c7b9ec9baa29:0x9035b159fb5120f3,"Ellinikon Agora, Greek Market",Brunch restaurant,"[""Brunch restaurant"", ""Cafe"", ""Espresso bar""]","137-139 Raritan Ave, Highland Park, NJ 08904",(732) 354-4944,http://ellinikonusa.ecwid.com/,4.7,246.0,$10–20,Open · Closes 5 PM,"""Open \u00b7 Closes 5\u202fPM""","{""tuesday"": ""9\u202fAM\u20135\u202fPM"", ""wednesday"": ""9\u202fAM\u20135\u202fPM"", ""thursday"": ""9\u202fAM\u20135\u202fPM"", ""friday"": ""9\u202fAM\u20135\u202fPM"", ""saturday"": ""9\u202fAM\u20135\u202fPM"", ""sunday"": ""9\u202fAM\u20135\u202fPM"", ""monday"": ""9\u202fAM\u20135\u202fPM""}","{""dine_in"": true, ""takeout"": true, ""delivery"": true}",,https://lh3.googleusercontent.com/gps-cs-s/APNQkAEuqmyIM7J2BGZ3p6wn6ravvcgm56SISfZPDiAgsFC27T8HktrGokjl1hONeMnPnWLLCjmgk38U2iwTJjgl3yj6dPB1ERz3yCPk03m5pDWqhpJNo9UKrT2gEjd-fzmgC1vG6Akq=w1000-h1000-c-n,40.4986212,-74.4309688,0.8037,True,3
186380,Rutgers University-New Brunswick,coffee,ChIJqX96g6nHw4kRxS5nZf9WsfI,0x89c3c7a9837a7fa9:0xf2b156ff65672ec5,Efes Cafe,Coffee shop,"[""Coffee shop"", ""Cafe"", ""Pastry shop""]","34 Easton Ave, New Brunswick, NJ 08901",(732) 202-8207,http://www.efescafenj.com/,4.4,248.0,$10–20,Open · Closes 10 PM,"""Open \u00b7 Closes 10\u202fPM""","{""tuesday"": ""7\u202fAM\u201310\u202fPM"", ""wednesday"": ""7\u202fAM\u201310\u202fPM"", ""thursday"": ""7\u202fAM\u20139\u202fPM"", ""friday"": ""7\u202fAM\u201311\u202fPM"", ""saturday"": ""7\u202fAM\u201311\u202fPM"", ""sunday"": ""8\u202fAM\u201310\u202fPM"", ""monday"": ""7\u202fAM\u201310\u202fPM""}","{""dine_in"": true, ""takeout"": true, ""delivery"": true}",,https://lh3.googleusercontent.com/gps-proxy/ALd4DhH-QIEKYQYLp3ZnZga7QkYknIehMmBzJA0lixn4SFy6-h2C0anM_ynJCPWsezQmOVecjI5TDsC1EMrAQc8xPFvgPK9mJFJ4i97wxiuifThBQ3601SXH-IcyKjK3qeB1efU-WyFO5MJOKoKk1I5numdNPAVclnmsTEnqJmPlqDoC3RX_D5e2hrqfig=w1000-h1000-c-n,40.4973951,-74.4481433,0.1365,True,3
186380,Rutgers University-New Brunswick,coffee,ChIJITn3tVbGw4kRl0g8SzRNe_Y,0x89c3c656b5f73921:0xf67b4d344b3c4897,Hidden Grounds Chai & Coffee House,Espresso bar,"[""Espresso bar"", ""Bagel shop"", ""Breakfast restaurant"", ""Brunch restaurant"", ""Tea house""]","4C Easton Ave, New Brunswick, NJ 08901",(732) 896-9689,http://www.thehiddengrounds.com/,4.3,429.0,$1–10,Open · Closes 6 PM,"""Open \u00b7 Closes 6\u202fPM""","{""tuesday"": ""7\u202fAM\u20136\u202fPM"", ""wednesday"": ""7\u202fAM\u20136\u202fPM"", ""thursday"": ""7\u202fAM\u20136\u202fPM"", ""friday"": ""7\u202fAM\u20136\u202fPM"", ""saturday"": ""8\u202fAM\u20136\u202fPM"", ""sunday"": ""8\u202fAM\u20136\u202fPM"", ""monday"": ""7\u202fAM\u20136\u202fPM""}","{""dine_in"": true, ""takeout"": true, ""delivery"": true}","Chill espresso bar with light bites. Espresso & pourover coffee plus light fare & pastries in spacious, low-key digs with a cool vibe.",https://lh3.googleusercontent.com/gps-cs-s/APNQkAFkmoFZlyfZOhsvxu2jYjHvWpMBEFB4xWx4SZF_b234FHYNsr9HDGuYqbydBbMNlH1R0iY0psg4MtZRdx2_rhclvQtQrLATv-5rdnJpZpGU34pfGY-6UmY4VwSWweDZ-YCffQ9gIw=w1000-h1000-c-n,40.4968122,-74.4470714,0.141,True,3
186380,Rutgers University-New Brunswick,coffee,ChIJ8w3d6FDGw4kRUFaVn2Oe74c,0x89c3c650e8dd0df3:0x87ef9e639f955650,Legal Grounds Café,Cafe,"[""Cafe"", ""Restaurant""]","55 Bayard St, New Brunswick, NJ 08901",(732) 317-8338,,4.4,121.0,$1–10,Closed · Opens 7 AM Wed,"""Closed \u00b7 Opens 7\u202fAM Wed""","{""tuesday"": ""7\u202fAM\u20133\u202fPM"", ""wednesday"": ""7\u202fAM\u20133\u202fPM"", ""thursday"": ""7\u202fAM\u20133\u202fPM"", ""friday"": ""7\u202fAM\u20133\u202fPM"", ""saturday"": ""8\u202fAM\u20131\u202fPM"", ""sunday"": ""Closed"", ""monday"": ""7\u202fAM\u20133\u202fPM""}","{""dine_in"": true, ""takeout"": true, ""delivery"": false}",,https://lh3.googleusercontent.com/gps-cs-s/APNQkAEYc8vwaU2rvkkH_-OaA0BjxwGx9eoI278L4Fi9jQsJirmz6IJzDwsgMAblcLP10ZsgXtCSj38ShzGF-SkS5pRPtbKwXCNeMiHLuJJnZuu9jA0Kx6FRwruv_RqCYuoQ3M_X_0pdOQ=w1000-h1000-c-n,40.4943752,-74.4449302,0.3109,True,3
186380,Rutgers University-New Brunswick,coffee,ChIJ6QzGf0rGw4kRutEerJXW89s,0x89c3c64a7fc60ce9:0xdbf3d695ac1ed1ba,Global Grace Marketplace and Café,Coffee shop,"[""Coffee shop"", ""Cafe"", ""Caterer"", ""Chocolate shop"", ""Boutique"", ""Coworking space"", ""Gift shop"", ""Vegan restaurant""]","208 Raritan Ave, Highland Park, NJ 08904",(609) 310-1664,https://global-grace-marketplace-cafe.square.site/,4.8,32.0,$,Open · Closes 6 PM,"""Open \u00b7 Closes 6\u202fPM""","{""tuesday"": ""10\u202fAM\u20136\u202fPM"", ""wednesday"": ""10\u202fAM\u20136\u202fPM"", ""thursday"": ""10\u202fAM\u20136\u202fPM"", ""friday"": ""10\u202fAM\u20136\u202fPM"", ""saturday"": ""10\u202fAM\u20136\u202fPM"", ""sunday"": ""Closed"", ""monday"": ""Closed""}",{},,https://lh3.googleusercontent.com/gps-cs-s/APNQkAFB0GQcAhD_l-QQPZ_WNKGhBnxlaX10LLReAXp0InOMaZcKnTIcdMcS8PP7CR4RiAu_LDYjK7dYZhUweMstZ0ZsFg5iLIXmdOhcaXsdcAFZpqmNmH_PKaXEdVYXGAnysPfuguLB4w=w1000-h1000-c-n,40.4983728,-74.4296078,0.8756,True,3
186380,Rutgers University-New Brunswick,coffee,ChIJB-f8ogLHw4kR1Pem6AABVnM,0x89c3c702a2fce707:0x73560100e8a6f7d4,Blendz Cafe,Cafe,"[""Cafe"", ""Juice shop""]","509 Raritan Ave, Highland Park, NJ 08904",(732) 310-1011,https://blendz-cafe.com/,4.6,125.0,$1–10,Open · Closes 5 PM,"""Open \u00b7 Closes 5\u202fPM""","{""tuesday"": ""9\u202fAM\u20135\u202fPM"", ""wednesday"": ""9\u202fAM\u20135\u202fPM"", ""thursday"": ""9\u202fAM\u20135\u202fPM"", ""friday"": ""9\u202fAM\u20135\u202fPM"", ""saturday"": ""10\u202fAM\u20134\u202fPM"", ""sunday"": ""10\u202fAM\u20134\u202fPM"", ""monday"": ""9\u202fAM\u20135\u202fPM""}","{""dine_in"": true, ""takeout"": true, ""delivery"": true}",,https://lh3.googleusercontent.com/gps-cs-s/APNQkAFGzE25sFV-YqJfj6wm2BfBTt5TZvUN03QoQReKNihRZFiz6pC6Ea8ReZpvU1xBsiym_3jHpmiu17qUb5q7etGZz4YP3cusvj0YkahTD3IrVWDtPDiBjyI6UqvMi6Q1NKsFss83SA=w1000-h1000-c-n,40.500778,-74.4239149,1.1825,True,3
186380,Rutgers University-New Brunswick,coffee,ChIJvdrBaZPFw4kREfV5u9GkOUg,0x89c3c59369c1dabd:0x4839a4d1bb79f511,Lulu's Nutrition,Coffee shop,"[""Coffee shop"", ""Breakfast restaurant"", ""Health food store"", ""Health food restaurant"", ""Tea store""]","527 Hamilton St, Somerset, NJ 08873",(732) 322-3132,https://www.instagram.com/lulus.nutrition/,4.9,62.0,,Open · Closes 5 PM,"""Open \u00b7 Closes 5\u202fPM""","{""tuesday"": ""7\u202fAM\u20135\u202fPM"", ""wednesday"": ""7\u202fAM\u20135\u202fPM"", ""thursday"": ""7\u202fAM\u20135\u202fPM"", ""friday"": ""7\u202fAM\u20135\u202fPM"", ""saturday"": ""8\u202fAM\u20132\u202fPM"", ""sunday"": ""8\u202fAM\u20132\u202fPM"", ""monday"": ""7\u202fAM\u20135\u202fPM""}","{""in_store_shopping"": true, ""curbside_pickup"": true, ""delivery"": true}",,https://lh3.googleusercontent.com/gps-cs-s/APNQkAEyqciqabYRu9I98Vgo6KSj5ZbNyauz8iaqKjKA5d6MqTOTx-GHBFtBzvlnyVFqGZ9zuaLHVOnW98alzYUCW_fRMfEUDt17srZjXeOyF5pz48NPxSSFd4OTGvbKpygOsu-V_zU=w1000-h1000-c-n,40.4946367,-74.4650875,1.0292,True,3
163286,University of Maryland-College Park,coffee,ChIJZw6I-yHHt4kRyFtUyWswllU,0x89b7c721fb880e67:0x5596306bc9545bc8,Vigilante Coffee,Coffee shop,"[""Coffee shop"", ""Cafe""]","4327 Gallatin St, Hyattsville, MD 20781",(301) 200-3110,http://www.vigilantecoffee.com/,4.7,1504.0,$10–20,Open · Closes 6 PM,"""Open \u00b7 Closes 6\u202fPM""","{""tuesday"": ""7\u202fAM\u20136\u202fPM"", ""wednesday"": ""7\u202fAM\u20136\u202fPM"", ""thursday"": ""7\u202fAM\u20136\u202fPM"", ""friday"": ""7\u202fAM\u20136\u202fPM"", ""saturday"": ""7\u202fAM\u20136\u202fPM"", ""sunday"": ""7\u202fAM\u20136\u202fPM"", ""monday"": ""7\u202fAM\u20136\u202fPM""}","{""dine_in"": true, ""curbside_pickup"": true}","Artisanal java in airy, modern setting. Airy, industrial-look roastery & cafe serving artisanal java made from organic & fair-trade beans.",https://lh3.googleusercontent.com/gps-cs-s/APNQkAHLbO5Q7ZNR3vT-z6Nz2n0t0yIrWTKiywGtghyL945_j7pn8W4m0h_wh4jKbJS5Fg6JUHSrrZJA4r39wS2AvDNKWTvhHA77D7Ovy1Nh80PjSUg1-QBKQ2dUu0z47b8vbcwm8sfH=w1000-h1000-c-n,38.952376,-76.94112899999999,1.9677,True,3
163286,University of Maryland-College Park,coffee,ChIJraogF6TGt4kR-0Gbh8AOc4g,0x89b7c6a41720aaad:0x88730ec0879b41fb,The Board and Brew,Coffee shop,"[""Coffee shop"", ""American restaurant"", ""Board game club"", ""Breakfast restaurant"", ""Brunch restaurant"", ""Cafe"", ""Restaurant"", ""Sandwich shop""]","8150 Baltimore Ave, College Park, MD 20740",(240) 542-4613,https://theboardandbrew.com/theboardandbrew?utm_source=google,4.5,1539.0,$$,Open · Closes 11 PM,"""Open \u00b7 Closes 11\u202fPM""","{""tuesday"": ""8\u202fAM\u201311\u202fPM"", ""wednesday"": ""8\u202fAM\u201311\u202fPM"", ""thursday"": ""8\u202fAM\u201311\u202fPM"", ""friday"": ""8\u202fAM\u201312\u202fAM"", ""saturday"": ""8\u202fAM\u201312\u202fAM"", ""sunday"": ""8\u202fAM\u201310\u202fPM"", ""monday"": ""8\u202fAM\u201311\u202fPM""}","{""dine_in"": true, ""curbside_pickup"": true, ""no_contact_delivery"": true}","Original coffeehouse with a cafe menu. Unique hangout offering cafe fare, espresso & craft beer, plus trivia nights & over 500 board games.",https://lh3.googleusercontent.com/gps-cs-s/APNQkAHOfIarxdXXs594LeGaab2whfdZp4wtkumBfAujTgcup4Oz54Vw9A4Bcv1CBWFjF7M581xo9x263jXWn48YZ3uVqz0iHgvMkBq-I7uI4MURfHEVwHZKm7T2ZtDSA3LCn1s6hNTU=w1000-h1000-c-n,38.991637,-76.93383899999999,0.7759,True,3
163286,University of Maryland-College Park,coffee,ChIJxeqoD9vHt4kR_oeA3kpLIz8,0x89b7c7db0fa8eac5:0x3f234b4ade8087fe,Cafe Atrio,Cafe,"[""Cafe"", ""Breakfast restaurant""]","5801 University Research Ct, Riverdale, MD 20737",(571) 338-2144,http://www.cafeatrio.com/,4.9,89.0,$10–20,Closed · Opens 7 AM Wed,"""Closed \u00b7 Opens 7\u202fAM Wed""","{""tuesday"": ""7\u202fAM\u20132\u202fPM"", ""wednesday"": ""7\u202fAM\u20132\u202fPM"", ""thursday"": ""7\u202fAM\u20132\u202fPM"", ""friday"": ""7\u202fAM\u20131:30\u202fPM"", ""saturday"": ""Closed"", ""sunday"": ""Closed"", ""monday"": ""7\u202fAM\u20132\u202fPM""}","{""dine_in"": true, ""takeout"": true, ""delivery"": false}",,https://lh3.googleusercontent.com/gps-cs-s/APNQkAHG5WbTCUmCofeoBZnkAX_yJoIjU-KLlsqQtOLH0iewrDPZCbuKXe7s5H-9Xv-2hk5CJHEwG_uBnb6bfJfAR1rWZSFFUYeHFKsZJOFf_mmzjSj0mvx0ScLIWopBfptUPFiJQzGGOA=w1000-h1000-c-n,38.9688565,-76.92301069999999,1.1063,True,3
163286,University of Maryland-College Park,coffee,ChIJAQAEIaTGt4kRkQK7wNOFDQA,0x89b7c6a421040001:0xd85d3c0bb0291,Vigilante Coffee College Park,Coffee shop,"[""Coffee shop"", ""Cafe""]","8200 Baltimore Ave, College Park, MD 20740",(301) 200-3110,http://vigilantecoffee.com/,4.5,860.0,$1–20,Open · Closes 6 PM,"""Open \u00b7 Closes 6\u202fPM""","{""tuesday"": ""7\u202fAM\u20136\u202fPM"", ""wednesday"": ""7\u202fAM\u20136\u202fPM"", ""thursday"": ""7\u202fAM\u20136\u202fPM"", ""friday"": ""7\u202fAM\u20136\u202fPM"", ""saturday"": ""7\u202fAM\u20136\u202fPM"", ""sunday"": ""7\u202fAM\u20136\u202fPM"", ""monday"": ""7\u202fAM\u20136\u202fPM""}","{""dine_in"": true, ""takeout"": true, ""delivery"": true}",,https://lh3.googleusercontent.com/gps-cs-s/APNQkAFP3SmmonXI0_4LH6HbrnHlVqUp64CB6rRRsKJ9uYC38v6rtvWMYFFba7rZTh1lpDho7lwKiiF8ssmB6pNRJONFY7UIyHaj1ljYtVndw-llcDHsILfsn74qHpnqqdLZ2s4Qvgmj=w1000-h1000-c-n,38.9920345,-76.93386869999999,0.8024,True,3
163286,University of Maryland-College Park,coffee,ChIJqQF49RLHt4kR5nohAhkVNNc,0x89b7c712f57801a9:0xd734151902217ae6,Shop Made in MD,Cafe,"[""Cafe"", ""Gift shop""]","7401 Baltimore Ave Suite D, College Park, MD 20740",(202) 498-1919,https://www.shopmadeinmd.net/,4.9,35.0,$1–10,Open · Closes 6 PM,"""Open \u00b7 Closes 6\u202fPM""","{""tuesday"": ""8\u202fAM\u20136\u202fPM"", ""wednesday"": ""8\u202fAM\u20136\u202fPM"", ""thursday"": ""8\u202fAM\u20138\u202fPM"", ""friday"": ""8\u202fAM\u20138\u202fPM"", ""saturday"": ""8\u202fAM\u20136\u202fPM"", ""sunday"": ""8\u202fAM\u20136\u202fPM"", ""monday"": ""8\u202fAM\u20136\u202fPM""}","{""dine_in"": true, ""takeout"": true, ""delivery"": false}",,https://lh3.googleusercontent.com/gps-cs-s/APNQkAFZq2Fvly6l_KYw_xe79zGiPeWFlWfARwb3KfFUYgXfJRz__ESZG4QWSVp2B8xylepOiVqQfVC6oUdrx5dF9PWPftruru1sPoVEbEU5tfVWIkAFF1H9LgPWi6unSobfuew9jcxo=w1000-h1000-c-n,38.9809217,-76.93732659999999,0.0281,True,3
163286,University of Maryland-College Park,coffee,ChIJ6agR9-PHt4kRP-0FE2yMong,0x89b7c7e3f711a8e9:0x78a28c6c1305ed3f,Casey's Coffee & Sandwiches,Cafe,"[""Cafe""]","3711 Campus Dr, College Park, MD 20740",(240) 714-5987,,4.1,61.0,$10–20,Open · Closes 6 PM,"""Open \u00b7 Closes 6\u202fPM""","{""tuesday"": ""7\u202fAM\u20136\u202fPM"", ""wednesday"": ""7\u202fAM\u20136\u202fPM"", ""thursday"": ""7\u202fAM\u20136\u202fPM"", ""friday"": ""7\u202fAM\u20134\u202fPM"", ""saturday"": ""Closed"", ""sunday"": ""Closed"", ""monday"": ""7\u202fAM\u20136\u202fPM""}","{""dine_in"": true, ""takeout"": true, ""delivery"": true}",,https://lh3.googleusercontent.com/gps-cs-s/APNQkAFBjk-o1Siuiy0gOgLcLtTOO3roqSkXdKD9sLW6JRZjnIPdJX3jgv7P2oadF2hMRl3ogpvbJWc1jcfA1v2TrVlJ6nbqRCCnq0k-1F7sgfmqCUpnBND_C0vpkM6wvIL-twH36SrG=w1000-h1000-c-n,38.984526,-76.949056,0.7043,True,3
163286,University of Maryland-College Park,coffee,ChIJSVtZbN7Gt4kRvGpQmrwpiR0,0x89b7c6de6c595b49:0x1d8929bc9a506abc,Shagga Coffee & Restaurant,Coffee shop,"[""Coffee shop"", ""Ethiopian restaurant"", ""Restaurant""]","6040 Baltimore Ave, Hyattsville, MD 20781",(240) 296-3030,http://www.shaggarestaurant.com/,4.6,849.0,$20–30,Open · Closes 10 PM,"""Open \u00b7 Closes 10\u202fPM""","{""tuesday"": ""11\u202fAM\u201310\u202fPM"", ""wednesday"": ""11\u202fAM\u201310\u202fPM"", ""thursday"": ""11\u202fAM\u201310\u202fPM"", ""friday"": ""11\u202fAM\u201311\u202fPM"", ""saturday"": ""11\u202fAM\u201311\u202fPM"", ""sunday"": ""11\u202fAM\u201310\u202fPM"", ""monday"": ""11\u202fAM\u201310\u202fPM""}","{""dine_in"": true, ""takeout"": true, ""no_contact_delivery"": true}","Ethiopian cafe with free WiFi. Ethiopian dishes such as lamb stew, sambusas, combination platters & more in a cafe space with WiFi.",https://lh3.googleusercontent.com/gps-cs-s/APNQkAEHGglRZOVBQ57ydskjgN0akGrjj2AgtBniW1-q9AJwi6FnhbeoaHNsCvkYExvjrRXG5n7cvq6C-ADqnFCNkWiuBsH48pvrsALu6tfguDwCaUVXfH1Xnvj9DAe1EfrQKINfHvc=w1000-h1000-c-n,38.961298,-76.93986799999999,1.3476,True,3
163286,University of Maryland-College Park,coffee,ChIJ6VwGfZfGt4kRwAM_0Cn0hIk,0x89b7c6977d065ce9:0x8984f429d03f03c0,The Coffee Bar,Coffee shop,"[""Coffee shop""]","3972 Campus Dr, College Park, MD 20742",(301) 314-3375,https://stamp.umd.edu/home/food_shops_and_services/stamp_dining/coffee_bar,4.0,28.0,$1–10,Open · Closes 5 PM,"""Open \u00b7 Closes 5\u202fPM""","{""tuesday"": ""8\u202fAM\u20135\u202fPM"", ""wednesday"": ""8\u202fAM\u20135\u202fPM"", ""thursday"": ""8\u202fAM\u20135\u202fPM"", ""friday"": ""8\u202fAM\u20135\u202fPM"", ""saturday"": ""9\u202fAM\u20134\u202fPM"", ""sunday"": ""Closed"", ""monday"": ""8\u202fAM\u20135\u202fPM""}","{""dine_in"": true, ""takeout"": true, ""delivery"": false}",,https://lh3.googleusercontent.com/gps-cs-s/APNQkAFKxtFgK08JumcKYwPUuP_o7vIrgC7PnGKb8_4kx0CXC0RkKOQTeQoWgUctMJzWzYHIdL2oEekk0LzzEut3kQNzxwKUphRFdBxfNukE177zXfJ2CjnsHbez2bvtO-1ctteYzhIL=w1000-h1000-c-n,38.9877853,-76.94437309999999,0.6342,True,3
163286,University of Maryland-College Park,coffee,ChIJWzY1qbzGt4kRGXBy50A7BIQ,0x89b7c6bca935365b:0x84043b40e7727019,Bagels ‘n Grinds,Coffee shop,"[""Coffee shop"", ""Breakfast restaurant"", ""Bagel shop"", ""Sandwich shop""]","7777 Baltimore Ave suite a, College Park, MD 20740",(240) 582-5475,https://www.bagelsngrinds.com/,4.4,581.0,$10–20,Closed · Opens 7 AM Wed,"""Closed \u00b7 Opens 7\u202fAM Wed""","{""tuesday"": ""7\u202fAM\u20132\u202fPM"", ""wednesday"": ""7\u202fAM\u20132\u202fPM"", ""thursday"": ""7\u202fAM\u20132\u202fPM"", ""friday"": ""7\u202fAM\u20132\u202fPM"", ""saturday"": ""7\u202fAM\u20132\u202fPM"", ""sunday"": ""7\u202fAM\u20132\u202fPM"", ""monday"": ""7\u202fAM\u20132\u202fPM""}","{""takeout"": true, ""delivery"": true}",,https://lh3.googleusercontent.com/gps-cs-s/APNQkAF-aI14KBJJzXJ72iPw0n1-bkv0tzVDu8JqNh4WuvSUQczUOUrLKUo8u9iQAftrMT-hwMbHKRQTjGmg9OioK78V2ZgX8GEr0A9-V6rvK_nksDi0fIxjvwGe4AOqcsNmU42yTsLZy2xtN9k=w1000-h1000-c-n,38.9869603,-76.9359379,0.4381,True,3
163286,University of Maryland-College Park,coffee,ChIJAwABg5jGt4kRx7XVNPWqtps,0x89b7c69883010003:0x9bb6aaf534d5b5c7,Quantum Cafe,Cafe,"[""Cafe""]","108 Farm Dr, College Park, MD 20740",(301) 405-2509,http://dining.umd.edu/,4.3,23.0,$1–10,Closed · Opens 8 AM Wed,"""Closed \u00b7 Opens 8\u202fAM Wed""","{""tuesday"": ""8\u202fAM\u20133\u202fPM"", ""wednesday"": ""8\u202fAM\u20133\u202fPM"", ""thursday"": ""8\u202fAM\u20133\u202fPM"", ""friday"": ""8\u202fAM\u20133\u202fPM"", ""saturday"": ""Closed"", ""sunday"": ""Closed"", ""monday"": ""8\u202fAM\u20133\u202fPM""}","{""dine_in"": true, ""takeout"": true, ""delivery"": false}",,https://lh3.googleusercontent.com/gps-cs-s/APNQkAHnbXgchBs2Ny-uE26IoJvMQSgJzg9z6_AMK14PRP5-tVeSrkZEdUpdjcn8Wzk0-l210LVoNMCUiyN0Is2KhpnjlBWxvnvXDL1hzNRrhKebSyXr7AAmZ6GjgSN1cy8MSFl8JLtf4g=w1000-h1000-c-n,38.9907361,-76.94127379999999,0.734,True,3
236948,University of Washington-Seattle Campus,coffee,ChIJicdX0XwUkFQR-XNas59i9_E,0x5490147cd157c789:0xf1f7629fb35a73f9,Seven Coffee Roasters Market & Cafe,Cafe,"[""Cafe"", ""Beer store"", ""Espresso bar"", ""Market""]","2007 NE Ravenna Blvd, Seattle, WA 98105",,https://sevencoffeeroasters.com/pages/seven-market-cafe,4.8,1489.0,$10–20,Open · Closes 7 PM,"""Open \u00b7 Closes 7\u202fPM""","{""tuesday"": ""7\u202fAM\u20137\u202fPM"", ""wednesday"": ""7\u202fAM\u20137\u202fPM"", ""thursday"": ""7\u202fAM\u20137\u202fPM"", ""friday"": ""7\u202fAM\u20137\u202fPM"", ""saturday"": ""7\u202fAM\u20137\u202fPM"", ""sunday"": ""7\u202fAM\u20137\u202fPM"", ""monday"": ""7\u202fAM\u20137\u202fPM""}","{""dine_in"": true, ""takeout"": true, ""delivery"": false}","Local beans & beers in a vintage setting. Set in a 1922 market, this cozy coffee shop serves its own roasts & local snacks, plus beer & wine.",https://lh3.googleusercontent.com/gps-cs-s/APNQkAHkR7-cv_uHcJjQZRoXBYLsau0LT8Yp3THLn_7Bzyg0jp2qJ_hjxz7dy4BADSDW16kJsxTOf-uaZ0KufCSLGOnW1ALv-CKb81QBhPs-Lc6ZUctChZ_wjtEGnjkLWxgOACChcXS5=w1000-h1000-c-n,47.6691105,-122.3060618,0.9438,True,3
236948,University of Washington-Seattle Campus,coffee,ChIJt6MlNV8UkFQRH3VSw0VlxdM,0x5490145f3525a3b7:0xd3c56545c352751f,A Muddy Cup Cafe' & Roastery,Coffee shop,"[""Coffee shop"", ""Gluten-free restaurant"", ""Juice shop"", ""Organic restaurant"", ""Vegan restaurant""]","266 NE 45th St, Seattle, WA 98105",(206) 245-1015,https://amuddycupcafe.com/,4.6,395.0,$1–10,Open · Closes 2 PM,"""Open \u00b7 Closes 2\u202fPM""","{""tuesday"": ""7\u202fAM\u20132\u202fPM"", ""wednesday"": ""7\u202fAM\u20132\u202fPM"", ""thursday"": ""7\u202fAM\u20132\u202fPM"", ""friday"": ""7\u202fAM\u20132\u202fPM"", ""saturday"": ""8\u202fAM\u20132\u202fPM"", ""sunday"": ""8\u202fAM\u20132\u202fPM"", ""monday"": ""7\u202fAM\u20132\u202fPM""}","{""dine_in"": true, ""takeout"": true, ""delivery"": false}","Comfortable setting for espresso drinks. Using house-roasted beans, this homey coffeehouse offers espresso drinks plus pastries & free WiFi.",https://lh3.googleusercontent.com/gps-cs-s/APNQkAF6gVHWkHGtG2M2WNZXKgeDq8A_KdImXaKx4zTSA3TdjfveWBdi3s5tOAFWZC4c8GVVKOaGCKp3Qd63TCK5OdzZHtSAsT7HoWN3ttp2XXEiE949CRjWPGGMfUXxQzl8N4__r70X=w1000-h1000-c-n,47.661511,-122.3253748,0.6762,True,3
236948,University of Washington-Seattle Campus,coffee,ChIJ1V--AncVkFQR-HWr6NiAbYk,0x5490157702be5fd5:0x896d80d8e8ab75f8,Leon Coffee House - U District,Coffee shop,"[""Coffee shop""]","1309 NE 45th St, Seattle, WA 98105",(206) 537-3660,http://leoncoffeehouse.com/,4.6,523.0,$10–20,Open · Closes 5 PM,"""Open \u00b7 Closes 5\u202fPM""","{""tuesday"": ""7:30\u202fAM\u20135\u202fPM"", ""wednesday"": ""7:30\u202fAM\u20135\u202fPM"", ""thursday"": ""7:30\u202fAM\u20135\u202fPM"", ""friday"": ""7:30\u202fAM\u20135\u202fPM"", ""saturday"": ""8:30\u202fAM\u20135\u202fPM"", ""sunday"": ""8:30\u202fAM\u20135\u202fPM"", ""monday"": ""7:30\u202fAM\u20135\u202fPM""}","{""dine_in"": true, ""takeout"": true, ""delivery"": false}",,https://lh3.googleusercontent.com/gps-cs-s/APNQkAHdikz27py125r2SzhvZFrUkWfnafXU84LUJMhPkNB2Pbn3QPaNx31_ZUsRkWsxrFMDF4IOtRskD1KE1oKx8Ksc_KxKCvPSEAnx_xoy3xRslFS74pmohdtErpVV6j85kPu9dUDJ=w1000-h1000-c-n,47.6611647,-122.3138829,0.3385,True,3
236948,University of Washington-Seattle Campus,coffee,ChIJW97cFAAVkFQRFC0jz1LO6Qk,0x5490150014dcde5b:0x9e9ce52cf232d14,George Coffee & Pastries,Coffee shop,"[""Coffee shop""]","1317 NE 47th St, Seattle, WA 98105",,https://www.instagram.com/georgecoffeeandpastries/,4.7,156.0,$10–20,Open · Closes 7 PM,"""Open \u00b7 Closes 7\u202fPM""","{""tuesday"": ""7\u202fAM\u20137\u202fPM"", ""wednesday"": ""7\u202fAM\u20137\u202fPM"", ""thursday"": ""7\u202fAM\u20137\u202fPM"", ""friday"": ""7\u202fAM\u20137\u202fPM"", ""saturday"": ""7\u202fAM\u20137\u202fPM"", ""sunday"": ""7\u202fAM\u20137\u202fPM"", ""monday"": ""7\u202fAM\u20137\u202fPM""}","{""dine_in"": true, ""takeout"": true, ""delivery"": false}",,https://lh3.googleusercontent.com/gps-cs-s/APNQkAF1fGPpdo2uc4bmfaOzMUobgqxfUZcl8LsJlXYPpz0epIn7MKYSAoq58XRMV99vffspzWWSCA4KGD9ARBL5pDNXYw7kZwR8ymdjSBnFby34jRxSk1J7ctQEZ4guIYjg5Ict7JD6=w1000-h1000-c-n,47.6629556,-122.3136063,0.4609,True,3
236948,University of Washington-Seattle Campus,coffee,ChIJwZGQzPQUkFQRRhd8D82mN_k,0x549014f4cc9091c1:0xf937a6cd0f7c1746,Ugly Mug Cafe,Coffee shop,"[""Coffee shop"", ""Cafe"", ""Sandwich shop"", ""Soup restaurant""]","1309 NE 43rd St, Seattle, WA 98105",,http://www.uglymugseattle.com/,4.6,502.0,$1–10,Open · Closes 5 PM,"""Open \u00b7 Closes 5\u202fPM""","{""tuesday"": ""8\u202fAM\u20135\u202fPM"", ""wednesday"": ""8\u202fAM\u20135\u202fPM"", ""thursday"": ""8\u202fAM\u20135\u202fPM"", ""friday"": ""8\u202fAM\u20135\u202fPM"", ""saturday"": ""9\u202fAM\u20133\u202fPM"", ""sunday"": ""9\u202fAM\u20133\u202fPM"", ""monday"": ""8\u202fAM\u20135\u202fPM""}","{""dine_in"": true, ""takeout"": true, ""delivery"": true}","Artsy, student-friendly American option. Funky, collegial hangout for hot-mug drinks such as mochas, plus sandwiches & other American eats.",https://lh3.googleusercontent.com/gps-cs-s/APNQkAEELFHZ_YZTS5kyltt-S7JJzKWvvMUqnoIhyw4AiGYgrtVVkzoLYuBMrI2xFswbSickgBVv4J7JRZM875EXtYxUxrZsRQGXjB0rOP7_fUOjo6GcNDrd8x1z8oyHd9O4BGpdooK3=w1000-h1000-c-n,47.6597041,-122.3138318,0.2381,True,3
213543,Lehigh University,coffee,ChIJLRN9n1w-xIkR2sr37bEtALM,0x89c43e5c9f7d132d:0xb3002db1edf7cada,Lit Coffee Roastery & Bakeshop,Cafe,"[""Cafe""]","26 E 3rd St, Bethlehem, PA 18015",(484) 626-0945,http://lit610.com/,4.7,359.0,$1–10,Open · Closes 5:30 PM,"""Open \u00b7 Closes 5:30\u202fPM""","{""tuesday"": ""8\u202fAM\u20135:30\u202fPM"", ""wednesday"": ""8\u202fAM\u20135:30\u202fPM"", ""thursday"": ""8\u202fAM\u20135:30\u202fPM"", ""friday"": ""8\u202fAM\u20135:30\u202fPM"", ""saturday"": ""9\u202fAM\u20132\u202fPM"", ""sunday"": ""Closed"", ""monday"": ""8\u202fAM\u20132\u202fPM""}","{""dine_in"": true, ""takeout"": true, ""delivery"": false}",,https://lh3.googleusercontent.com/gps-cs-s/APNQkAEPsRHowtc2NDV6hkbd2P8uyn43U4uVaABQayoRN1luIWZFiFClUMLCLvLQw9zQkPt-O9AQiKmJ_95_Ry5N6i28ti7kQvxqMTpSa1Z2HJrb7o956l7pWQB27SjR92abINROFuKEug=w1000-h1000-c-n,40.611861,-75.3777023,0.3166,True,3
213543,Lehigh University,coffee,ChIJBYrNN886xIkRuHwIx_KnsM8,0x89c43acf37cd8a05:0xcfb0a7f2c7087cb8,Monocacy Coffee Co.,Coffee roastery,"[""Coffee roastery""]","26 E 3rd St, Bethlehem, PA 18015",(484) 893-0483,http://www.monocacycoffee.com/,5.0,9.0,,Open · Closes 5:30 PM,"""Open \u00b7 Closes 5:30\u202fPM""","{""tuesday"": ""8\u202fAM\u20135:30\u202fPM"", ""wednesday"": ""8\u202fAM\u20135:30\u202fPM"", ""thursday"": ""8\u202fAM\u20135:30\u202fPM"", ""friday"": ""8\u202fAM\u20135:30\u202fPM"", ""saturday"": ""9\u202fAM\u20132\u202fPM"", ""sunday"": ""Closed"", ""monday"": ""Closed""}","{""takeout"": true, ""delivery"": false}",,https://lh3.googleusercontent.com/gps-cs-s/APNQkAFwFb9gG9s0FHZ1vj_y6AqqHScFVvUKWx6k0Mk-WSZeTCf8quSmRxq-eRNEpd8EIMnCO5hXYNhuPFuholNWaK04895Pn-1D1YoLIUb1g-pXts8DI2rc0uu6spPKlgsSXWRiRZUN2g=w1000-h1000-c-n,40.611692,-75.377658,0.3054,True,3
213543,Lehigh University,coffee,ChIJQZelXFw-xIkRhfqqexifV-w,0x89c43e5c5ca59741:0xec579f187baafa85,Deja Brew Coffeehouse & Deli,Cafe,"[""Cafe"", ""Sandwich shop""]","101 W 4th St, Bethlehem, PA 18015",(610) 865-2739,,4.3,148.0,$1–10,Open · Closes 5 PM,"""Open \u00b7 Closes 5\u202fPM""","{""tuesday"": ""11\u202fAM\u20135\u202fPM"", ""wednesday"": ""11\u202fAM\u20135\u202fPM"", ""thursday"": ""11\u202fAM\u20135\u202fPM"", ""friday"": ""11\u202fAM\u20135\u202fPM"", ""saturday"": ""11\u202fAM\u20133\u202fPM"", ""sunday"": ""Closed"", ""monday"": ""11\u202fAM\u20135\u202fPM""}","{""dine_in"": true, ""takeout"": true, ""delivery"": true}",Quirky stop for hot drinks & sandwiches. Neighborhood coffee shop offering hot drinks & sandwiches in relaxed digs with funky art & posters.,https://lh3.googleusercontent.com/gps-cs-s/APNQkAG3qj6oGDTj0OQwH4j8K9AxUVeH1yGlBg4wf0ztlwbpcwaexzczag-KBlrB_hdURnjQu3K-Yfftt-JkDBWB51q5FyCBq9Q5W-IqFKg2_MWZ1xUs__MSh3iYzXVaCsFfQq4bwSI=w1000-h1000-c-n,40.6105981,-75.3797853,0.235,True,3
213543,Lehigh University,coffee,ChIJzT4YjEM-xIkRG4wdGtAG_7Y,0x89c43e438c183ecd:0xb6ff06d01a1d8c1b,Cafe the Lodge,Coffee shop,"[""Coffee shop"", ""Cafe"", ""Breakfast restaurant"", ""Lunch restaurant""]","427 E 4th St, Bethlehem, PA 18015",(610) 849-2100,http://www.cafethelodge.org/,4.6,254.0,$10–20,Closed · Opens 7:30 AM Wed,"""Closed \u00b7 Opens 7:30\u202fAM Wed""","{""tuesday"": ""7:30\u202fAM\u20133\u202fPM"", ""wednesday"": ""7:30\u202fAM\u20133\u202fPM"", ""thursday"": ""7:30\u202fAM\u20133\u202fPM"", ""friday"": ""7:30\u202fAM\u20133\u202fPM"", ""saturday"": ""Closed"", ""sunday"": ""Closed"", ""monday"": ""7:30\u202fAM\u20133\u202fPM""}","{""dine_in"": true, ""takeout"": true, ""no_contact_delivery"": true}",Casual daytime eatery with a cause. Classic American breakfast & lunch fare served with craft coffee drinks in support of mental health.,https://lh3.googleusercontent.com/gps-cs-s/APNQkAGxYeQ5LD9yndslRhaaqtNB-Yl1drbYdXAQy3irh4EDzyBklGIsleu-m6ygyxj7gE2Bc4FmDJvjXOfL827EvGX7GRFZPpjYpuXn0i3FnEY8ZLqyj-VrrwyqRGcNGRg_9ceznptd=w1000-h1000-c-n,40.6107587,-75.3721996,0.4096,True,3
213543,Lehigh University,coffee,ChIJIfiFV1w-xIkRChGNOwq7M4o,0x89c43e5c5785f821:0x8a33bb0a3b8d110a,Roasted,Cafe,"[""Cafe"", ""Breakfast restaurant""]","22 W 4th St, Bethlehem, PA 18018",(610) 849-2673,http://www.roastedbethlehem.com/,4.6,616.0,$10–20,Closed · Opens 7:30 AM Wed,"""Closed \u00b7 Opens 7:30\u202fAM Wed""","{""tuesday"": ""Closed"", ""wednesday"": ""7:30\u202fAM\u20132\u202fPM"", ""thursday"": ""7:30\u202fAM\u20132\u202fPM"", ""friday"": ""7:30\u202fAM\u20132\u202fPM"", ""saturday"": ""8\u202fAM\u20132\u202fPM"", ""sunday"": ""8\u202fAM\u20132\u202fPM"", ""monday"": ""Closed""}","{""dine_in"": true, ""takeout"": true, ""no_contact_delivery"": true}",,https://lh3.googleusercontent.com/gps-cs-s/APNQkAGAP6X_HAbRpPzeSm4zGMx0xk7IrAkbO2cwFTvnTwfxca2Dl278fh5sgKL7YHOasenz-dnWNTfsLxSziEPxWULkomDT1sHYXt8200ZnjnBejDxLRAe63LVT4wHNfL5cCWVD76uc=w1000-h1000-c-n,40.6102817,-75.37928939999999,0.2077,True,3
213543,Lehigh University,coffee,ChIJRz9i-lw-xIkRNXELDpGzXfc,0x89c43e5cfa623f47:0xf75db3910e0b7135,Saxbys Lehigh University,Coffee shop,"[""Coffee shop"", ""Breakfast restaurant"", ""Cafe"", ""Espresso bar""]","3 W Morton St, Bethlehem, PA 18015",(610) 865-2031,https://www.saxbyscoffee.com/location/saxbys-lehigh-university/,4.4,205.0,$1–10,Open · Closes 5 PM,"""Open \u00b7 Closes 5\u202fPM""","{""tuesday"": ""7\u202fAM\u20135\u202fPM"", ""wednesday"": ""8\u202fAM\u20133\u202fPM"", ""thursday"": ""8\u202fAM\u20133\u202fPM"", ""friday"": ""8\u202fAM\u20133\u202fPM"", ""saturday"": ""8\u202fAM\u20133\u202fPM"", ""sunday"": ""8\u202fAM\u20133\u202fPM"", ""monday"": ""7\u202fAM\u20135\u202fPM""}","{""dine_in"": true, ""takeout"": true, ""delivery"": true}",Gourmet coffeehouse chain with cafe fare. Relaxed coffeehouse chain offering small-batch coffees & light fare such as sandwiches.,https://lh3.googleusercontent.com/gps-proxy/ALd4DhEYSvpvFEnpIEswUmBNfLvGpROu4Om3dt40Td6J9zYpH51toD0UDw2XKx5fRW5gbjZ7tJSME-HI6VvjV9BTMsP91FdsHa5KqmvM2_BDEhCU0oTFxGzdCkORTzlw-tfmb38RvaYEV8o0XRC1tZ1tVYns8KJUXCF0NXOLwGvDEmZWGQ9rdkj8njA=w1000-h1000-c-n,40.6099259,-75.3785991,0.1797,True,3
243780,Purdue University-Main Campus,coffee,ChIJ5yenPonjEogR6-ZjBMTuH3k,0x8812e3893ea727e7:0x791feec40463e6eb,Mochaland,Coffee shop,"[""Coffee shop""]","102 N Chauncey Ave Suite E, West Lafayette, IN 47906",(765) 201-0328,https://www.mochaland.com/,4.9,59.0,$1–10,Open · Closes 10 PM,"""Open \u00b7 Closes 10\u202fPM""","{""tuesday"": ""8\u202fAM\u201310\u202fPM"", ""wednesday"": ""8\u202fAM\u201310\u202fPM"", ""thursday"": ""8\u202fAM\u201310\u202fPM"", ""friday"": ""8\u202fAM\u201312\u202fAM"", ""saturday"": ""8\u202fAM\u201312\u202fAM"", ""sunday"": ""8\u202fAM\u201310\u202fPM"", ""monday"": ""8\u202fAM\u201310\u202fPM""}","{""dine_in"": true, ""takeout"": true}",,https://lh3.googleusercontent.com/gps-cs-s/APNQkAEhcX_WOeyo0kTJPM-fjfi7UvRUrCf-7xpXZVv62cozdvcpGPPP9dyczCo_dRXSYJN1S0kQOabfBRfNGH3-4n8M_7DOlG336JJe_1aNIlJCG-8oDHIrW-miRuDwIwB-Yiwi5i_OcmddMtNg=w1000-h1000-c-n,40.4246207,-86.906793,0.4735,True,3
243780,Purdue University-Main Campus,coffee,ChIJOXYjoKnjEogRHmbBimBfjHw,0x8812e3a9a0237639:0x7c8c5f608ac1661e,Leaps Coffee Shop,Coffee shop,"[""Coffee shop"", ""Restaurant""]","201 Grant St, West Lafayette, IN 47906",(765) 496-5123,https://www.leapscoffee.com/&WT.ic_id=LeapsCoffee?utm_source=google&utm_medium=organic&utm_campaign=business_listing,4.9,650.0,$1–10,Closes soon · 4 PM · Opens 6:30 AM Wed,"""Closes soon \u00b7 4\u202fPM \u00b7 Opens 6:30\u202fAM Wed""","{""tuesday"": ""6:30\u202fAM\u20134\u202fPM"", ""wednesday"": ""6:30\u202fAM\u20134\u202fPM"", ""thursday"": ""6:30\u202fAM\u20134\u202fPM"", ""friday"": ""6:30\u202fAM\u20134\u202fPM"", ""saturday"": ""6:30\u202fAM\u20134\u202fPM"", ""sunday"": ""6:30\u202fAM\u20134\u202fPM"", ""monday"": ""6:30\u202fAM\u20134\u202fPM""}","{""dine_in"": true, ""takeout"": true, ""delivery"": false}",,https://lh3.googleusercontent.com/gps-cs-s/APNQkAF-GLhy25rT_T14xT_YccLBhU7VvxDi4id7mvpmaCJdsOLjCNn5Fv5ZN1ZJeYFSIoVWVy73GcGI7Up68ntL87ZcIWkBltNLgoEHx0isq0XwRgiU-GQi_4OUt9W5eMdMWHJ7IRc=w1000-h1000-c-n,40.4250296,-86.910685,0.2968,True,3
243780,Purdue University-Main Campus,coffee,ChIJjc_1xa7iEogRH_vMqAFMYIU,0x8812e2aec5f5cf8d:0x85604c01a8ccfb1f,Greyhouse Coffee & Supply Co. - West Lafayette,Coffee shop,"[""Coffee shop"", ""Ice cream shop"", ""Restaurant""]","100 Northwestern Ave Unit A, West Lafayette, IN 47906",(765) 743-5316,http://www.greyhousecoffee.com/,4.6,1332.0,$10–20,Open · Closes 5 PM,"""Open \u00b7 Closes 5\u202fPM""","{""tuesday"": ""8\u202fAM\u20135\u202fPM"", ""wednesday"": ""8\u202fAM\u20135\u202fPM"", ""thursday"": ""8\u202fAM\u20135\u202fPM"", ""friday"": ""8\u202fAM\u20135\u202fPM"", ""saturday"": ""8\u202fAM\u20135\u202fPM"", ""sunday"": ""8\u202fAM\u20135\u202fPM"", ""monday"": ""8\u202fAM\u20135\u202fPM""}","{""dine_in"": true, ""takeout"": true, ""delivery"": false}","Cozy coffee shop with crepes & gelato. Classic coffeehouse with a homey vibe & a menu of baked goods, crepes, gelato & smoothies.",https://lh3.googleusercontent.com/gps-cs-s/APNQkAGcM-gDiBNkpDsEF1AP7zo25KZ0hKQz-xA2fbn0GCHdx3hgoojNSLfL_952FqvWC4I5-aCiOCsjqvphNRIkzyWMdzWZF2-UKyk2R4OIJn-MBe8Mw0L9ZM7oyEmCexgqKQ9KpEHB=w1000-h1000-c-n,40.4241939,-86.90776439999999,0.4486,True,3
243780,Purdue University-Main Campus,coffee,ChIJrb9jFXLjEogRI8OErRi4Q3M,0x8812e3721563bfad:0x7343b818ad84c323,Indie Coffee Roasters,Coffee shop,"[""Coffee shop""]","1501 Mitch Daniels Blvd, West Lafayette, IN 47906",(765) 250-9966,https://www.indiecoffeeroasters.com/pages/west-lafayette,4.6,114.0,$1–10,Closed · Opens 9 AM Wed,"""Closed \u00b7 Opens 9\u202fAM Wed""","{""tuesday"": ""9\u202fAM\u20132\u202fPM"", ""wednesday"": ""9\u202fAM\u20132\u202fPM"", ""thursday"": ""9\u202fAM\u20132\u202fPM"", ""friday"": ""9\u202fAM\u20132\u202fPM"", ""saturday"": ""9\u202fAM\u20132\u202fPM"", ""sunday"": ""Closed"", ""monday"": ""Closed""}","{""dine_in"": true, ""takeout"": true, ""delivery"": false}",,https://lh3.googleusercontent.com/gps-cs-s/APNQkAFiyWq4Uq-OK8Q8pb-05Mbv2hYpSy7L_JevNKv7qIQfi9A0QrWbUrXmPzr4BrsE36gseOINTrJQd1uXHOnbzbgOUYzRgkdb2_9nDoYt4KEgVHCSxZ71raFyHgZ1Ctq3GsLuibTt=w1000-h1000-c-n,40.423793,-86.9308034,0.9137,True,3
243780,Purdue University-Main Campus,coffee,ChIJMVob4gj9EogRp4Tbx0Zg_9M,0x8812fd08e21b5a31:0xd3ff6046c7db84a7,Ghost Coffee Roaster,Coffee shop,"[""Coffee shop"", ""Coffee roastery""]","750 W Stadium Ave, West Lafayette, IN 47906",(765) 427-2276,http://ghostcoffeeroaster.com/,4.3,66.0,,Open · Closes 5 PM,"""Open \u00b7 Closes 5\u202fPM""","{""tuesday"": ""7:30\u202fAM\u20135\u202fPM"", ""wednesday"": ""7:30\u202fAM\u20135\u202fPM"", ""thursday"": ""7:30\u202fAM\u20135\u202fPM"", ""friday"": ""7:30\u202fAM\u20135\u202fPM"", ""saturday"": ""8\u202fAM\u20135\u202fPM"", ""sunday"": ""8\u202fAM\u20135\u202fPM"", ""monday"": ""7:30\u202fAM\u20135\u202fPM""}","{""onsite_services"": true, ""takeout"": true, ""delivery"": false}",,https://lh3.googleusercontent.com/gps-cs-s/APNQkAFJXdaTBQ9ODwScWQv_p90HtcnlSDfFJvgfVYZWuav25J2GCn_8PyGo9-GDPeBrifcW1o14U_UZQLWipbGp7bjQkD-ZIoXthKWC6U9ctEcPjTFZFA8_tlk4nstudDF7gxR_BHr4zoKOjXC9=w1000-h1000-c-n,40.4318999,-86.9151263,0.2558,True,3
243780,Purdue University-Main Campus,coffee,ChIJ_6tDcK3iEogR367vZF_rlHk,0x8812e2ad7043abff:0x7994eb5f64efaedf,Eta Kappa Nu (HKN) Lounge,Coffee shop,"[""Coffee shop""]","465 Northwestern Ave, West Lafayette, IN 47907",(765) 494-3522,https://engineering.purdue.edu/hkn/,4.8,69.0,$1–10,Open · Closes 6 PM,"""Open \u00b7 Closes 6\u202fPM""","{""tuesday"": ""8\u202fAM\u20136\u202fPM"", ""wednesday"": ""8\u202fAM\u20136\u202fPM"", ""thursday"": ""8\u202fAM\u20135\u202fPM"", ""friday"": ""8\u202fAM\u20136\u202fPM"", ""saturday"": ""Closed"", ""sunday"": ""Closed"", ""monday"": ""8\u202fAM\u20136\u202fPM""}","{""dine_in"": true, ""takeout"": true, ""delivery"": false}",,https://lh3.googleusercontent.com/gps-cs-s/APNQkAE-MPVq-nmFSb_VGtgcsHxMDT1gSTsWWGZ9xGpFUsloFye8mPdM-CtgcBCGMRjXKm6jIbysMsEf3rrvx_WDNZvGjsAeHwT1rmoKWkZlNXQ6SIz4u7WAge6hJkKpLG8B1LQ0gpmWhj2EILNN=w1000-h1000-c-n,40.4286429,-86.9119188,0.1357,True,3
243780,Purdue University-Main Campus,coffee,ChIJbzh4z67iEogRK9QouIGdRIM,0x8812e2aecf78386f:0x83449d81b828d42b,Vienna Espresso Bar & Bakery,Espresso bar,"[""Espresso bar"", ""Bakery"", ""Coffee shop"", ""Restaurant""]","208 South St, West Lafayette, IN 47906",(765) 743-4446,http://viennacoffeehouse-westlafayette.com/,4.5,459.0,$1–10,Open · Closes 10 PM,"""Open \u00b7 Closes 10\u202fPM""","{""tuesday"": ""9\u202fAM\u201310\u202fPM"", ""wednesday"": ""9\u202fAM\u201310\u202fPM"", ""thursday"": ""9\u202fAM\u201310\u202fPM"", ""friday"": ""9\u202fAM\u201310\u202fPM"", ""saturday"": ""9\u202fAM\u201310\u202fPM"", ""sunday"": ""9\u202fAM\u201310\u202fPM"", ""monday"": ""9\u202fAM\u201310\u202fPM""}","{""dine_in"": true, ""takeout"": true, ""delivery"": false}","Chill coffeehouse with light bites. Relaxed hangout with a cool vibe for espresso drinks & light fare, along with open-mike nights.",https://lh3.googleusercontent.com/gps-cs-s/APNQkAGgFUsh4INznAQLodnijNpMQJknOBEpTdr5c9_pOC6UvB6Ja3RCuoXxUyqc6eqtJKBB0bqnzE5LT2fFvVZ6YwnqgHc94FlzgZF_n8WSM0usAKDcguhk8C--3meft6ZdSXaHzMihCw=w1000-h1000-c-n,40.4240332,-86.90756689999999,0.4637,True,3
243780,Purdue University-Main Campus,coffee,ChIJZ2yztpXjEogRvYEWtRhDANs,0x8812e395b6b36c67:0xdb004318b51681bd,Greyhouse Coffee & Supply Co. - Campus,Coffee shop,"[""Coffee shop"", ""Restaurant""]","1000 Mitch Daniels Blvd, West Lafayette, IN 47906",(765) 237-9933,http://greyhousecoffee.com/,4.4,53.0,$1–10,Open · Closes 5 PM,"""Open \u00b7 Closes 5\u202fPM""","{""tuesday"": ""8\u202fAM\u20135\u202fPM"", ""wednesday"": ""8\u202fAM\u20135\u202fPM"", ""thursday"": ""8\u202fAM\u20135\u202fPM"", ""friday"": ""8\u202fAM\u20135\u202fPM"", ""saturday"": ""Closed"", ""sunday"": ""Closed"", ""monday"": ""8\u202fAM\u20135\u202fPM""}","{""dine_in"": true, ""takeout"": true, ""delivery"": false}",,https://lh3.googleusercontent.com/gps-proxy/ALd4DhHqJU9f1aj6NG-meVJAKR3_aI_y_fRAbj0bmUWdT-P2gnIF5EWyasp5ZpaWj04u2xopG4n0-dugheCjNvAYaKuveC0NQkmMGsj168c2s_gPb4ADC7a6H6I8xWwLP3pHaR7xvvv3z2ndBHMZI2v30Ec0hSrxcmg0z7g-y_05BEjymh78tEU9eV3j=w1000-h1000-c-n,40.4244739,-86.91823199999999,0.3275,True,3
243780,Purdue University-Main Campus,coffee,ChIJ25DHIMrjEogRZrOgbnPjcBU,0x8812e3ca20c790db:0x1570e3736ea0b366,Java House (Vine Street),Coffee shop,"[""Coffee shop""]","302 Vine St #110, West Lafayette, IN 47906",(765) 250-8995,https://javahouse.com/,4.5,82.0,$1–10,Open · Closes 5 PM,"""Open \u00b7 Closes 5\u202fPM""","{""tuesday"": ""7\u202fAM\u20135\u202fPM"", ""wednesday"": ""7\u202fAM\u20135\u202fPM"", ""thursday"": ""7\u202fAM\u20135\u202fPM"", ""friday"": ""7\u202fAM\u20135\u202fPM"", ""saturday"": ""8\u202fAM\u20135\u202fPM"", ""sunday"": ""8\u202fAM\u20135\u202fPM"", ""monday"": ""7\u202fAM\u20135\u202fPM""}","{""dine_in"": true, ""takeout"": true, ""delivery"": true}",,https://lh3.googleusercontent.com/gps-proxy/ALd4DhEaHNWtX0pcyP9PD3fEyjaXMeEWtWW8uUnFT-nqBeG0PAHw1vKwQWCuMpfHYRxJMs13kZatn5VgTTuRoXnbrSJi5JVMJPameowriSkws3-fddffB-nfvYlJ-RGD3lfQQfxor0QpVRNSdaRiJ5_jkYjDlVmEO92n2qM_0c_Tqdz5GWVXcFZPFT9NbQ=w1000-h1000-c-n,40.4258858,-86.9078052,0.3849,True,3
139959,University of Georgia,coffee,ChIJ9yPlXaNt9ogRIhO463jw_0w,0x88f66da35de523f7:0x4cfff078ebb81322,Baladi Coffee Athens,Coffee shop,"[""Coffee shop""]","165 Hickory St, Athens, GA 30601",(229) 805-9171,https://www.baladi.coffee/,4.8,160.0,$1–10,Closed · Opens 7 AM Wed,"""Closed \u00b7 Opens 7\u202fAM Wed""","{""tuesday"": ""7\u202fAM\u20133\u202fPM"", ""wednesday"": ""7\u202fAM\u20133\u202fPM"", ""thursday"": ""7\u202fAM\u20133\u202fPM"", ""friday"": ""7\u202fAM\u20133\u202fPM"", ""saturday"": ""7\u202fAM\u20133\u202fPM"", ""sunday"": ""7\u202fAM\u20133\u202fPM"", ""monday"": ""7\u202fAM\u20133\u202fPM""}","{""dine_in"": true, ""curbside_pickup"": true, ""delivery"": true}",,https://lh3.googleusercontent.com/gps-proxy/ALd4DhEHB7tLXenHYzB7LOJgZglW_slEZ-Tql7oSJrrRN33VYqggCTZM-fNHfM_LjU7v-alVDNwD7zZec7Mk1zxVz6v_JWPJthXfIHwAc_IETI605DtiO0ik4TWemWaJDw4VAhhKk_681U1NxHudf_Af_MHzfPDA9-nidJXvr_JeqplKJJQ_V75xpPkH=w1000-h1000-c-n,33.9577859,-83.3698656,0.2615,True,3
139959,University of Georgia,coffee,ChIJoSrp7a9t9ogRbDk-Uoop-38,0x88f66dafede92aa1:0x7ffb298a523e396c,Choco Coffee Roasters,Coffee shop,"[""Coffee shop""]","700 Baxter St suite 400, Athens, GA 30605",(706) 850-0622,http://choco-coffee.com/,4.8,77.0,$1–10,Closed · Opens 7 AM Wed,"""Closed \u00b7 Opens 7\u202fAM Wed""","{""tuesday"": ""7\u202fAM\u20133\u202fPM"", ""wednesday"": ""7\u202fAM\u20133\u202fPM"", ""thursday"": ""7\u202fAM\u20133\u202fPM"", ""friday"": ""7\u202fAM\u20133\u202fPM"", ""saturday"": ""8\u202fAM\u20133\u202fPM"", ""sunday"": ""8\u202fAM\u20133\u202fPM"", ""monday"": ""7\u202fAM\u20133\u202fPM""}","{""dine_in"": true, ""takeout"": true}",,https://lh3.googleusercontent.com/gps-cs-s/APNQkAEhGSs1XAgSlPdPCwic5mx-LFtYqXP2HtSlBXdj0k9C0DOex_VWV-WsXyU-qldI9MjH1mQ27Jd1VTAJG0mdtxyAdSeQeQOq5l7W23-GZjOqJ6Km9w5qFb1pgPcRgQJXjQFg2wej=w1000-h1000-c-n,33.9498567,-83.3858248,0.807,True,3
139959,University of Georgia,coffee,ChIJpYv3BrFt9ogR4kzcxpFFP3U,0x88f66db106f78ba5:0x753f4591c6dc4ce2,Sunroof Coffee - Downtown,Coffee shop,"[""Coffee shop""]","198 College Ave, Athens, GA 30601",,,4.9,8.0,$1–10,Open · Closes 5 PM,"""Open \u00b7 Closes 5\u202fPM""","{""tuesday"": ""7\u202fAM\u20135\u202fPM"", ""wednesday"": ""7\u202fAM\u20135\u202fPM"", ""thursday"": ""7\u202fAM\u20135\u202fPM"", ""friday"": ""7\u202fAM\u20135\u202fPM"", ""saturday"": ""8\u202fAM\u20134\u202fPM"", ""sunday"": ""8\u202fAM\u20134\u202fPM"", ""monday"": ""7\u202fAM\u20135\u202fPM""}","{""dine_in"": true, ""takeout"": true, ""delivery"": false}",,https://lh3.googleusercontent.com/gps-cs-s/APNQkAGdPX25SywMsetZEnOknch0vNQRN9SiJs_-5WeZ5BihU-vrc_64lQmbPj0oLi0SQj7pLSEOylFZc6rLjgeZS_i-snftlBD_XUjJnp-VmZP8xXqsMoFF65BBGMvm0Pp_92vJpJPkUp_lfYM=w1000-h1000-c-n,33.9584001,-83.37533049999999,0.1678,True,3
139959,University of Georgia,coffee,ChIJUd0EgqZy9ogR7xCQ-ylQGI8,0x88f672a68204dd51:0x8f185029fb9010ef,Hendershot's,Coffee shop,"[""Coffee shop"", ""Bar"", ""Live music venue"", ""Restaurant""]","237 Prince Ave, Athens, GA 30601",,http://www.hendershotsathens.com/,4.7,727.0,$1–10,Open · Closes 10 PM,"""Open \u00b7 Closes 10\u202fPM""","{""tuesday"": ""7:30\u202fAM\u201310\u202fPM"", ""wednesday"": ""7:30\u202fAM\u201311\u202fPM"", ""thursday"": ""7:30\u202fAM\u201311\u202fPM"", ""friday"": ""7:30\u202fAM\u201312\u202fAM"", ""saturday"": ""7:30\u202fAM\u201312\u202fAM"", ""sunday"": ""9\u202fAM\u20132:30\u202fPM"", ""monday"": ""Closed""}","{""dine_in"": true, ""curbside_pickup"": true, ""delivery"": true}","Funky cafe-bar with live music & food. Coffee shop & bar in a former gas station offering a casual Southern menu, live music & local art.",https://lh3.googleusercontent.com/gps-cs-s/APNQkAFEEeF0k3sZ_r0imvWKtQ2midEpJ18PL6qOHVCagMiGh-4I-EC1oLKqG4X5Zx1x6mrrVhK6y5B-90aey_iH9AKqh7FG8F-z4NtOhgt5ftMEuUjFOf3VNbrSsIpMosk8xnwKWVSM=w1000-h1000-c-n,33.9601889,-83.3827647,0.5709,True,3
139959,University of Georgia,coffee,ChIJQdsKBltt9ogRtkYm2IkDbnI,0x88f66d5b060adb41:0x726e0389d82646b6,Encounter Cafe,Coffee shop,"[""Coffee shop""]","660 W Broad St, Athens, GA 30601",(706) 521-2784,https://www.encounterchurchcma.com/encounter-caf,5.0,42.0,$1–10,Closed · Opens 7:30 AM Wed,"""Closed \u00b7 Opens 7:30\u202fAM Wed""","{""tuesday"": ""Closed"", ""wednesday"": ""7:30\u202fAM\u20131:30\u202fPM, 4:30\u20139\u202fPM"", ""thursday"": ""7:30\u202fAM\u20131:30\u202fPM, 4:30\u20139\u202fPM"", ""friday"": ""7:30\u202fAM\u20131:30\u202fPM"", ""saturday"": ""8:30\u202fAM\u20132:30\u202fPM"", ""sunday"": ""9:30\u202fAM\u201312\u202fPM"", ""monday"": ""Closed""}","{""dine_in"": true, ""takeout"": true, ""delivery"": false}",,https://lh3.googleusercontent.com/gps-cs-s/APNQkAGH50W4C9YClB_pGldGnyn7yP-3mRV8UTojpEoGts2YrypaX9QE-UdHG_Sd8ZC2fvl-06fiRMQTddo12FX2fPZgss00OPq503ioo-hK6F-XUk4SDwxAQFX95W1lopo-vyR2hVLmZVJDnUj0=w1000-h1000-c-n,33.9563299,-83.38357119999999,0.5472,True,3
139959,University of Georgia,coffee,ChIJ7VWOX2ht9ogRLkampW0qYcs,0x88f66d685f8e55ed:0xcb612a6da5a6462e,Foxtail Coffee - Athens,Coffee shop,"[""Coffee shop""]","357 W Hancock Ave, Athens, GA 30601",(706) 215-9557,https://www.foxtailcoffee.com/,4.3,94.0,$1–10,Open · Closes 5 PM,"""Open \u00b7 Closes 5\u202fPM""","{""tuesday"": ""7\u202fAM\u20135\u202fPM"", ""wednesday"": ""7\u202fAM\u20135\u202fPM"", ""thursday"": ""7\u202fAM\u20135\u202fPM"", ""friday"": ""7\u202fAM\u20135\u202fPM"", ""saturday"": ""7\u202fAM\u20135\u202fPM"", ""sunday"": ""7\u202fAM\u20135\u202fPM"", ""monday"": ""7\u202fAM\u20135\u202fPM""}","{""dine_in"": true, ""takeout"": true, ""delivery"": true}",,https://lh3.googleusercontent.com/gps-proxy/ALd4DhHDLVGsrKz9VDnei5w6UoLXJOMKPtiGCrtbTXjfavAaubutO-x0QGD7c9e1MShEOSGbZugSpMhLyw7OgFWKWY6BKochaSXXHWsUnv8ZY15j5X3x7bfW40jU_g-0OH7TkVQeJpt0Ohc02AErbWNnJUM27Pe674R84rSWBDeCtCT-MKpzwwQpBJOtqA=w1000-h1000-c-n,33.9586798,-83.38126919999999,0.4485,True,3
139959,University of Georgia,coffee,ChIJw3EWP9ls9ogRJSBmdqOkwEM,0x88f66cd93f1671c3:0x43c0a4a376662025,1000 Faces Coffee,Coffee shop,"[""Coffee shop""]","510 N Thomas St, Athens, GA 30601",(706) 534-8860,https://1000facescoffee.com/,4.6,554.0,$1–10,Open · Closes 6 PM,"""Open \u00b7 Closes 6\u202fPM""","{""tuesday"": ""7\u202fAM\u20136\u202fPM"", ""wednesday"": ""7\u202fAM\u20136\u202fPM"", ""thursday"": ""7\u202fAM\u20136\u202fPM"", ""friday"": ""7\u202fAM\u20136\u202fPM"", ""saturday"": ""9\u202fAM\u20135\u202fPM"", ""sunday"": ""9\u202fAM\u20135\u202fPM"", ""monday"": ""7\u202fAM\u20136\u202fPM""}","{""dine_in"": true, ""takeout"": true, ""delivery"": false}",,https://lh3.googleusercontent.com/gps-cs-s/APNQkAFdEoKg5h3Gg-vk0PPd9Xrsht5FaiOP8DUpA7KWy_472ezAzoJ2sWm9MDwH6tSJTT5drdXHxHNRO4zPF72FJRus__5ygFvkqspUbYqn0UiFR9Y9l4nTgTBIwQdGozt0Og0KuIo=w1000-h1000-c-n,33.9618317,-83.3737081,0.3877,True,3
139959,University of Georgia,coffee,ChIJJ1Cwsd5s9ogRWfXbRbFv7UE,0x88f66cdeb1b05027:0x41ed6fb145dbf559,Jittery Joe's Coffee - Downtown,Coffee shop,"[""Coffee shop"", ""Bagel shop"", ""Cafe"", ""Espresso bar"", ""Tea house""]","297 E Broad St, Athens, GA 30601",(706) 613-7449,http://www.jitteryjoes.com/,4.6,387.0,$1–10,Open · Closes 8 PM,"""Open \u00b7 Closes 8\u202fPM""","{""tuesday"": ""7\u202fAM\u20138\u202fPM"", ""wednesday"": ""7\u202fAM\u20138\u202fPM"", ""thursday"": ""7\u202fAM\u20138\u202fPM"", ""friday"": ""7\u202fAM\u20138\u202fPM"", ""saturday"": ""7\u202fAM\u20138\u202fPM"", ""sunday"": ""7\u202fAM\u20138\u202fPM"", ""monday"": ""7\u202fAM\u20138\u202fPM""}","{""dine_in"": true, ""curbside_pickup"": true, ""delivery"": true}","Hip cafe pouring gourmet coffee drinks. Hip coffeehouse serving microroasted brews from around the world, plus baked goods.",https://lh3.googleusercontent.com/gps-cs-s/APNQkAF95h0qWy-M1T1ahdWDiXksYqBAPP_2ZnPmgeypo_eCLZ1c4RV8IyyVJW3MRI8zdmEnJsQ8ULT5CZitCHA5CRK6aWMdLqayxtlCpR6GC-a7fsvuepHq0KsWeza1sMtFfF68vfPZ=w1000-h1000-c-n,33.9581088,-83.37452119999999,0.1331,True,3
139959,University of Georgia,coffee,ChIJTUecTNls9ogRYpg9F4rnxaI,0x88f66cd94c9c474d:0xa2c5e78a173d9862,Walkers Coffee Shop & Pub,Coffee shop,"[""Coffee shop"", ""Bar""]","128 College Ave, Athens, GA 30601",(706) 543-1433,http://www.facebook.com/WalkersPub/,4.5,608.0,$10–20,Open · Closes 12 AM,"""Open \u00b7 Closes 12\u202fAM""","{""tuesday"": ""8\u202fAM\u201312\u202fAM"", ""wednesday"": ""8\u202fAM\u201312\u202fAM"", ""thursday"": ""8\u202fAM\u20132\u202fAM"", ""friday"": ""8\u202fAM\u20132\u202fAM"", ""saturday"": ""9:30\u202fAM\u20132\u202fAM"", ""sunday"": ""11\u202fAM\u201312\u202fAM"", ""monday"": ""8\u202fAM\u201312\u202fAM""}","{""dine_in"": true, ""takeout"": true, ""delivery"": false}","Cozy wood-accented cafe & bar. Cozy daytime cafe offering coffee, pastries & sandwiches, with a tavern atmosphere at night.",https://lh3.googleusercontent.com/gps-cs-s/APNQkAHslKCwJZaFj_uopMhrTH9NV7ewbUri4xKgPcmGTBm7LR4I7wZlcnlbd89_XEEfI1Lu41T-vkX9due7slWgK3rOe-aoEdP4sR343ONfChP9495oCh2fTp0c-tiZqCSbrfnJ92U_=w1000-h1000-c-n,33.9581405,-83.37517439999999,0.1477,True,3
139959,University of Georgia,coffee,ChIJo8-aSidt9ogRGOY5XA1J3FY,0x88f66d274a9acfa3:0x56dc490d5c39e618,The Rook & Pawn,Cafe,"[""Cafe""]","294 W Washington St #300, Athens, GA 30601",(706) 543-5040,http://www.therookandpawn.com/,4.6,604.0,$10–20,Open · Closes 9 PM,"""Open \u00b7 Closes 9\u202fPM""","{""tuesday"": ""11\u202fAM\u20139\u202fPM"", ""wednesday"": ""11\u202fAM\u20139\u202fPM"", ""thursday"": ""11\u202fAM\u201310\u202fPM"", ""friday"": ""11\u202fAM\u201312\u202fAM"", ""saturday"": ""11\u202fAM\u201312\u202fAM"", ""sunday"": ""11\u202fAM\u20139\u202fPM"", ""monday"": ""11\u202fAM\u20139\u202fPM""}","{""dine_in"": true, ""takeout"": true}",,https://lh3.googleusercontent.com/gps-cs-s/APNQkAGAiE1hjiAfJlJjcffBN5ElaWAtislHhOg2ZIMR9ODXT5yUh2mIHHOLc4AB35RcsisSooEQ--MCw0ev3-xHrmJBox-R9P7oxSdB8ISJcpI8ANpiT3j7roXDmFAvffra39GeHgTEVQ=w1000-h1000-c-n,33.9587815,-83.38015659999999,0.3933,True,3
186131,Princeton University,coffee,ChIJP1NC04bnw4kRbFvqVa4HaK4,0x89c3e786d342533f:0xae6807ae55ea5b6c,Belle Journée - Princeton,Coffee shop,"[""Coffee shop"", ""Breakfast restaurant"", ""Brunch restaurant"", ""Cafe"", ""Bakery"", ""Dessert shop""]","19 Chambers St, Princeton, NJ 08542",(609) 212-2860,https://www.bellejournee.com/,4.5,199.0,$1–20,Open · Closes 8 PM,"""Open \u00b7 Closes 8\u202fPM""","{""tuesday"": ""7\u202fAM\u20138\u202fPM"", ""wednesday"": ""7\u202fAM\u20139\u202fPM"", ""thursday"": ""7\u202fAM\u20139\u202fPM"", ""friday"": ""7\u202fAM\u20139\u202fPM"", ""saturday"": ""8\u202fAM\u20139\u202fPM"", ""sunday"": ""8\u202fAM\u20138\u202fPM"", ""monday"": ""7\u202fAM\u20138\u202fPM""}","{""dine_in"": true, ""takeout"": true, ""delivery"": true}",,https://lh3.googleusercontent.com/gps-cs-s/APNQkAHladt5bI76H6nDwvTcYea_9yvaxts_CozM_aS2xct82JRB_gyCwpj1ckEGjnMjNMvW0_N5bWUb6wVT6Kvgqm-XfcAn5w3Um0_Jc_ow_dKI8ml0zxaJDOpxEYgOWeqz9sIcJ4Q=w1000-h1000-c-n,40.3496948,-74.66261779999999,0.7936,True,3
186131,Princeton University,coffee,ChIJ3ZfxAmbnw4kRp_m9Z5kkGj4,0x89c3e76602f197dd:0x3e1a249967bdf9a7,Cafe Vivian,Coffee shop,"[""Coffee shop""]","Frist Campus Center, Princeton, NJ 08544",,https://dining.princeton.edu/where-eat/cafe-vivian,,,,Closed · Opens 8 AM Wed,"""Closed \u00b7 Opens 8\u202fAM Wed""","{""tuesday"": ""8\u202fAM\u20132\u202fPM"", ""wednesday"": ""8\u202fAM\u20132\u202fPM"", ""thursday"": ""8\u202fAM\u20132\u202fPM"", ""friday"": ""8\u202fAM\u20132\u202fPM"", ""saturday"": ""Closed"", ""sunday"": ""Closed"", ""monday"": ""8\u202fAM\u20132\u202fPM""}","{""dine_in"": true, ""takeout"": true}",,https://lh3.googleusercontent.com/gps-cs-s/APNQkAHvlSXfUpiVcpOnjeRluvBSXBUHuUMraY-MbubiFjjUBNlvvt0ebyI_RKurxvUY6sz6vZRFklUD6wwqtSiFa4EAlQzJgnyTpZycRbHDBOYaVCPfrHCbQ1PU4UiUH5hIrrKAAKkF=w1000-h1000-c-n,40.34665,-74.6550843,0.5775,True,3
186131,Princeton University,coffee,ChIJEwE7aqznw4kRHH8TCS5nPXQ,0x89c3e7ac6a3b0113:0x743d672e09137f1c,Witherspoon Cafe,Coffee shop,"[""Coffee shop""]","Frist Campus Center, Princeton, NJ 08544",,https://dining.princeton.edu/locations-hours/witherspoons-frist,,,,Open · Closes 6 PM,"""Open \u00b7 Closes 6\u202fPM""","{""tuesday"": ""8\u202fAM\u20136\u202fPM"", ""wednesday"": ""8\u202fAM\u20136\u202fPM"", ""thursday"": ""8\u202fAM\u20136\u202fPM"", ""friday"": ""8\u202fAM\u20136\u202fPM"", ""saturday"": ""Closed"", ""sunday"": ""Closed"", ""monday"": ""8\u202fAM\u20136\u202fPM""}","{""dine_in"": true, ""takeout"": true, ""delivery"": false}",,https://streetviewpixels-pa.googleapis.com/v1/thumbnail?panoid=WyBL-gBxKYy8Yg4l2DyU-A&cb_client=search.gws-prod.gps&w=80&h=92&yaw=16.69979&pitch=0&thumbfov=100,40.3466502,-74.65508419999999,0.5775,True,3
186131,Princeton University,coffee,ChIJl6P1s17nw4kRBct2hui4wAY,0x89c3e75eb3f5a397:0x6c0b8e88676cb05,Shultz Cafe,Coffee shop,"[""Coffee shop""]","Rivers Wy, Princeton, NJ 08540",(609) 258-6097,https://dining.princeton.edu/where-eat/shultz-cafe,3.0,2.0,,Closed · Opens 8 AM Wed,"""Closed \u00b7 Opens 8\u202fAM Wed""","{""tuesday"": ""8\u202fAM\u20133\u202fPM"", ""wednesday"": ""8\u202fAM\u20133\u202fPM"", ""thursday"": ""8\u202fAM\u20133\u202fPM"", ""friday"": ""8\u202fAM\u20133\u202fPM"", ""saturday"": ""Closed"", ""sunday"": ""Closed"", ""monday"": ""8\u202fAM\u20133\u202fPM""}","{""dine_in"": true, ""takeout"": true}",,https://lh3.googleusercontent.com/gps-cs-s/APNQkAGIViaWdM1F2qiMOfzASdRDPgEm5PTJ_n4nVGUI4ouPX4TT8Lj_CZUV0jDQeqi9yYDUlGb8fqWFvSHUyywOZ3Z0QFgQnM2elTEV6QFZsLtPW2s9PmWQclhKipvNO7PDnrPyIG7a=w1000-h1000-c-n,40.3486118,-74.6545124,0.7159,True,3
186131,Princeton University,coffee,ChIJzRtSdwDnw4kReQahYig2HJQ,0x89c3e70077521bcd:0x941c362862a10679,Starbucks,Coffee shop,"[""Coffee shop""]","100 Nassau St, Princeton, NJ 08542",,,2.8,11.0,$1–10,,{},{},"{""dine_in"": true, ""takeout"": true}",,https://lh3.googleusercontent.com/gps-proxy/ALd4DhEh5H-a4u9KMowD9_cco6wJUS5xBrcIGnipkuSA4aKdQNBjw7AWwZfO9zBrQ9meQx_3BM8No8UA50qwOIXgrdFGTZUSW4pZ6pDoOHh6rPK51pux5IdgA1_pikgOfRzyKEPeXBAAWMbIOPr3ggB3Qs5h5pclGvha0Ris_SrU1WdRQOGH1KoxTjEO=w1000-h1000-c-n,40.3499602,-74.6594465,0.7818,True,3
186131,Princeton University,coffee,ChIJPwPHlMjmw4kRmwnPlYKNAQQ,0x89c3e6c894c7033f:0x4018d8295cf099b,Wawa,Coffee shop,"[""Coffee shop"", ""Breakfast restaurant"", ""Cafe"", ""Candy store"", ""Fast food restaurant"", ""Convenience store"", ""Hoagie restaurant"", ""Sandwich shop"", ""Tobacco shop""]","152 Alexander St, Princeton, NJ 08540",(609) 924-2845,https://www.wawa.com/locations/8331?utm_source=gmblisting&utm_medium=organic&utm_campaign=locallisting,3.5,165.0,$10–20,Open 24 hours,"""Open 24 hours""","{""tuesday"": ""Open 24 hours"", ""wednesday"": ""Open 24 hours"", ""thursday"": ""Open 24 hours"", ""friday"": ""Open 24 hours"", ""saturday"": ""Open 24 hours"", ""sunday"": ""Open 24 hours"", ""monday"": ""Open 24 hours""}","{""curbside_pickup"": true, ""no_contact_delivery"": true}",Convenience store known for sandwiches. Convenience store chain known for sandwiches & coffee. Many offer fuel & are open 24/7.,https://lh3.googleusercontent.com/gps-cs-s/APNQkAEMq5clRAhMTflnO4t51nooAgpEl4ub12A-w5XW6rC6TphRdQYDh_Iu_2xLC7f1Bc-ttNgV0204YSwNayqJR3qeau0lISFGRYJr87t6TUTD3kNgFq2qH2iuWr2jhGEPgDio65M=w1000-h1000-c-n,40.3418714,-74.659044,0.2237,True,3
166683,Massachusetts Institute of Technology,coffee,ChIJueNI2apw44kRUyAncgwcQPk,0x89e370aad948e3b9:0xf9401c0c72272053,Flour Bakery + Cafe,Coffee shop,"[""Coffee shop"", ""Breakfast restaurant"", ""Cafe"", ""Bakery"", ""Lunch restaurant""]","190 Massachusetts Ave, Cambridge, MA 02139",(617) 225-2525,http://www.flourbakery.com/,4.5,1662.0,$10–20,Open · Closes 7 PM,"""Open \u00b7 Closes 7\u202fPM""","{""tuesday"": ""7\u202fAM\u20137\u202fPM"", ""wednesday"": ""7\u202fAM\u20137\u202fPM"", ""thursday"": ""7\u202fAM\u20137\u202fPM"", ""friday"": ""7\u202fAM\u20137\u202fPM"", ""saturday"": ""8\u202fAM\u20136\u202fPM"", ""sunday"": ""8\u202fAM\u20136\u202fPM"", ""monday"": ""7\u202fAM\u20137\u202fPM""}","{""dine_in"": true, ""takeout"": true, ""delivery"": true}",Pastry shop featuring French sweets. Branch of a local chain of pastry shops specializing in French treats like croissants & sticky buns.,https://lh3.googleusercontent.com/gps-cs-s/APNQkAEZDbUG7HvRq_icgI5-j921E4Ohg72uErlurCAc7sE3kgZT57wEaIQT3l8pExpPfq9_pjqivOAtH3VjEMaO62jufIikplICnxzOm8xev4vtPkP0QwlCgVai8NJ7C62A_AvScwDp=w1000-h1000-c-n,42.3610025,-71.0966286,0.2057,True,3
166027,Harvard University,coffee,ChIJC7ZzyVx344kRLupPJIsZ-PE,0x89e3775cc973b60b:0xf1f8198b244fea2e,Blue Bottle Coffee,Coffee shop,"[""Coffee shop""]","40 Bow St, Cambridge, MA 02138",(510) 661-3510,https://bluebottlecoffee.com/us/eng/boston-cafes?utm_source=google&utm_medium=organic&utm_campaign=cafe_business_listing_boston,4.2,543.0,$1–10,Open · Closes 6 PM,"""Open \u00b7 Closes 6\u202fPM""","{""tuesday"": ""7\u202fAM\u20136\u202fPM"", ""wednesday"": ""7\u202fAM\u20136\u202fPM"", ""thursday"": ""7\u202fAM\u20136\u202fPM"", ""friday"": ""7\u202fAM\u20136\u202fPM"", ""saturday"": ""7\u202fAM\u20136\u202fPM"", ""sunday"": ""7\u202fAM\u20136\u202fPM"", ""monday"": ""7\u202fAM\u20136\u202fPM""}","{""dine_in"": true, ""takeout"": true, ""delivery"": true}","Hip cafe for gourmet coffee & pastries. Trendy cafe chain offering upscale coffee drinks & pastries, plus beans & brewing equipment.",https://lh3.googleusercontent.com/gps-cs-s/APNQkAEXR5EcohjPaJXL05c7265ixspqUDJRsv1AasiWVIWnT1A-IjUN60iCF6liYJSivOdVhtALbZUP3AuDC6KiIT1qnUD9G-uGpVMLAvd6AsAnzFiFXf84cbzgWcSLhClA4kwbam8ZzQ=w1000-h1000-c-n,42.3714891,-71.11685849999999,0.2172,True,3
166027,Harvard University,coffee,ChIJgd_Vqz5344kRoRSLPJEMTck,0x89e3773eabd5df81:0xc94d0c913c8b14a1,Cafe Rustica,Coffee shop,"[""Coffee shop"", ""Cafe""]","356 Beacon St, Somerville, MA 02143",(617) 491-8300,https://cafe-rustica.com/,4.8,454.0,$10–20,Closed · Opens 7 AM Wed,"""Closed \u00b7 Opens 7\u202fAM Wed""","{""tuesday"": ""7\u202fAM\u20133\u202fPM"", ""wednesday"": ""7\u202fAM\u20133\u202fPM"", ""thursday"": ""7\u202fAM\u20133\u202fPM"", ""friday"": ""7\u202fAM\u20133\u202fPM"", ""saturday"": ""7\u202fAM\u20133\u202fPM"", ""sunday"": ""7\u202fAM\u20133\u202fPM"", ""monday"": ""Closed""}","{""dine_in"": true, ""takeout"": true, ""delivery"": true}",Cafe fare in cozy digs with a back patio. Snug stop for breakfast & lunch bites served from a counter in a space with a friendly vibe.,https://lh3.googleusercontent.com/gps-cs-s/APNQkAEbrkj9FQ2ymD_a3Tmf3aAwDWak2fuZAilrW5byOFmWEIpGCL11Zfeh7r9YgasmqrAEhadWlA51f_G3f17n4SeaxMc7qy7fevOWzyY0U-B5k1IPZHCPAbUpMuCaBqYneFuLG3c=w1000-h1000-c-n,42.3856315,-71.11567699999999,0.784,True,3
166027,Harvard University,coffee,ChIJ36ITSj5344kR0udKtkZab2g,0x89e3773e4a13a2df:0x686f5a46b64ae7d2,Simon's Coffee Shop,Coffee shop,"[""Coffee shop"", ""Chocolate cafe"", ""Cafe""]","1736 Massachusetts Ave, Cambridge, MA 02138",(617) 497-7766,http://facebook.com/SimonsCoffeeShop,4.5,439.0,$10–20,Closed · Opens 7:30 AM Wed,"""Closed \u00b7 Opens 7:30\u202fAM Wed""","{""tuesday"": ""7:30\u202fAM\u20133:30\u202fPM"", ""wednesday"": ""7:30\u202fAM\u20133:30\u202fPM"", ""thursday"": ""7:30\u202fAM\u20133:30\u202fPM"", ""friday"": ""7:30\u202fAM\u20133:30\u202fPM"", ""saturday"": ""8\u202fAM\u20133:30\u202fPM"", ""sunday"": ""8\u202fAM\u20133:30\u202fPM"", ""monday"": ""7:30\u202fAM\u20133:30\u202fPM""}","{""dine_in"": true, ""takeout"": true, ""delivery"": false}","Designer lattes & cafe fare. Coffee shop is a warm space for artfully presented lattes, plus cider, sandwiches, tea & tunes.",https://lh3.googleusercontent.com/gps-cs-s/APNQkAHuIkzf9QXDQ9fY_Ln-cuD0DjUou0wsqWNfLd7FgKujfD4zbrXD6E1Oe1LX6SOB-wGTocdL16RSn5npVNW4VgLxRB8gFUW_z96Bs2sSkx6JBsLiPqUm-kS1zjNV40d8GJacz0skgg=w1000-h1000-c-n,42.3844707,-71.11966129999999,0.6959,True,3
166027,Harvard University,coffee,ChIJ3WRSxRB344kRjk2xzcuC55Y,0x89e37710c55264dd:0x96e782cbcdb14d8e,Blank Street,Coffee shop,"[""Coffee shop""]","1380 Massachusetts Ave, Cambridge, MA 02138",,https://app.blankstreet.com/MjLw,4.6,441.0,$1–10,Open · Closes 8 PM,"""Open \u00b7 Closes 8\u202fPM""","{""tuesday"": ""6:30\u202fAM\u20138\u202fPM"", ""wednesday"": ""6:30\u202fAM\u20138\u202fPM"", ""thursday"": ""6:30\u202fAM\u20138\u202fPM"", ""friday"": ""6:30\u202fAM\u20138\u202fPM"", ""saturday"": ""6:30\u202fAM\u20138\u202fPM"", ""sunday"": ""7\u202fAM\u20138\u202fPM"", ""monday"": ""6:30\u202fAM\u20138\u202fPM""}","{""dine_in"": true, ""takeout"": true, ""delivery"": true}",,https://lh3.googleusercontent.com/gps-proxy/ALd4DhHS1Bn7CKaLH9Cgy9K3GJ5mrDRkmm0CULZlDDi--ufURqiBhrxQRBsab4TUnqEEFbi6M-SFuCLjHrGUh6TzWp0jihOP053boxWjmTUOvHnkgZ__FZxWnxQHmCZn3VN6N23MOH6kQqp550oSIyFHdlanCRRxBCOMImGe40KfGsRyFaOtq61XWF8BOQ=w1000-h1000-c-n,42.3733053,-71.1190658,0.0885,True,3
166027,Harvard University,coffee,ChIJ3V1-dip344kRKAlzr5HjPPg,0x89e3772a767e5ddd:0xf83ce391af730928,Page & Leaf Cafe,Coffee shop,"[""Coffee shop"", ""Cafe""]","1815 Massachusetts Ave, Cambridge, MA 02140",(617) 945-1420,https://pageandleafcafe.com/,4.7,43.0,$10–20,Open · Closes 8 PM,"""Open \u00b7 Closes 8\u202fPM""","{""tuesday"": ""7\u202fAM\u20138\u202fPM"", ""wednesday"": ""7\u202fAM\u20138\u202fPM"", ""thursday"": ""7\u202fAM\u20138\u202fPM"", ""friday"": ""7\u202fAM\u20138\u202fPM"", ""saturday"": ""8\u202fAM\u20137\u202fPM"", ""sunday"": ""8\u202fAM\u20137\u202fPM"", ""monday"": ""7\u202fAM\u20138\u202fPM""}","{""dine_in"": true, ""takeout"": true, ""delivery"": false}",,https://lh3.googleusercontent.com/gps-proxy/ALd4DhFTfhxgB5nHvcUP8rhUYJAa47NG04ek3tCKYTIcxyeO1G9M-bb_3GSOVkbPHzSAYUZH2A49HvPRmFjEiRInQ9nNRFZCx6FMYt9vXf2NoTXO3jGHJAB4NB_N4Z9vSduL_sS2gmc3djQBmDkSpn2nGC4E5rAlXkYPVB_H7tfs4OHB2Q0tPChuet73=w1000-h1000-c-n,42.3873781,-71.1189976,0.894,True,3
166027,Harvard University,coffee,ChIJqaZt3uV344kRP1Z1ggo5w-M,0x89e377e5de6da6a9:0xe3c3390a8275563f,Luxor Cafe,Coffee shop,"[""Coffee shop"", ""Cafe"", ""Halal restaurant""]","148 Mt Auburn St, Cambridge, MA 02138",(617) 661-0904,https://www.luxorcafee.com/,4.6,399.0,$10–20,Open · Closes 8 PM,"""Open \u00b7 Closes 8\u202fPM""","{""tuesday"": ""8\u202fAM\u20138\u202fPM"", ""wednesday"": ""8\u202fAM\u20138\u202fPM"", ""thursday"": ""8\u202fAM\u20138\u202fPM"", ""friday"": ""8\u202fAM\u201311\u202fPM"", ""saturday"": ""8\u202fAM\u201311\u202fPM"", ""sunday"": ""8\u202fAM\u20139\u202fPM"", ""monday"": ""8\u202fAM\u20138\u202fPM""}","{""dine_in"": true, ""curbside_pickup"": true, ""no_contact_delivery"": true}",,https://lh3.googleusercontent.com/gps-proxy/ALd4DhHABRaF4eITXk7v9_KIP2lMi7vdjwD7ZIlfqjkA1QlDVULanOcqU56OvpA-gGGxuoN0MtsYeyxuB8ByYEdjZr2C9v21AfEGN0ViImQvpevLn32rpjJPGJj6qk2KQo69NAsfScmqKtjqRIZcDFaU47gPhl_9CEwCt8ReTeir3IGlBZD8kapBNJ_-=w1000-h1000-c-n,42.3739551,-71.1250724,0.348,True,3
166027,Harvard University,coffee,ChIJyzrKdQB344kRvo5jMJerNxI,0x89e3770075ca3acb:0x1237ab9730638ebe,Daily Provisions - Harvard Square,Coffee shop,"[""Coffee shop"", ""Bakery"", ""Brunch restaurant"", ""Cafe"", ""Restaurant""]","One Brattle Square Suite A1, Cambridge, MA 02138",(617) 618-3440,https://dailyprovisions.co/,4.2,105.0,$10–20,Open · Closes 9 PM,"""Open \u00b7 Closes 9\u202fPM""","{""tuesday"": ""7\u202fAM\u20139\u202fPM"", ""wednesday"": ""7\u202fAM\u20139\u202fPM"", ""thursday"": ""7\u202fAM\u20139\u202fPM"", ""friday"": ""7\u202fAM\u20139\u202fPM"", ""saturday"": ""7\u202fAM\u20139\u202fPM"", ""sunday"": ""7\u202fAM\u20139\u202fPM"", ""monday"": ""7\u202fAM\u20139\u202fPM""}","{""dine_in"": true, ""takeout"": true, ""delivery"": false}",,https://lh3.googleusercontent.com/gps-cs-s/APNQkAHaBNZiseJ44nj4-LNmTgEkzLiti9hAeQCvdCVtiZPCrjjp1rCZROJQkrmHLRcCewGUSvwuWUysw87eNhOPnEzVJaK2_sHu2u0mMxLHs1QNA69a5tPt9ruFduFxzdFHxdDit2WSyYcWQDSD=w1000-h1000-c-n,42.3732455,-71.1215028,0.184,True,3
166027,Harvard University,coffee,ChIJWekaBNR344kRHoGTANdOtgI,0x89e377d4041ae959:0x2b64ed70093811e,Faro Café,Cafe,"[""Cafe"", ""Wine bar""]","5 Arrow St, Cambridge, MA 02138",,https://thefarocafe.com/,4.3,322.0,$1–10,Closes soon · 4 PM · Opens 8 AM Wed,"""Closes soon \u00b7 4\u202fPM \u00b7 Opens 8\u202fAM Wed""","{""tuesday"": ""8\u202fAM\u20134\u202fPM"", ""wednesday"": ""8\u202fAM\u20134\u202fPM"", ""thursday"": ""8\u202fAM\u20134\u202fPM"", ""friday"": ""8\u202fAM\u201310\u202fPM"", ""saturday"": ""8\u202fAM\u201310\u202fPM"", ""sunday"": ""8\u202fAM\u20134\u202fPM"", ""monday"": ""8\u202fAM\u20134\u202fPM""}","{""dine_in"": true, ""takeout"": true, ""delivery"": false}",,https://lh3.googleusercontent.com/gps-cs-s/APNQkAHslMFn7QvpBM9c4d_Mm3hNDw0yg3pimU6oJ_j5FctEUvcz8RXHwoxA6w94Bz-OsinXke38J9KZwWL8CDSPoz_qNmp5E63XwYDd5SxA08emYkeKFzpGeHZbYTZJO9PfIb6zjcR_=w1000-h1000-c-n,42.371249,-71.1146863,0.2876,True,3
243744,Stanford University,coffee,ChIJl-bWHF67j4ARikzQEQ1K8k8,0x808fbb5e1cd6e697:0x4ff24a0d11d04c8a,Blue Bottle Coffee,Coffee shop,"[""Coffee shop"", ""Cafe""]","660 Stanford Shopping Center #650B, Palo Alto, CA 94304",(510) 661-3510,https://bluebottlecoffee.com/us/eng/northern-california-cafes?utm_source=google&utm_medium=organic&utm_campaign=cafe_business_listing_norcal,4.2,424.0,$10–20,Open · Closes 3:30 PM,"""Open \u00b7 Closes 3:30\u202fPM""","{""tuesday"": ""6:30\u202fAM\u20133:30\u202fPM"", ""wednesday"": ""6\u202fAM\u20134\u202fPM"", ""thursday"": ""6:30\u202fAM\u20133:30\u202fPM"", ""friday"": ""6:30\u202fAM\u20133:30\u202fPM"", ""saturday"": ""7\u202fAM\u20135:30\u202fPM"", ""sunday"": ""7\u202fAM\u20135:30\u202fPM"", ""monday"": ""6\u202fAM\u20134\u202fPM""}","{""dine_in"": true, ""takeout"": true, ""delivery"": true}","Hip cafe for gourmet coffee & pastries. Trendy cafe chain offering upscale coffee drinks & pastries, plus beans & brewing equipment.",https://lh3.googleusercontent.com/gps-cs-s/APNQkAGLhtMvCJB0Wqb-0mlZ5LW0Y-Bv0Us0s2JBm6Caq7u4e4j5a33UAP-SkfXZEeWPNmoIi3EG7fFWarpZZMiDGhXGYg7j7amCE7ikcZyyUOifdj4xWX1sbU0N9T3H6yVF-qukGbvc=w1000-h1000-c-n,37.4447264,-122.1713224,1.194,True,3
243744,Stanford University,coffee,ChIJWapWQdS6j4ARFKt6lV6S_9A,0x808fbad44156aa59:0xd0ff925e957aab14,CoHo,Cafe,"[""Cafe"", ""Deli""]","459 Lagunita Dr, Stanford, CA 94305",(650) 721-2262,https://www.cohostanford.com/,4.4,540.0,$10–20,Open · Closes 10 PM,"""Open \u00b7 Closes 10\u202fPM""","{""tuesday"": ""8\u202fAM\u201310\u202fPM"", ""wednesday"": ""8\u202fAM\u201310\u202fPM"", ""thursday"": ""8\u202fAM\u201310\u202fPM"", ""friday"": ""8\u202fAM\u201310\u202fPM"", ""saturday"": ""8\u202fAM\u20139\u202fPM"", ""sunday"": ""8\u202fAM\u20139\u202fPM"", ""monday"": ""8\u202fAM\u201310\u202fPM""}","{""dine_in"": true, ""takeout"": true, ""delivery"": true}","Stanford coffee spot & performance space. Coffeehouse showcasing student entertainment most evenings, from comedy to live music & karaoke.",https://lh3.googleusercontent.com/gps-proxy/ALd4DhEM7cUqBUv16xIFvd7Fs1vqrU-9bDa7uL_Ly58tHYhK7yyW1V97tHFFW5du57rQpzvE5BiiNiYyfGKUODd_-Hw-caAawffAkfc7CaPJqv3lZFEuQAROE6C7HqaZ1Fv4mcrBvQYwbSOLr1Iiq_Bxjpjw88pYHQ9IojL9jgSMzhv_ktHYxY89tYfy=w1000-h1000-c-n,37.4241104,-122.1709061,0.2347,True,3
243744,Stanford University,coffee,ChIJaeHk_jm7j4ARZfXh674aljg,0x808fbb39fee4e169:0x38961abeebe1f565,Sprout Cafe,Coffee shop,"[""Coffee shop"", ""Breakfast restaurant"", ""Brunch restaurant"", ""Health food restaurant"", ""Lunch restaurant"", ""Pastry shop"", ""Restaurant"", ""Salad shop"", ""Sandwich shop"", ""Vegetarian restaurant""]","168 University Ave, Palo Alto, CA 94301",(650) 323-7688,https://cafesprout.com/,4.4,630.0,$20–30,Open · Closes 8 PM,"""Open \u00b7 Closes 8\u202fPM""","{""tuesday"": ""10\u202fAM\u20138\u202fPM"", ""wednesday"": ""10\u202fAM\u20138\u202fPM"", ""thursday"": ""10\u202fAM\u20138\u202fPM"", ""friday"": ""10\u202fAM\u20138\u202fPM"", ""saturday"": ""9\u202fAM\u20133\u202fPM"", ""sunday"": ""9\u202fAM\u20133\u202fPM"", ""monday"": ""10\u202fAM\u20138\u202fPM""}","{""dine_in"": true, ""takeout"": true, ""no_contact_delivery"": true}",Healthy cafe with customized salads. This health-conscious deli offers made-to-order custom salads via counter service in a bright space.,https://lh3.googleusercontent.com/gps-cs-s/APNQkAG4ieACNmvGfWy_CTTqlbu6g33AwaNqTJmF8ZGkGqGpWcv199gt5xNs-itAl9kb2ldtsuaScvLWfnUrGubmP6Z_sPAK_Ev2H-0I54W5uQoH5VefgqQ9lku7l3WAcMbrH8am6pm_ErSXH4A=w1000-h1000-c-n,37.4442694,-122.1628667,1.2295,True,3
243744,Stanford University,coffee,ChIJe_8_gFikj4ARcKaP6JJ1JUA,0x808fa458803fff7b:0x40257592e88fa670,Peet's Coffee,Coffee shop,"[""Coffee shop""]","77 Town and Country Vlg, Palo Alto, CA 94301",(650) 328-4771,https://www.peets.com/,4.5,391.0,$1–10,Open · Closes 7 PM,"""Open \u00b7 Closes 7\u202fPM""","{""tuesday"": ""5\u202fAM\u20137\u202fPM"", ""wednesday"": ""5\u202fAM\u20137\u202fPM"", ""thursday"": ""5\u202fAM\u20137\u202fPM"", ""friday"": ""5\u202fAM\u20137\u202fPM"", ""saturday"": ""6\u202fAM\u20137\u202fPM"", ""sunday"": ""6\u202fAM\u20137\u202fPM"", ""monday"": ""5\u202fAM\u20137\u202fPM""}","{""dine_in"": true, ""takeout"": true, ""delivery"": true}","Coffeehouse chain also known for its tea. Berkeley-born chain featuring signature coffee, tea & blended drinks alongside baked goods.",https://lh3.googleusercontent.com/gps-cs-s/APNQkAGcrpBNSf1LPgzY-BXYQ1GcTgfkpglEjgtVFSU7f9hsChqCElzFENinDZOwgMLv311ewipb935jqnP_6aWQz9tU4hAvHQQqZd7zeNNHc1SixXIiVRsm2yEgy_o9e2kjhGdSb4LN4w=w1000-h1000-c-n,37.438064,-122.1593041,0.9468,True,3
243744,Stanford University,coffee,ChIJZ-fddRO7j4AR_0Gsc_U5HbQ,0x808fbb1375dde767:0xb41d39f573ac41ff,Hatched,Coffee shop,"[""Coffee shop"", ""Breakfast restaurant"", ""Brunch restaurant"", ""Hamburger restaurant"", ""Restaurant"", ""Sandwich shop""]","855 El Camino Real #161, Palo Alto, CA 94301",(650) 248-2758,https://www.hatchedbites.com/,4.5,62.0,$10–20,Open · Closes 4 PM,"""Open \u00b7 Closes 4\u202fPM""","{""tuesday"": ""7\u202fAM\u20134\u202fPM"", ""wednesday"": ""7\u202fAM\u20134\u202fPM"", ""thursday"": ""7\u202fAM\u20134\u202fPM"", ""friday"": ""7\u202fAM\u20134:30\u202fPM"", ""saturday"": ""7\u202fAM\u20134:30\u202fPM"", ""sunday"": ""7\u202fAM\u20134:30\u202fPM"", ""monday"": ""7\u202fAM\u20134\u202fPM""}","{""dine_in"": true, ""takeout"": true, ""no_contact_delivery"": true}",,https://lh3.googleusercontent.com/gps-proxy/ALd4DhHicz92rtu12fMDg-XxMTEJRacGu94-xUD6NpLDcDMLMkH4n9rvDysuMvgyjodXWR8eWtpafJpBmvU3crQ2fwikG0-goN1f71okDTpQc0ZBbPIHd_OkNOrT3xX27iZXbe1UdtDNKqTZwspnFmVm6W8i6gmt1xbBZEaKtP3jL8Pax3g8LeR-mS4=w1000-h1000-c-n,37.4391765,-122.1581733,1.0456,True,3
243744,Stanford University,coffee,ChIJzz6JWNa6j4ARuFl1EXnBCf0,0x808fbad658893ecf:0xfd09c179117559b8,Coupa Cafe - Green Library,Coffee shop,"[""Coffee shop"", ""Cafe"", ""Restaurant"", ""Venezuelan restaurant""]","571 Escondido Mall, Stanford, CA 94305",(650) 331-0672,https://www.coupacafe.com/,4.3,777.0,$10–20,Open · Closes 7 PM,"""Open \u00b7 Closes 7\u202fPM""","{""tuesday"": ""7:30\u202fAM\u20137\u202fPM"", ""wednesday"": ""7:30\u202fAM\u20137\u202fPM"", ""thursday"": ""7:30\u202fAM\u20137\u202fPM"", ""friday"": ""7:30\u202fAM\u20137\u202fPM"", ""saturday"": ""7:30\u202fAM\u20137\u202fPM"", ""sunday"": ""7:30\u202fAM\u20137\u202fPM"", ""monday"": ""7:30\u202fAM\u20137\u202fPM""}","{""dine_in"": true, ""takeout"": true, ""delivery"": true}","Venezuelan restaurant & coffee shop. Local chain restaurant serving Venezuelan specialties, organic single-estate coffee & sweet snacks.",https://lh3.googleusercontent.com/gps-cs-s/APNQkAFGpQs6p9CWBflMbkdumYFH2lI5I4PM4tU_a_hbGxMRK7e_U9EefBW4MpNZ32yvFki53thr8EVhE4QMHn1_DzvrWAG0RXX5QcpQau_jOPAulEPqydL9OJTKfWiUFqYou5XNsRmXlQ=w1000-h1000-c-n,37.426204,-122.166995,0.1985,True,3
243744,Stanford University,coffee,ChIJCx18PDe7j4ARWiGmoE-TsMg,0x808fbb373c7c1d0b:0xc8b0934fa0a6215a,Coupa Cafe - Lytton,Coffee shop,"[""Coffee shop"", ""Breakfast restaurant"", ""Cafe"", ""Restaurant"", ""Venezuelan restaurant""]","111 Lytton Ave, Palo Alto, CA 94301",(650) 741-0713,https://www.coupacafe.com/,4.3,367.0,$10–20,Open · Closes 3 PM,"""Open \u00b7 Closes 3\u202fPM""","{""tuesday"": ""6\u202fAM\u20133\u202fPM"", ""wednesday"": ""6\u202fAM\u20133\u202fPM"", ""thursday"": ""6\u202fAM\u20133\u202fPM"", ""friday"": ""6\u202fAM\u20133\u202fPM"", ""saturday"": ""6\u202fAM\u20133\u202fPM"", ""sunday"": ""7:30\u202fAM\u20133\u202fPM"", ""monday"": ""6\u202fAM\u20133\u202fPM""}","{""dine_in"": true, ""takeout"": true, ""no_contact_delivery"": true}",,https://lh3.googleusercontent.com/gps-cs-s/APNQkAFmMahL1YqQbhHa0bsnDW8KqSw9fSse2DRpqganl_cxNPGCsWg0wpSzC7Q4IJHTWuxoJQ65n52n2-L1KvmsdjOsuICoKjBRHVYJPJkeX0ZDdpw9qw-_xHaW8pC0VUoC5OXANSJaTg=w1000-h1000-c-n,37.444618,-122.1653906,1.2146,True,3
243744,Stanford University,coffee,ChIJWcHrNti6j4AR2u-_aV8SPfU,0x808fbad836ebc159:0xf53d125f69bfefda,Coupa Cafe - GSB,Coffee shop,"[""Coffee shop"", ""Bakery"", ""Cafe"", ""Latin American restaurant"", ""Restaurant"", ""Wine bar""]","655 Knight Way, Stanford, CA 94305",(650) 331-0512,https://www.coupacafe.com/,4.3,243.0,$10–20,Open · Closes 8 PM,"""Open \u00b7 Closes 8\u202fPM""","{""tuesday"": ""7\u202fAM\u20138\u202fPM"", ""wednesday"": ""7\u202fAM\u20138\u202fPM"", ""thursday"": ""7\u202fAM\u20138\u202fPM"", ""friday"": ""7\u202fAM\u20136\u202fPM"", ""saturday"": ""10\u202fAM\u20132\u202fPM"", ""sunday"": ""Closed"", ""monday"": ""7\u202fAM\u20138\u202fPM""}","{""dine_in"": true, ""takeout"": true, ""delivery"": true}","Venezuelan restaurant & coffee shop. Local chain restaurant serving Venezuelan specialties, organic single-estate coffee & sweet snacks.",https://lh3.googleusercontent.com/gps-cs-s/APNQkAEoLwUwswQD77_r-RrSBRzmpL8oGCMdg5aX6L-yD6_wUfd5VM5hrAGH1p-S4VcJdKmzkJdomJaA3P9tTlbWXbq86zRNAf6ja0K3WWXh0Bbzr3Mm-20mBYAHrEfbm-KIdz2vq5gHQQ=w1000-h1000-c-n,37.428033,-122.162083,0.4495,True,3
243744,Stanford University,coffee,ChIJnyHp2NKkj4ARaiBpNnjxqHY,0x808fa4d2d8e9219f:0x76a8f1783669206a,ZoomCaffe Mobile Coffee Truck,Coffee shop,"[""Coffee shop"", ""Mobile caterer""]","300 N Pasteur Dr, Palo Alto, CA 94304",(650) 384-6663,http://zoomcaffe.com/,4.5,26.0,,Open · Closes 3 PM,"""Open \u00b7 Closes 3\u202fPM""","{""tuesday"": ""6:15\u202fAM\u20133\u202fPM"", ""wednesday"": ""6:15\u202fAM\u20133\u202fPM"", ""thursday"": ""6:15\u202fAM\u20133\u202fPM"", ""friday"": ""6:15\u202fAM\u20133\u202fPM"", ""saturday"": ""Closed"", ""sunday"": ""Closed"", ""monday"": ""6:15\u202fAM\u20133\u202fPM""}","{""dine_in"": true, ""takeout"": true, ""delivery"": true}",,https://lh3.googleusercontent.com/gps-cs-s/APNQkAGoOGNdXCbQzKXMhXgd3EIOB8K6VcVB68VrnYGLkNuK2wkPkWpwU048-ShW2dzfJc0wWQSWsNN_gYW5b-VL8NBlLfG2Wd5BOrYu-FTkbipb8BFTQSTjKBaOQIIat2Lh9noVwLAn=w1000-h1000-c-n,37.4329743,-122.1756893,0.4838,True,3
243744,Stanford University,coffee,ChIJLVnd1b67j4ARun40Rs6JNgU,0x808fbbbed5dd592d:0x53689ce46347eba,Gregorys Coffee,Coffee shop,"[""Coffee shop""]","660 Stanford Shopping Center, Palo Alto, CA 94304",(877) 357-4906,https://gregoryscoffee.com/,3.8,65.0,$10–20,Open · Closes 6 PM,"""Open \u00b7 Closes 6\u202fPM""","{""tuesday"": ""6\u202fAM\u20136\u202fPM"", ""wednesday"": ""6\u202fAM\u20136\u202fPM"", ""thursday"": ""6\u202fAM\u20136\u202fPM"", ""friday"": ""6\u202fAM\u20136\u202fPM"", ""saturday"": ""6\u202fAM\u20136\u202fPM"", ""sunday"": ""7\u202fAM\u20136\u202fPM"", ""monday"": ""6\u202fAM\u20136\u202fPM""}","{""dine_in"": true, ""takeout"": true, ""delivery"": true}",,https://lh3.googleusercontent.com/gps-cs-s/APNQkAFZXFVeYzmYayh_ulA94YuiEqpy6_4152I2XVilW8zxQJiKNJJjXpiFAqcNgyElccOSFMr1lEhOj1-rGN9hkWdrJjpJa9RO8uMzQ5vAtobo0TAUSGAfWHvsdl5Y3oFhdGxlcl57bg=w1000-h1000-c-n,37.4436476,-122.1717953,1.1212,True,3
243744,Stanford University,coffee,ChIJC4lSudS7j4ARB5UT82BGt6I,0x808fbbd4b952890b:0xa2b74660f3139507,SWEET55 - Swiss Chocolates & Confections,Coffee shop,"[""Coffee shop"", ""Chocolate artisan""]","855 El Camino Real Suite 123, Palo Alto, CA 94301",(650) 618-6525,http://www.sweet55.com/,4.7,42.0,$,Open · Closes 7 PM,"""Open \u00b7 Closes 7\u202fPM""","{""tuesday"": ""10\u202fAM\u20137\u202fPM"", ""wednesday"": ""10\u202fAM\u20137\u202fPM"", ""thursday"": ""10\u202fAM\u20137\u202fPM"", ""friday"": ""10\u202fAM\u20137\u202fPM"", ""saturday"": ""10\u202fAM\u20137\u202fPM"", ""sunday"": ""10\u202fAM\u20135\u202fPM"", ""monday"": ""10\u202fAM\u20137\u202fPM""}","{""dine_in"": true, ""curbside_pickup"": true, ""no_contact_delivery"": true}",,https://lh3.googleusercontent.com/gps-cs-s/APNQkAFjNzcBWFqatMnr59S39M_pKWWVVGkvT7ycHxXU4w8__mwij5klzGUJTcXaIBOprL1Bworb40GyOKe-BGW7xPGVgX2lLobvy7yR_LfFx1fjNFXIA29sGQgqrbSWz2L0V9ODUUlWEQ=w1000-h1000-c-n,37.4387039,-122.158869,0.9962,True,3
243744,Stanford University,coffee,ChIJHbZpJ9Wkj4ARV6nV6sSjBcA,0x808fa4d52769b61d:0xc005a3c4ead5a957,Coupa Cafe - Y2E2,Coffee shop,"[""Coffee shop"", ""Cafe"", ""Venezuelan restaurant""]","473 Via Ortega, Stanford, CA 94305",(650) 331-1132,https://www.coupacafe.com/,4.1,318.0,$10–20,Open · Closes 5:30 PM,"""Open \u00b7 Closes 5:30\u202fPM""","{""tuesday"": ""7:30\u202fAM\u20135:30\u202fPM"", ""wednesday"": ""7:30\u202fAM\u20135:30\u202fPM"", ""thursday"": ""7:30\u202fAM\u20135:30\u202fPM"", ""friday"": ""7:30\u202fAM\u20135:30\u202fPM"", ""saturday"": ""Closed"", ""sunday"": ""Closed"", ""monday"": ""7:30\u202fAM\u20135:30\u202fPM""}","{""dine_in"": true, ""takeout"": true, ""delivery"": true}","Venezuelan restaurant & coffee shop. Local chain restaurant serving Venezuelan specialties, organic single-estate coffee & sweet snacks.",https://lh3.googleusercontent.com/gps-proxy/ALd4DhHSfMIDxOB1Eft-_uaZTSvRF9hm7y06WIc7GBW_XJU7MNbMmoNUb7yxMXzrbATeOXqx3YQDtjlPgtYkYX3bEm108GyGsxqSvmLGPhP-UOvfuxyLoEgD3iaoGVcunaPKpysZHGjt-pSht6rAIZx3eckBVq_NaR6UTPKhO68HHZhGQnh4vfpOaZkS=w1000-h1000-c-n,37.4283333,-122.1755556,0.2975,True,3
243744,Stanford University,coffee,ChIJBwdMJCu7j4AR-QQWNqmUleo,0x808fbb2b244c0707:0xea9594a9361604f9,Bytes Cafe,Cafe,"[""Cafe""]","350 Jane Stanford Way, Stanford, CA 94305",(650) 736-0456,https://bytescafe.menu11.com/,4.1,151.0,$10–20,Open · Closes 2:30 PM,"""Open \u00b7 Closes 2:30\u202fPM""","{""tuesday"": ""7\u202fAM\u20132:30\u202fPM"", ""wednesday"": ""7\u202fAM\u20132:30\u202fPM"", ""thursday"": ""7\u202fAM\u20132:30\u202fPM"", ""friday"": ""7\u202fAM\u20132:30\u202fPM"", ""saturday"": ""Closed"", ""sunday"": ""Closed"", ""monday"": ""7:45\u202fAM\u20132:30\u202fPM""}","{""dine_in"": true, ""takeout"": true, ""delivery"": false}","Quick-serve cafe fare in a chill setting. On Stanford's campus, this casual cafe serves lots of healthy light-fare options throughout the day.",https://lh3.googleusercontent.com/gps-cs-s/APNQkAEN8kheetl9lLXSz6oD3-AMqty2VYDXCEs74satJAzOEtcmFfN0Uv7wxaYPymRQCv0JJC9iPKKiLw81prLSafa6IrT8U-ALGPpft_mOhL-TaosPvIBF03QC2b9ql83hEkbZZPaEjw=w1000-h1000-c-n,37.4293243,-122.1735554,0.2224,True,3
243744,Stanford University,coffee,ChIJA1NtGju7j4AR0Hzg7dtYVLg,0x808fbb3b1a6d5303:0xb85458dbede07cd0,Peet's Coffee,Coffee shop,"[""Coffee shop""]","153 Homer Ave, Palo Alto, CA 94301",(650) 325-2091,"https://www.peets.com/pages/store-locator?stockist-query=Palo%20Alto,%20CA,%20USA",4.3,108.0,$1–10,Open · Closes 5 PM,"""Open \u00b7 Closes 5\u202fPM""","{""tuesday"": ""5\u202fAM\u20135\u202fPM"", ""wednesday"": ""5\u202fAM\u20135\u202fPM"", ""thursday"": ""5\u202fAM\u20135\u202fPM"", ""friday"": ""5\u202fAM\u20135\u202fPM"", ""saturday"": ""5\u202fAM\u20135\u202fPM"", ""sunday"": ""5\u202fAM\u20135\u202fPM"", ""monday"": ""5\u202fAM\u20135\u202fPM""}","{""dine_in"": true, ""takeout"": true, ""delivery"": true}","Coffeehouse chain also known for its tea. Berkeley-born chain featuring signature coffee, tea & blended drinks alongside baked goods.",https://lh3.googleusercontent.com/gps-cs-s/APNQkAFBjE7OR6kIdGguKBib1fWLjPBnXL46TtWgSDZ7_0gnEBNvXLDIWLT8NBhMb98hY2hMY-2sma_lH1pRXfHPXLb_C28b0nwQxJqV5jz54otCAgcSoUYjwQm7ALPR29ABon9mYgBur3n3Wao=w1000-h1000-c-n,37.441906,-122.159744,1.152,True,3
243744,Stanford University,coffee,ChIJl0gDDDu7j4ARp5acotjn_LE,0x808fbb3b0c034897:0xb1fce7d8a29c96a7,WFM Coffee Bar,Coffee shop,"[""Coffee shop"", ""Cafe"", ""Coffee store"", ""Juice shop""]","774 Emerson St, Palo Alto, CA 94301",(650) 326-8676,http://www.wholefoodsmarket.com/stores/paloalto?utm_source=google&utm_medium=organic&utm_campaign=listings,3.0,2.0,$$,Open · Closes 3 PM,"""Open \u00b7 Closes 3\u202fPM""","{""tuesday"": ""8\u202fAM\u20133\u202fPM"", ""wednesday"": ""8\u202fAM\u20133\u202fPM"", ""thursday"": ""8\u202fAM\u20133\u202fPM"", ""friday"": ""8\u202fAM\u20133\u202fPM"", ""saturday"": ""8\u202fAM\u20133\u202fPM"", ""sunday"": ""8\u202fAM\u20133\u202fPM"", ""monday"": ""8\u202fAM\u20133\u202fPM""}","{""dine_in"": true, ""takeout"": true, ""delivery"": false}",,https://lh3.googleusercontent.com/gps-cs-s/APNQkAG3ATvbByJpintgIkjzC8zN3Q69M4YiWkwaFvjVejlOjN_runcR8lCyvwR-us3KoRSFWnvY79PnELkBbpkYWmCr0YImxPhEd0g27ftOGqh_ky3PBngVkFvPoH2pbCmW-YpbdCxM9Q=w1000-h1000-c-n,37.4424053,-122.1596147,1.1855,True,3
243744,Stanford University,coffee,ChIJ-_sbcgC7j4ARecGreV23QJs,0x808fbb00721bfbfb:0x9b40b75d79abc179,Ralph's Coffee,Coffee shop,"[""Coffee shop""]","383B Stanford Shopping Center, Palo Alto, CA 94304",(650) 370-1114,https://www.ralphlauren.com/on/demandware.static/-/Library-Sites-RalphLauren_NA_Library/en_US/v1692094986129/content/pdf/hospitality/ralphs-coffee-palo-alto-menu.pdf,3.2,31.0,$10–20,Open · Closes 6 PM,"""Open \u00b7 Closes 6\u202fPM""","{""tuesday"": ""8\u202fAM\u20136\u202fPM"", ""wednesday"": ""8\u202fAM\u20136\u202fPM"", ""thursday"": ""8\u202fAM\u20136\u202fPM"", ""friday"": ""8\u202fAM\u20136\u202fPM"", ""saturday"": ""8\u202fAM\u20136\u202fPM"", ""sunday"": ""9\u202fAM\u20135\u202fPM"", ""monday"": ""8\u202fAM\u20136\u202fPM""}",{},,https://lh3.googleusercontent.com/gps-cs-s/APNQkAHNmO3NQ3sK8iwiy5RmYTQYFykDP8gV1m0LOAMPMPi0b9L-ESxdq3elpzjCfcIrl78D0otupMLJ6bCPhkUablsoO22ZM2gbDpZ4-dsFwF1NWBkVW7uyI-ToPS31nZFdJ9bQU33uBV9UvEnV=w1000-h1000-c-n,37.4416828,-122.172905,0.993,True,3
130794,Yale University,coffee,ChIJX3w7qRPZ54kRvSjHdw-nBh0,0x89e7d913a93b7c5f:0x1d06a70f77c728bd,Poindexter Coffee,Coffee shop,"[""Coffee shop"", ""Cafe""]","1151 Chapel St, New Haven, CT 06511",(475) 207-7070,https://www.hilton.com/en/hotels/hvngngu-graduate-new-haven/dining/?y_source=1_MTA2Njc4ODcyNy03MTUtbG9jYXRpb24ud2Vic2l0ZQ%3D%3D,4.5,64.0,,Closed · Opens 6:30 AM Wed,"""Closed \u00b7 Opens 6:30\u202fAM Wed""","{""tuesday"": ""6:30\u202fAM\u20133\u202fPM"", ""wednesday"": ""6:30\u202fAM\u20133\u202fPM"", ""thursday"": ""6:30\u202fAM\u20133\u202fPM"", ""friday"": ""6:30\u202fAM\u20133\u202fPM"", ""saturday"": ""6:30\u202fAM\u20133\u202fPM"", ""sunday"": ""6:30\u202fAM\u20133\u202fPM"", ""monday"": ""6:30\u202fAM\u20133\u202fPM""}","{""dine_in"": true, ""takeout"": true, ""delivery"": false}",,https://lh3.googleusercontent.com/gps-cs-s/APNQkAHCOa7EhmUjuoFMOKry68Zr3_-B89OhynLHpyktvWCg99asjEP2rsjKoiIonhs_waLWAP6g6zDnK5mGzIvrOZPcKeOqhT0XUPwO9Xj1RRhOouqIPn643hmDKytgnGJ5U4BsnXhsgg=w1000-h1000-c-n,41.3088673,-72.9325379,0.345,True,3
130794,Yale University,coffee,ChIJC-fg8LXZ54kRbMPgofo2blM,0x89e7d9b5f0e0e70b:0x536e36faa1e0c36c,Willoughby's Coffee & Tea,Coffee shop,"[""Coffee shop"", ""Coffee roastery"", ""Coffee wholesaler""]","Corner Grove, 258 Church St, New Haven, CT 06510",(203) 777-7400,https://www.willoughbyscoffee.com/,4.3,115.0,$,Open · Closes 6 PM,"""Open \u00b7 Closes 6\u202fPM""","{""tuesday"": ""7\u202fAM\u20136\u202fPM"", ""wednesday"": ""7\u202fAM\u20136\u202fPM"", ""thursday"": ""7\u202fAM\u20136\u202fPM"", ""friday"": ""7\u202fAM\u20136\u202fPM"", ""saturday"": ""7\u202fAM\u20135\u202fPM"", ""sunday"": ""7\u202fAM\u20135\u202fPM"", ""monday"": ""7\u202fAM\u20136\u202fPM""}","{""dine_in"": true, ""takeout"": true, ""delivery"": false}","Relaxed sit-down spot for global coffees. Laid-back coffeehouse offering house-roasted global java, plus tea, pastries & other light fare.",https://lh3.googleusercontent.com/gps-cs-s/APNQkAHZ52EZdVtJjG_JmkkgPKBry1wRV9hxYVbogmcil5w8JYN_XpIu-gBqLTqdFBrFG6Y4qhQBFjaqAwfje134i4dgHar4mytEnIzMfnVQgk53myvbVnVsdWXNFbWCTzS5mruGlUuD=w1000-h1000-c-n,41.3104186,-72.9228004,0.2078,True,3
130794,Yale University,coffee,ChIJFZOyp-DZ54kRwvGdWEAW8SI,0x89e7d9e0a7b29315:0x22f11640589df1c2,G Cafe Bakery Chapel St.,Cafe,"[""Cafe""]","1177 Chapel St, New Haven, CT 06511",(475) 234-6912,http://www.gcafebakery.com/,4.5,116.0,$1–10,Closes soon · 4 PM · Opens 7:30 AM Wed,"""Closes soon \u00b7 4\u202fPM \u00b7 Opens 7:30\u202fAM Wed""","{""tuesday"": ""7:30\u202fAM\u20134\u202fPM"", ""wednesday"": ""7:30\u202fAM\u20134\u202fPM"", ""thursday"": ""7:30\u202fAM\u20134\u202fPM"", ""friday"": ""7:30\u202fAM\u20134\u202fPM"", ""saturday"": ""8\u202fAM\u20134\u202fPM"", ""sunday"": ""8\u202fAM\u20134\u202fPM"", ""monday"": ""7:30\u202fAM\u20134\u202fPM""}","{""dine_in"": true, ""takeout"": true, ""delivery"": false}",,https://lh3.googleusercontent.com/gps-proxy/ALd4DhFauOS9mNxbBhww_JKQK8tOskmo9XiWkvunVSBkBN9YusfWjtYWBYc_92RNlJq5DXEqrwgcpYwedDmGAyYs73IKMpDhSzIJKvfKuN_QnGSuuhL_GMKV_Q-wnwt0TQYcRiRlbJHXgZRBe1qYbMmG_CjSnciabLwdFCZQIlKv0kgmus0_tytgxFfk=w1000-h1000-c-n,41.3089684,-72.93341099999999,0.3828,True,3
130794,Yale University,coffee,ChIJF432SrXZ54kROanGLxpFfas,0x89e7d9b54af68d17:0xab7d451a2fc6a939,G Cafe Bakery Ninth Square,Cafe,"[""Cafe"", ""Bakery"", ""Breakfast restaurant""]","Palladium Building, 141 Orange St, New Haven, CT 06510",(475) 238-7164,http://www.gcafebakery.com/,4.5,479.0,$10–20,Closes soon · 4 PM · Opens 7 AM Wed,"""Closes soon \u00b7 4\u202fPM \u00b7 Opens 7\u202fAM Wed""","{""tuesday"": ""7\u202fAM\u20134\u202fPM"", ""wednesday"": ""7\u202fAM\u20134\u202fPM"", ""thursday"": ""7\u202fAM\u20134\u202fPM"", ""friday"": ""7\u202fAM\u20134\u202fPM"", ""saturday"": ""8\u202fAM\u20134\u202fPM"", ""sunday"": ""8\u202fAM\u20134\u202fPM"", ""monday"": ""7\u202fAM\u20134\u202fPM""}","{""dine_in"": true, ""takeout"": true, ""delivery"": false}",,https://lh3.googleusercontent.com/gps-proxy/ALd4DhFPPNAwG7WZFWChKmoDTQ2o0W2lMZo72uSg0I1GLNTZL5c4VwBUVSedR8Ql-eUJRIdPE4HNs_3Bk2575z5yiSHAmnR_AVJVGSRn7d4Yev7b06GCWkcZNvzS3DeLE-BdodrTPnxgtj9nsYFes7VQpHYzDquslBFSlvATpL9dZKWgMoxEJDORZ90C=w1000-h1000-c-n,41.305671,-72.92380519999999,0.4103,True,3
130794,Yale University,coffee,ChIJnX2DoyzZ54kRmdEIVLVhTvc,0x89e7d92ca3837d9d:0xf74e61b55408d199,Common Grounds,Coffee shop,"[""Coffee shop""]","276 York St, New Haven, CT 06511",,https://www.commongrounds.com/,3.3,92.0,$1–10,Open · Closes 7 PM,"""Open \u00b7 Closes 7\u202fPM""","{""tuesday"": ""7\u202fAM\u20137\u202fPM"", ""wednesday"": ""7\u202fAM\u20137\u202fPM"", ""thursday"": ""7\u202fAM\u20137\u202fPM"", ""friday"": ""7\u202fAM\u20137\u202fPM"", ""saturday"": ""9\u202fAM\u20137\u202fPM"", ""sunday"": ""9\u202fAM\u20136\u202fPM"", ""monday"": ""7\u202fAM\u20137\u202fPM""}","{""dine_in"": true, ""takeout"": true, ""delivery"": true}",,https://lh3.googleusercontent.com/gps-cs-s/APNQkAEXDXKcPMuRgHq_N9xgJIH_Wbp4SPd5d4UKjARbngdxJ-T1EAkcJlNjKxxBymQZrl3AjBkv46D1qKmSIAKuBPyMvFTyeYslzIPgsl2KYM0R0fk3l7B7mpQpifb7qFe3FSOvGEzA=w1000-h1000-c-n,41.3111395,-72.9299075,0.1683,True,3
130794,Yale University,coffee,ChIJBdtHC6nZ54kRkk2pJiWGxeQ,0x89e7d9a90b47db05:0xe4c5862526a94d92,Pistachio Cafe 2,Coffee shop,"[""Coffee shop"", ""Breakfast restaurant"", ""Caterer"", ""Cafe"", ""Halal restaurant"", ""Mediterranean restaurant"", ""Middle Eastern restaurant"", ""Sandwich shop"", ""Tea house"", ""Vegetarian restaurant""]","1245 Chapel St, New Haven, CT 06511",(203) 800-4533,https://pistachiocafe.com/pistachiocafe2?utm_source=google,4.2,791.0,,Open · Closes 8:30 PM,"""Open \u00b7 Closes 8:30\u202fPM""","{""tuesday"": ""8:30\u202fAM\u20138:30\u202fPM"", ""wednesday"": ""8:30\u202fAM\u20138:30\u202fPM"", ""thursday"": ""8:30\u202fAM\u20138:30\u202fPM"", ""friday"": ""8:30\u202fAM\u201310:30\u202fPM"", ""saturday"": ""8:30\u202fAM\u201310:30\u202fPM"", ""sunday"": ""8:30\u202fAM\u20138:30\u202fPM"", ""monday"": ""8:30\u202fAM\u20138:30\u202fPM""}","{""dine_in"": true, ""curbside_pickup"": true, ""delivery"": true}",,https://lh3.googleusercontent.com/gps-cs-s/APNQkAGSG4cOrx2RmCV6zJZyP0jS1k0m36FN4sdRj4iu-QFNgLAr9EtpMEG99gwdPPhT6OVTWY4q1XUQORGRmOCjOkkEcNFkQAQI0AvZxm2eihEGZCgIAHtYdWqCQZmexdvlG6Vd0RrpEg=w1000-h1000-c-n,41.3095564,-72.93581379999999,0.4883,True,3
130794,Yale University,coffee,ChIJYSzdI-PZ54kRv6eyFUAqwNg,0x89e7d9e323dd2c61:0xd8c02a4015b2a7bf,Tous Les Jours,Coffee shop,"[""Coffee shop"", ""Breakfast restaurant"", ""Cafe"", ""Cake shop"", ""Bakery"", ""Dessert shop"", ""Pastry shop"", ""Sandwich shop""]","831 Chapel St, New Haven, CT 06510",(203) 745-5639,https://tljus.com/stores/new-haven-831-chapel-st?utm_source=google&utm_medium=gbp&utm_campaign=new-haven,4.4,392.0,$10–20,Open · Closes 8:30 PM,"""Open \u00b7 Closes 8:30\u202fPM""","{""tuesday"": ""7:30\u202fAM\u20138:30\u202fPM"", ""wednesday"": ""7:30\u202fAM\u20138:30\u202fPM"", ""thursday"": ""7:30\u202fAM\u20138:30\u202fPM"", ""friday"": ""7:30\u202fAM\u20138:30\u202fPM"", ""saturday"": ""7:30\u202fAM\u20138:30\u202fPM"", ""sunday"": ""7:30\u202fAM\u20138:30\u202fPM"", ""monday"": ""7:30\u202fAM\u20138:30\u202fPM""}","{""dine_in"": true, ""takeout"": true, ""delivery"": true}",,https://lh3.googleusercontent.com/gps-cs-s/APNQkAHvcfiQiHdl-XennqZKBEwEXTpAeMAz7Ym098a0RNFKQA1BZUcchTGXyqHL0Ta55N1W5BUedk6SYG5EUIdMJIBfyj4o6rMys5os1rFcETEhI7lvMd7tIBPxw4JiCAcQdQIlrmzYO3RXI0oo=w1000-h1000-c-n,41.3059673,-72.9246247,0.3772,True,3
130794,Yale University,coffee,ChIJlReU-UrY54kR8ZtqWryyuI8,0x89e7d84af9941795:0x8fb8b2bc5a6a9bf1,Cedarhurst Cafe,Coffee shop,"[""Coffee shop"", ""Breakfast restaurant"", ""Cafe"", ""Internet cafe"", ""Juice shop""]","44 Crown St, New Haven, CT 06510",(203) 773-0590,http://cedarhurstcafenewhaven.com/,4.3,390.0,$10–20,Closes soon · 4 PM · Opens 7 AM Wed,"""Closes soon \u00b7 4\u202fPM \u00b7 Opens 7\u202fAM Wed""","{""tuesday"": ""7\u202fAM\u20134\u202fPM"", ""wednesday"": ""7\u202fAM\u20134\u202fPM"", ""thursday"": ""7\u202fAM\u20134\u202fPM"", ""friday"": ""7\u202fAM\u20134\u202fPM"", ""saturday"": ""7\u202fAM\u20134\u202fPM"", ""sunday"": ""7\u202fAM\u20134\u202fPM"", ""monday"": ""7\u202fAM\u20134\u202fPM""}","{""dine_in"": true, ""takeout"": true, ""delivery"": true}",Light fare & coffee in neighborhood digs. Eco-chic nook with a homey vibe offering breakfast & lunch along with fair trade coffee & smoothies.,https://lh3.googleusercontent.com/gps-cs-s/APNQkAHH5sNS6EbuYdjL4WuMoIJA85SIplK8Mdr90CnYmiXTgrIto00z1WU3n4LRDufO5dU9PF8UZLJz7OrOG9S37SLHd_KkohwEGtaM9ULowinegO29E8fVOxuEW3BAnlvyPfrx5iB9=w1000-h1000-c-n,41.3038497,-72.9247752,0.5177,True,3
130794,Yale University,coffee,ChIJNZq629TZ54kRM2F1cKoqJ4Q,0x89e7d9d4dbba9a35:0x84272aaa70756133,Life Bowls,Coffee shop,"[""Coffee shop"", ""Breakfast restaurant"", ""Cafe"", ""Health food restaurant"", ""Lunch restaurant"", ""Mobile caterer"", ""Vegan restaurant"", ""Vegetarian restaurant""]","97 Orange St, New Haven, CT 06510",(203) 891-6430,https://lifebowlsct.com/,4.8,97.0,$10–20,Closes soon · 4 PM · Opens 8 AM Wed,"""Closes soon \u00b7 4\u202fPM \u00b7 Opens 8\u202fAM Wed""","{""tuesday"": ""8\u202fAM\u20134\u202fPM"", ""wednesday"": ""8\u202fAM\u20134\u202fPM"", ""thursday"": ""8\u202fAM\u20134\u202fPM"", ""friday"": ""8\u202fAM\u20134\u202fPM"", ""saturday"": ""8\u202fAM\u20134\u202fPM"", ""sunday"": ""Closed"", ""monday"": ""8\u202fAM\u20134\u202fPM""}","{""dine_in"": true, ""takeout"": true, ""delivery"": true}",,https://lh3.googleusercontent.com/gps-cs-s/APNQkAG5zJVBlsuGLnYZesPRD8Ajv_5chesufIfirzz6OEWB1GxMtLTEn-qOUUdtuPIQIc6zMpoBPWfjF04zWFkrkLy7PAoMXvBPRATFEtTgyV3GbrfYFfB1Sa06mMGVp-VWi_VehZuWkg=w1000-h1000-c-n,41.3048653,-72.9245001,0.4524,True,3
130794,Yale University,coffee,ChIJr1GiJjTZ54kRnF-x8N73i5I,0x89e7d93426a251af:0x928bf7def0b15f9c,Havenly,Cafe,"[""Cafe"", ""Middle Eastern restaurant"", ""Non-profit organization""]","25 Temple St, New Haven, CT 06510",(203) 675-0685,http://havenlynhv.org/,4.8,184.0,$10–20,Closed · Opens 9 AM Wed,"""Closed \u00b7 Opens 9\u202fAM Wed""","{""tuesday"": ""9\u202fAM\u20133\u202fPM"", ""wednesday"": ""9\u202fAM\u20133\u202fPM"", ""thursday"": ""9\u202fAM\u20133\u202fPM"", ""friday"": ""9\u202fAM\u20133\u202fPM"", ""saturday"": ""9\u202fAM\u20133\u202fPM"", ""sunday"": ""9\u202fAM\u20133\u202fPM"", ""monday"": ""Closed""}","{""dine_in"": true, ""takeout"": true, ""no_contact_delivery"": true}",,https://lh3.googleusercontent.com/gps-proxy/ALd4DhGael5-viKZCNfLIJR2gWmjIEtyXJ__z-OP5ypZQMfxgnjGMuHjNnnu7HreUH4zrmeapvM3jXc8lpuz362lEYNlG0U7An-2JTtGnUef8NBcHNa7a-89z5JaoxFrfoSgyS2wIVxeOfUz5ZInPhndPXeTF2sKjjPJaOF2YNRsh6_I2zHTLcoMWZIlMA=w1000-h1000-c-n,41.3047814,-72.9281204,0.4504,True,3
130794,Yale University,coffee,ChIJUYSsfQDZ54kRRYqyLQKdr2w,0x89e7d9007dac8451:0x6caf9d022db28a45,Bora Bora Smoothie Cafe - New Haven,Coffee shop,"[""Coffee shop"", ""Breakfast restaurant"", ""Chocolate cafe"", ""Bakery"", ""Creperie"", ""Health food restaurant"", ""Ice cream shop"", ""Juice shop"", ""Sandwich shop""]","91 Church St, New Haven, CT 06510",(475) 372-5036,https://boraborausa.com/,4.6,146.0,$10–20,Open · Closes 12 AM,"""Open \u00b7 Closes 12\u202fAM""","{""tuesday"": ""8\u202fAM\u201312\u202fAM"", ""wednesday"": ""8\u202fAM\u201312\u202fAM"", ""thursday"": ""8\u202fAM\u201312\u202fAM"", ""friday"": ""8\u202fAM\u20132\u202fAM"", ""saturday"": ""8\u202fAM\u20132\u202fAM"", ""sunday"": ""8\u202fAM\u201312\u202fAM"", ""monday"": ""8\u202fAM\u201312\u202fAM""}","{""dine_in"": true, ""curbside_pickup"": true, ""no_contact_delivery"": true}",,https://lh3.googleusercontent.com/gps-proxy/ALd4DhHv8LMWG458WIM1PLjeeJMfVb0w_Ch0Jz7tqH5QvCa_SDEHfWB8cieLIgDVduLlpvg7l8qSleRvS8sVN5pXZP7nShmUBDkqw20faR_xWj2vJBBBi-mzk_LoEpZz4eZcB22D-woiiNrsJhgMSmZ4vSqyzYP6wZKHW44NiHjOEwUltAGGHgJEmhE=w1000-h1000-c-n,41.3055701,-72.9259596,0.3912,True,3
130794,Yale University,coffee,ChIJw89qdrjZ54kRWidAX6MK7XE,0x89e7d9b8766acfc3:0x71ed0aa35f40275a,Steep (formerly KBT Café),Cafe,"[""Cafe""]","Kline Biology Tower, 219 Prospect St, New Haven, CT 06511",,,4.2,34.0,$1–10,Closed · Opens 8 AM Wed,"""Closed \u00b7 Opens 8\u202fAM Wed""","{""tuesday"": ""8\u202fAM\u20133\u202fPM"", ""wednesday"": ""8\u202fAM\u20133\u202fPM"", ""thursday"": ""8\u202fAM\u20133\u202fPM"", ""friday"": ""8\u202fAM\u20133\u202fPM"", ""saturday"": ""Closed"", ""sunday"": ""Closed"", ""monday"": ""8\u202fAM\u20133\u202fPM""}","{""dine_in"": true, ""takeout"": true, ""delivery"": false}",,https://lh3.googleusercontent.com/gps-cs-s/APNQkAEoMI4fAFAJMwfxyBzr_p4ya3ZrkM1iyOB-lgMsMS_hotuwyd_T-5KrxZYmHtc_2-rTkpbQO93nfFTozdJXfq-gOTEdjvag_rIKJw9QRYFtC8rEy6YcMJdAhYnq4D_FMh---BjU-w=w1000-h1000-c-n,41.3172208,-72.92226889999999,0.474,True,3
130794,Yale University,coffee,ChIJMyCK8s_Z54kROqCWsmBkWVw,0x89e7d9cff28a2033:0x5c596460b296a03a,Common Grounds,Coffee shop,"[""Coffee shop""]","320 Congress Ave, New Haven, CT 06519",(203) 390-5973,http://www.commongrounds.com/,3.7,45.0,$1–10,Open · Closes 6 PM,"""Open \u00b7 Closes 6\u202fPM""","{""tuesday"": ""7\u202fAM\u20136\u202fPM"", ""wednesday"": ""7\u202fAM\u20136\u202fPM"", ""thursday"": ""7\u202fAM\u20136\u202fPM"", ""friday"": ""7\u202fAM\u20136\u202fPM"", ""saturday"": ""8\u202fAM\u20134\u202fPM"", ""sunday"": ""Closed"", ""monday"": ""7\u202fAM\u20136\u202fPM""}","{""dine_in"": true, ""takeout"": true, ""delivery"": true}",,https://lh3.googleusercontent.com/gps-proxy/ALd4DhF0odsL16ezoQNF6g1DaYF40nj-zfV6D8dKprG6SFzuihTfgRdZlNrJdYsiHwAY__ZszoMRBbJHbUvyQMycYtjJX7l1VHEvEJA3BZzWup77BPIHO5HMYlJXFyaZS_K0iDYGiaXQSmznZChD5g3q0jqVszYaUWgqO5Aw48WvFCF-ZTnof-j3P6EE=w1000-h1000-c-n,41.3017902,-72.9332062,0.7339,True,3
130794,Yale University,coffee,ChIJMU1E1pTZ54kRCmdONHLW008,0x89e7d994d6444d31:0x4fd3d672344e670a,Coffee Mart -Midpoint Coffee Brewers,Cafe,"[""Cafe""]","248 Crown St, New Haven, CT 06511",(774) 433-6295,,,,,Open · Closes 10 PM,"""Open \u00b7 Closes 10\u202fPM""","{""tuesday"": ""8\u202fAM\u201310\u202fPM"", ""wednesday"": ""8\u202fAM\u201310\u202fPM"", ""thursday"": ""8\u202fAM\u201310\u202fPM"", ""friday"": ""8\u202fAM\u201310\u202fPM"", ""saturday"": ""8\u202fAM\u201310\u202fPM"", ""sunday"": ""9\u202fAM\u20139\u202fPM"", ""monday"": ""8\u202fAM\u201310\u202fPM""}","{""dine_in"": true, ""curbside_pickup"": true, ""no_contact_delivery"": true}",,https://lh3.googleusercontent.com/gps-cs-s/APNQkAEFemXioHwzO5Zfxc-QFatVFznizNGoNNE5a5gkWMT0kn18HD9f9rcr67PfoWXuRWX8CRPUfFaGUfy1ca9L4djYYPa62sAGQ_vXduvuryCJOAVL5lo82OBIBsQGf6eITmX29_EX=w1000-h1000-c-n,41.306053,-72.930127,0.3989,True,3
130794,Yale University,coffee,ChIJ3_K16DfZ54kRsl18tHpMTgk,0x89e7d937e8b5f2df:0x94e4c7ab47c5db2,SoBol New Haven,Cafe,"[""Cafe""]","320 Congress Ave, New Haven, CT 06519",(475) 235-6800,http://www.mysobol.com/,4.4,117.0,$10–20,Open · Closes 8 PM,"""Open \u00b7 Closes 8\u202fPM""","{""tuesday"": ""8\u202fAM\u20138\u202fPM"", ""wednesday"": ""8\u202fAM\u20138\u202fPM"", ""thursday"": ""8\u202fAM\u20138\u202fPM"", ""friday"": ""8\u202fAM\u20138\u202fPM"", ""saturday"": ""8\u202fAM\u20136\u202fPM"", ""sunday"": ""8\u202fAM\u20136\u202fPM"", ""monday"": ""8\u202fAM\u20138\u202fPM""}","{""dine_in"": true, ""takeout"": true, ""no_contact_delivery"": true}",,https://lh3.googleusercontent.com/gps-cs-s/APNQkAGEDTvd3u6baRtm2AfKRlwbAUrwE1tL6f8nYLgatsyBDl8GrcWqg24Z3SapjepbzB9myFtYI-SN3dYHcKDFDiRg3lwjcZM1v_F27BpjPyAXOLujRzzc5OLB0NEt6bgjpvOxgS2fyw=w1000-h1000-c-n,41.3017902,-72.9332062,0.7339,True,3
130794,Yale University,coffee,ChIJXwnpNLLZ54kRUKe0cbkFEpI,0x89e7d9b234e9095f:0x921205b971b4a750,Maison B Café,Belgian restaurant,"[""Belgian restaurant"", ""Bakery"", ""Breakfast restaurant"", ""Restaurant""]","304 Elm St, New Haven, CT 06511",(203) 752-9779,http://maisonbcafe.com/,3.7,894.0,$10–20,Open · Closes 7 PM,"""Open \u00b7 Closes 7\u202fPM""","{""tuesday"": ""8\u202fAM\u20137\u202fPM"", ""wednesday"": ""8\u202fAM\u20137\u202fPM"", ""thursday"": ""8\u202fAM\u20137\u202fPM"", ""friday"": ""8\u202fAM\u20137\u202fPM"", ""saturday"": ""8\u202fAM\u20137\u202fPM"", ""sunday"": ""8\u202fAM\u20136\u202fPM"", ""monday"": ""8\u202fAM\u20137\u202fPM""}","{""dine_in"": true, ""takeout"": true, ""delivery"": false}","Belgian bakery & cafe in a stylish space. Modern-chic Belgian bakery & cafe with classic eats, plus espresso, pressed juices & imported beer.",https://lh3.googleusercontent.com/gps-cs-s/APNQkAFzJDORRXyvUVAToAGv1sl619EO6YSmw7XwFH90c6Z5zR3Vb1t5av9USSW3cPO8yyE1VgCyikKSnEQm26p1z2rbmEsM6fgscYWhMLuT_rhA9LBP0k-w1o8zKU4S4B_QzfBK5iHhZw=w1000-h1000-c-n,41.3110687,-72.93139819999999,0.2458,True,3
130794,Yale University,coffee,ChIJpW-L0kPZ54kRlKBAUlFen1o,0x89e7d943d28b6fa5:0x5a9f5e515240a094,Amo’s Cafe,Coffee shop,"[""Coffee shop""]","754 Chapel St, New Haven, CT 06510",(860) 999-5202,https://amoscafe.com/,,,,,{},{},"{""dine_in"": true, ""takeout"": true}",,https://streetviewpixels-pa.googleapis.com/v1/thumbnail?panoid=c-3xmsLXUGEE-JvY1T5z3Q&cb_client=search.gws-prod.gps&w=80&h=92&yaw=197.3847&pitch=0&thumbfov=100,41.3047581,-72.9233544,0.4776,True,3
130794,Yale University,coffee,ChIJ4SXBO7PZ54kRiILYNbZjKqg,0x89e7d9b33bc125e1:0xa82a63b635d88288,Starbucks Coffee Company,Coffee shop,"[""Coffee shop"", ""Breakfast restaurant"", ""Cafe"", ""Coffee store"", ""Espresso bar"", ""Internet cafe""]","1068-1070 Chapel St, New Haven, CT 06510",(203) 624-3361,https://www.starbucks.com/store-locator/store/12296/,3.9,753.0,$1–10,Open · Closes 9 PM,"""Open \u00b7 Closes 9\u202fPM""","{""tuesday"": ""5:30\u202fAM\u20139\u202fPM"", ""wednesday"": ""5:30\u202fAM\u20139\u202fPM"", ""thursday"": ""5:30\u202fAM\u20139\u202fPM"", ""friday"": ""5:30\u202fAM\u20139\u202fPM"", ""saturday"": ""5:30\u202fAM\u20139\u202fPM"", ""sunday"": ""5:30\u202fAM\u20139\u202fPM"", ""monday"": ""5:30\u202fAM\u20139\u202fPM""}","{""dine_in"": true, ""takeout"": true, ""delivery"": true}","Iconic coffeehouse chain. Welcoming coffeehouse with handcrafted coffee, espresso & tea, plus breakfast, lunch & pastries.",https://lh3.googleusercontent.com/gps-cs-s/APNQkAHhFNzh1ZkAG5yNv-h4IZxKSTas-r-GHtMArNpWFgIjIUm_tHt7hxTd-X988umQJ7k6j0-WjbnZqDrjn3QzpVN8QbkbqQA3AwHsu4W5hyFlx2fK8mmjH1p8Yn8MXiLjX1YTW-dVew=w1000-h1000-c-n,41.30778,-72.93025999999999,0.3015,True,3
130794,Yale University,coffee,ChIJqxoekaDZ54kR-ItoWK2BuI8,0x89e7d9a0911e1aab:0x8fb881ad58688bf8,Moka & Co,Coffee shop,"[""Coffee shop""]","89 Church St, New Haven, CT 06510",,https://www.mokanco.com/,,,,,{},{},"{""dine_in"": true}",,https://streetviewpixels-pa.googleapis.com/v1/thumbnail?panoid=fogqo31UMfdzabHSA9LBrg&cb_client=search.gws-prod.gps&w=80&h=92&yaw=124.276794&pitch=0&thumbfov=100,41.3053728,-72.9259105,0.405,True,3
130794,Yale University,coffee,ChIJrT73i6LZ54kRYscGK_LfMZ8,0x89e7d9a28bf73ead:0x9f31dff22b06c762,Ricotta New Haven - Kosher Dairy Restaurant,Coffee shop,"[""Coffee shop"", ""Bakery"", ""Catering food and drink supplier"", ""Kosher restaurant"", ""Falafel restaurant"", ""Ice cream shop"", ""Middle Eastern restaurant"", ""Pizza delivery"", ""Pizza restaurant"", ""Sushi restaurant""]","1203 Chapel St, New Haven, CT 06511",(203) 745-4181,https://www.ricotta-kosher.com/,4.5,214.0,$10–20,Open · Closes 8 PM,"""Open \u00b7 Closes 8\u202fPM""","{""tuesday"": ""10\u202fAM\u20138\u202fPM"", ""wednesday"": ""10\u202fAM\u20138\u202fPM"", ""thursday"": ""10\u202fAM\u20138\u202fPM"", ""friday"": ""9\u202fAM\u20132\u202fPM"", ""saturday"": ""6\u201311\u202fPM"", ""sunday"": ""10\u202fAM\u20138\u202fPM"", ""monday"": ""10\u202fAM\u20138\u202fPM""}","{""dine_in"": true, ""curbside_pickup"": true, ""no_contact_delivery"": true}",,https://lh3.googleusercontent.com/gps-proxy/ALd4DhEb68TIGLpqMU51_VTnSUgERtIHNAMVdPc57dgHpMVI4clev9_pmJvqiSWAAQ40-yA0MK8yjkeuMQIXoS1ahwL52O0uli-dAAfz3TUa8CuwTf-GEAPIK4DjRDsPmTWnKFlTet4vH20RhL0IoQUNUOgN8LwYbRh93adst9xhmfifAvsaqQfHzCnx=w1000-h1000-c-n,41.3093026,-72.93460189999999,0.4324,True,3
144050,University of Chicago,coffee,ChIJZVIXn64pDogRUz8L8JafAdc,0x880e29ae9f175265:0xd7019f96f00b3f53,TrueNorth Cafe Hyde Park,Coffee shop,"[""Coffee shop"", ""Restaurant""]","1323 E 57th St, Chicago, IL 60637",(773) 538-7372,http://www.truenorthchicago.com/,4.0,144.0,$1–10,Open · Closes 4 PM,"""Open \u00b7 Closes 4\u202fPM""","{""tuesday"": ""7:30\u202fAM\u20134\u202fPM"", ""wednesday"": ""7:30\u202fAM\u20134\u202fPM"", ""thursday"": ""7:30\u202fAM\u20134\u202fPM"", ""friday"": ""7:30\u202fAM\u20134\u202fPM"", ""saturday"": ""7:30\u202fAM\u20134\u202fPM"", ""sunday"": ""7:30\u202fAM\u20134\u202fPM"", ""monday"": ""7:30\u202fAM\u20134\u202fPM""}","{""dine_in"": true, ""curbside_pickup"": true, ""no_contact_delivery"": true}",,https://lh3.googleusercontent.com/gps-cs-s/APNQkAFSJiuuh_aTwnu_hwcnxOy6Hnk0l8UIOoWzAOC2GYTpjHCeWlur1od8Lu9dh6TKOvuPVV0IKC7N_LNkaDyMxLBGGOx0KdLoT2WX84bAVn4fUBMjjaUmjg8pkUVP9gXE0Sq_9lvY=w1000-h1000-c-n,41.7913733,-87.5938444,0.3605,True,3
144050,University of Chicago,coffee,ChIJc0OXzT0pDogRS69W6QZ0RFw,0x880e293dcd974373:0x5c447406e956af4b,Cobb Coffee Shop,Coffee shop,"[""Coffee shop""]","S Ellis Ave, Chicago, IL 60637",(773) 702-9236,https://college.uchicago.edu/news/student-stories/college-cup-cobb-cafe,4.1,40.0,$,Open · Closes 4:30 PM,"""Open \u00b7 Closes 4:30\u202fPM""","{""tuesday"": ""7\u202fAM\u20134:30\u202fPM"", ""wednesday"": ""7\u202fAM\u20134:30\u202fPM"", ""thursday"": ""7\u202fAM\u20134:30\u202fPM"", ""friday"": ""7\u202fAM\u20134:30\u202fPM"", ""saturday"": ""Closed"", ""sunday"": ""Closed"", ""monday"": ""7\u202fAM\u20134:30\u202fPM""}","{""dine_in"": true, ""takeout"": true, ""delivery"": false}",Student-run coffee shop with breakfast. Simple student coffee shop serving breakfast in the basement of a university lecture hall.,https://lh3.googleusercontent.com/gps-cs-s/APNQkAHKSMw5Iw-p4AzyoByuC3kcqbRsTy4IMotNfqjTJtdtRQ183VGlZgKGfMTiS48hAoJJXW0iMMeHqSTeGDyzJzjrKapB4vxItubGDRZjy5PrnyllIgWlRf1kA0wJFAbB5R9KSORaEiqsm1Y=w1000-h1000-c-n,41.7889968,-87.6009516,0.1611,True,3
144050,University of Chicago,coffee,ChIJcTTei3opDogRMjFdN-eJb-w,0x880e297a8bde3471:0xec6f89e7375d3132,Fairgrounds Coffee & Tea,Coffee shop,"[""Coffee shop"", ""Cafe""]","5500a S University Ave, Chicago, IL 60637",(773) 896-6162,https://www.fairgrounds.cafe/,3.8,116.0,$10–20,Open · Closes 6 PM,"""Open \u00b7 Closes 6\u202fPM""","{""tuesday"": ""6:30\u202fAM\u20136\u202fPM"", ""wednesday"": ""6:30\u202fAM\u20136\u202fPM"", ""thursday"": ""6:30\u202fAM\u20136\u202fPM"", ""friday"": ""6:30\u202fAM\u20136\u202fPM"", ""saturday"": ""6:30\u202fAM\u20135\u202fPM"", ""sunday"": ""6:30\u202fAM\u20135\u202fPM"", ""monday"": ""6:30\u202fAM\u20136\u202fPM""}","{""dine_in"": true, ""takeout"": true, ""no_contact_delivery"": true}","Trendy coffee shop with light fare. Hip cafe offering sandwiches, salads & local pastries, plus craft coffee, tea & matcha.",https://lh3.googleusercontent.com/gps-proxy/ALd4DhH1E2hIiGnfbejwpila5L64G0i5H471KOz9XFnUe91KE7Nfp_hc9HwySmvkuutY7w4Ry8Zq60YQz1K5_e81Jz20ZUO837ecmmEdboYmcjy8bOJv_E8vt9HrFL6a2V-mFNEUEeLd0A8rbq71QJBs5zWV678xfQoZaCalcRWnThlGTyx8RBfPGyOu=w1000-h1000-c-n,41.7943969,-87.5987418,0.2381,True,3
144050,University of Chicago,coffee,ChIJq9iZ9j4pDogRAmHhY3V6HwQ,0x880e293ef699d8ab:0x41f7a7563e16102,Quantum Cafe,Cafe,"[""Cafe""]","Eckhardt, 5640 S Ellis Ave, Chicago, IL 60637",,https://dining.uchicago.edu/,4.2,38.0,$10–20,Closes soon · 3 PM · Opens 8 AM Wed,"""Closes soon \u00b7 3\u202fPM \u00b7 Opens 8\u202fAM Wed""","{""tuesday"": ""8\u202fAM\u20133\u202fPM"", ""wednesday"": ""8\u202fAM\u20133\u202fPM"", ""thursday"": ""8\u202fAM\u20133\u202fPM"", ""friday"": ""8\u202fAM\u20133\u202fPM"", ""saturday"": ""Closed"", ""sunday"": ""Closed"", ""monday"": ""8\u202fAM\u20133\u202fPM""}","{""dine_in"": true, ""takeout"": true, ""delivery"": false}",,https://lh3.googleusercontent.com/gps-cs-s/APNQkAHYgQMOWAyNCKaRe4inp8c7ZYy4i6hy5VnmQMXw2PW7yu3CBk3WPCuGTsafv1xpniedQtq22i8tILLtOiLf6ezus-E7gj6tkg-O8J3UoDcVNgNLcirDfZ2PFZlVV5-ds3OOj-t4=w1000-h1000-c-n,41.7919972,-87.60157509999999,0.0597,True,3
144050,University of Chicago,coffee,ChIJXQEjNQApDogRERUPQEKueNg,0x880e29003523015d:0xd878ae42400f1511,La Boulangerie & Co Hyde Park,Cafe,"[""Cafe"", ""Bakery"", ""French restaurant""]","1550 E 55th St, Chicago, IL 60615",(773) 241-6706,https://laboulangerieandco.com/,4.0,167.0,$10–20,Open · Closes 5 PM,"""Open \u00b7 Closes 5\u202fPM""","{""tuesday"": ""8\u202fAM\u20135\u202fPM"", ""wednesday"": ""8\u202fAM\u20135\u202fPM"", ""thursday"": ""8\u202fAM\u20135\u202fPM"", ""friday"": ""8\u202fAM\u20135\u202fPM"", ""saturday"": ""8\u202fAM\u20133\u202fPM"", ""sunday"": ""8\u202fAM\u20133\u202fPM"", ""monday"": ""8\u202fAM\u20135\u202fPM""}","{""dine_in"": true, ""takeout"": true, ""delivery"": true}",,https://lh3.googleusercontent.com/gps-proxy/ALd4DhH6qISpk6IHq8HG9eDt-j8Cmy-HpRq-foyjcy5k520IpMIB8JQGoeesFnCpmn0D9ZRvyLOoajkudNX_sKphceyHlifBAoVaPzBbW7GJ2v788-4f4Cu3ZlLQuZMjBsRsKSLk7MkQPl6x-rkpm0Lyq1m_7dUCaJIz_j5pvREB3LVx7v_ijB33vED5=w1000-h1000-c-n,41.7953513,-87.5882549,0.7055,True,3
144050,University of Chicago,coffee,ChIJEz7PqiQpDogRbDll84M9lsA,0x880e2924aacf3e13:0xc0963d83f365396c,Café Logan,Coffee shop,"[""Coffee shop""]","Logan Center for the Arts, E 60th St, Chicago, IL 60637",(773) 702-2787,https://arts.uchicago.edu/content/caf%C3%A9-logan,4.0,82.0,$1–10,Open · Closes 7:30 PM,"""Open \u00b7 Closes 7:30\u202fPM""","{""tuesday"": ""8\u202fAM\u20137:30\u202fPM"", ""wednesday"": ""8\u202fAM\u20137:30\u202fPM"", ""thursday"": ""8\u202fAM\u20137:30\u202fPM"", ""friday"": ""8\u202fAM\u20138\u202fPM"", ""saturday"": ""12\u20136\u202fPM"", ""sunday"": ""12\u20134\u202fPM"", ""monday"": ""8\u202fAM\u20137:30\u202fPM""}","{""dine_in"": true, ""takeout"": true, ""delivery"": false}","Mod spot for seasonal light fare & beer. Sleek cafe with a seasonal menu of wraps, sandwiches, salads & small plates, plus craft beer & wine.",https://lh3.googleusercontent.com/gps-cs-s/APNQkAEo3ZI_xUqzkFlH2Ym7EcgZ6dcQJF2CpwrFAQUvHgFxINgE5j1xHAbNvQZaDAYZvryHn7j4dLYWZE7yu4CYi0uP0HUSsIMsOyofUnflzr0AAkPGw6gslFpqDgRQTZiRG-C9zLjqJg=w1000-h1000-c-n,41.7856906,-87.6035428,0.4136,True,3
144050,University of Chicago,coffee,ChIJI20WrWopDogRyK2Rfm8VT6U,0x880e296aad166d23:0xa54f156f7e91adc8,TE'AMO Boba & Dessert - Hyde Park,Coffee shop,"[""Coffee shop"", ""Cake shop"", ""Bubble tea store"", ""Dessert shop"", ""Donut shop"", ""Ice cream shop""]","1115 E 55th St, Chicago, IL 60615",(312) 622-9292,http://www.teamobobabar.com/,4.2,406.0,$$,Open · Closes 8 PM,"""Open \u00b7 Closes 8\u202fPM""","{""tuesday"": ""12\u20138\u202fPM"", ""wednesday"": ""12\u20138\u202fPM"", ""thursday"": ""12\u20138\u202fPM"", ""friday"": ""12\u20138\u202fPM"", ""saturday"": ""12\u20138\u202fPM"", ""sunday"": ""12\u20138\u202fPM"", ""monday"": ""12\u20138\u202fPM""}","{""dine_in"": true, ""takeout"": true, ""delivery"": true}","Minimalist stop for bubble tea drinks. Airy, modern stop for Asian bubble tea beverages in many flavors, plus smoothies & sweets.",https://lh3.googleusercontent.com/gps-cs-s/APNQkAHHDAFzvRYNU-cvuTS3juk1cU523DcrlVAJPGWZA23bWHe622C-1k4hd-wS92J9D527Rj4cMtu5mDFqCRWaLp6JC5tkZCkhqa1Ph9cOdHekNfhjFcFMBR4fCEUxwDbpnhP1oRya=w1000-h1000-c-n,41.7948852,-87.5989858,0.2638,True,3
144050,University of Chicago,coffee,ChIJFeDf7RUpDogRNw2q5iwKnnA,0x880e2915eddfe015:0x709e0a2ce6aa0d37,Pret A Manger,Coffee shop,"[""Coffee shop"", ""Breakfast restaurant"", ""Sandwich shop"", ""Lunch restaurant"", ""Pastry shop"", ""Salad shop""]","5706 S University Ave, Chicago, IL 60637",(773) 702-6745,https://www.pret.com/en-US/shop-finder/l/chicago/5706-s-university-ave/10619,4.1,95.0,$10–20,Open · Closes 11 PM,"""Open \u00b7 Closes 11\u202fPM""","{""tuesday"": ""8\u202fAM\u201311\u202fPM"", ""wednesday"": ""8\u202fAM\u201311\u202fPM"", ""thursday"": ""8\u202fAM\u201311\u202fPM"", ""friday"": ""8\u202fAM\u201311\u202fPM"", ""saturday"": ""Closed"", ""sunday"": ""Closed"", ""monday"": ""8\u202fAM\u201311\u202fPM""}","{""dine_in"": true, ""takeout"": true, ""delivery"": false}","Ready-made sandwich & breakfast chain. Counter-serve chain for ready-made sandwiches plus breakfast, coffee, soups & salads.",https://lh3.googleusercontent.com/gps-cs-s/APNQkAGZziJHHM0MWCNT_yszcwLV-gCTPrkQiA8xhAj4m6cBQn6DN1NQROKxfLq5wPSl2vaHyG5jvJH175dHN_A47rgXrdjnFCGE8UOZVoUrEsKJ7ssTLNZXxbEoVrsWOHXDchn17wOWCw=w1000-h1000-c-n,41.791178,-87.5987644,0.1075,True,3
144050,University of Chicago,coffee,ChIJw2VRcBYpDogRDi-lIuOFncg,0x880e2916705165c3:0xc89d85e322a52f0e,Starbucks Coffee Company,Coffee shop,"[""Coffee shop"", ""Cafe"", ""Coffee store"", ""Espresso bar""]","5757 S University Ave, Chicago, IL 60637",(773) 702-5760,https://www.starbucks.com/store-locator/store/1009786,2.7,43.0,$1–10,Open · Closes 6 PM,"""Open \u00b7 Closes 6\u202fPM""","{""tuesday"": ""7\u202fAM\u20136\u202fPM"", ""wednesday"": ""7\u202fAM\u20136\u202fPM"", ""thursday"": ""7\u202fAM\u20136\u202fPM"", ""friday"": ""7\u202fAM\u20136\u202fPM"", ""saturday"": ""Closed"", ""sunday"": ""Closed"", ""monday"": ""7\u202fAM\u20136\u202fPM""}","{""dine_in"": true, ""drive_through"": true, ""delivery"": false}","Iconic coffeehouse chain. Welcoming coffeehouse with handcrafted coffee, espresso & tea, plus breakfast, lunch & pastries.",https://lh3.googleusercontent.com/gps-cs-s/APNQkAEmtnw8jLmA5rR8BCd9KsuxccnvV-11c7IQvjvhpWumijjTCEyIFCtwycqSJB-hB6wcukYXqB5GmtQEWut1daFwKTqnB6mqCuZ9HGX7LB0XrECn1KGY-si0sQB29_dWTjWVzd_GTyw57jtu=w1000-h1000-c-n,41.78983,-87.59715,0.2165,True,3
144050,University of Chicago,coffee,ChIJwZgijBUpDogR5grx29NWWSw,0x880e29158c2298c1:0x2c5956d3dbf10ae6,Maroon Market,Coffee shop,"[""Coffee shop"", ""Convenience store"", ""Grocery store"", ""Insurance agency"", ""Store""]","Bartlett Dining Commons, Chicago, IL 60637",(773) 834-8642,http://www.campusdish.com/en-US/CSMW/UnivofChicago/Restaurants/MaroonMarket.htm,3.4,14.0,,Open · Closes 1 AM,"""Open \u00b7 Closes 1\u202fAM""","{""tuesday"": ""10\u202fAM\u20131\u202fAM"", ""wednesday"": ""10\u202fAM\u20131\u202fAM"", ""thursday"": ""10\u202fAM\u20131\u202fAM"", ""friday"": ""10\u202fAM\u20131\u202fAM"", ""saturday"": ""10\u202fAM\u20131\u202fAM"", ""sunday"": ""10\u202fAM\u20131\u202fAM"", ""monday"": ""10\u202fAM\u20131\u202fAM""}","{""in_store_shopping"": true}",,https://lh3.googleusercontent.com/gps-cs-s/APNQkAGXQZfmlRYvHSnNLpw5VLnNIUaWV2BVfhwQJo5NrnvKhsoUctvOLwNrSYD7onSylQq-utb_AgxFyGZKuoX3L4p64TWgOSMZR-M4HRiQUcdIUz5uFTC3KkYn6fNWfaB-K8GcsAdabMjRKQNe=w1000-h1000-c-n,41.7919731,-87.5985031,0.1285,True,3
144050,University of Chicago,coffee,ChIJHSEYd2UpDogRpLi_6-n7w2I,0x880e29657718211d:0x62c3fbe9ebbfb8a4,Panera Bread,Coffee shop,"[""Coffee shop"", ""Bakery"", ""Breakfast restaurant"", ""Caterer"", ""Cafe"", ""Takeout Restaurant"", ""Salad shop"", ""Sandwich shop"", ""Soup restaurant""]","5815 S Maryland Ave, Chicago, IL 60637",(312) 761-4948,https://www.panerabread.com/en-us/cafe/locations/il/chicago/5815-s-maryland-ave?utm_medium=local&utm_source=google&utm_campaign=dpm-dist&utm_term=606183&utm_content=main,3.4,129.0,$10–20,Open 24 hours,"""Open 24 hours""","{""tuesday"": ""Open 24 hours"", ""wednesday"": ""Open 24 hours"", ""thursday"": ""Open 24 hours"", ""friday"": ""Open 24 hours"", ""saturday"": ""Open 24 hours"", ""sunday"": ""Open 24 hours"", ""monday"": ""Open 24 hours""}","{""dine_in"": true, ""takeout"": true, ""no_contact_delivery"": true}","Bakery/cafe chain with free WiFi. Counter-serve bakery/cafe chain serving sandwiches, salads & more, known for its bread & free WiFi.",https://lh3.googleusercontent.com/gps-cs-s/APNQkAE1FHwpzYi2SmGEFgHoJ1d6WcGQ9JyorCl_njKdbOGfH9MX_vX5sITa8W5K5jII3dbjh5DmYi11MHA0yUNYbrJ6Hi2_d81Dx7Xc9jy1QYPueDpL_YhIdgCebOSiblUVajFCuN6n=w1000-h1000-c-n,41.7891407,-87.60412579999999,0.2268,True,3
198419,Duke University,coffee,ChIJfRCzMXjnrIkRv9OV3en5yaY,0x89ace77831b3107d:0xa6c9f9e9dd95d3bf,Bseisu Coffee Bar,Coffee shop,"[""Coffee shop""]","534 Research Dr, Durham, NC 27705",,,5.0,9.0,$1–10,Closed · Opens 8 AM Wed,"""Closed \u00b7 Opens 8\u202fAM Wed""","{""tuesday"": ""8\u202fAM\u20133\u202fPM"", ""wednesday"": ""8\u202fAM\u20133\u202fPM"", ""thursday"": ""8\u202fAM\u20133\u202fPM"", ""friday"": ""8\u202fAM\u20133\u202fPM"", ""saturday"": ""Closed"", ""sunday"": ""Closed"", ""monday"": ""8\u202fAM\u20133\u202fPM""}","{""dine_in"": true, ""takeout"": true, ""delivery"": false}",,https://lh3.googleusercontent.com/gps-cs-s/APNQkAFOpQ61ZGkod29kphFyF72NwQItYDVMjLzteqi2iKLPAKNERcZow3vn_xCCofuA3Me_apyJizT-akQktuzO7DKqDGI17d4wvlY_vYp2DmKVqkqdE9BbXWRGlmiFeBBsfh8SH75yzA=w1000-h1000-c-n,36.0034587,-78.9381567,0.409,True,3
198419,Duke University,coffee,ChIJnycfta_mrIkR72dB4XnASZ0,0x89ace6afb51f279f:0x9d49c079e14167ef,Saladelia - Perkins Library @ Duke,Coffee shop,"[""Coffee shop"", ""Cafe""]","411 Chapel Dr, Durham, NC 27705",(919) 684-2049,https://studentaffairs.duke.edu/dining/venues-and-menus/perk,4.2,76.0,$1–10,Open · Closes 10 PM,"""Open \u00b7 Closes 10\u202fPM""","{""tuesday"": ""8\u202fAM\u201310\u202fPM"", ""wednesday"": ""8\u202fAM\u201310\u202fPM"", ""thursday"": ""8\u202fAM\u201310\u202fPM"", ""friday"": ""8\u202fAM\u20135\u202fPM"", ""saturday"": ""12\u20135\u202fPM"", ""sunday"": ""12\u201310\u202fPM"", ""monday"": ""8\u202fAM\u201310\u202fPM""}","{""dine_in"": true, ""takeout"": true, ""delivery"": false}","Mediterranean food, pastries & coffee. Cafe & coffee bar offering traditional Mediterranean fare, housemade baked goods & weekend brunch.",https://lh3.googleusercontent.com/gps-cs-s/APNQkAFr70WGQbpa3P2Qvq6vYUOXBUEGiXF1eF-F06cDzLA8-8f1jF3sdjOO2ZzbOCkGzvPHx9XGCvPFkxs-R8WBrZEnMNFa0S4KwDsmNESWdKULYZuWyI-vKAu87AZYZmpu9OqulSyq=w1000-h1000-c-n,36.0022324,-78.93833029999999,0.3596,True,3
198419,Duke University,coffee,ChIJf8Jz3HPnrIkRWIpJLfcDMCo,0x89ace773dc73c27f:0x2a3003f72d498a58,Duke Cafe - BrodHead Center @ Duke,Coffee shop,"[""Coffee shop"", ""Cafe""]","416 Chapel Dr, Durham, NC 27710",,https://studentaffairs.duke.edu/dining/cafe,4.3,24.0,$10–20,Open · Closes 9 PM,"""Open \u00b7 Closes 9\u202fPM""","{""tuesday"": ""7\u202fAM\u20139\u202fPM"", ""wednesday"": ""7\u202fAM\u20139\u202fPM"", ""thursday"": ""7\u202fAM\u20139\u202fPM"", ""friday"": ""7\u202fAM\u20139\u202fPM"", ""saturday"": ""8\u202fAM\u20139\u202fPM"", ""sunday"": ""8\u202fAM\u20139\u202fPM"", ""monday"": ""7\u202fAM\u20139\u202fPM""}","{""dine_in"": true, ""takeout"": true, ""delivery"": false}",,https://lh3.googleusercontent.com/gps-cs-s/APNQkAFVUEQ9MalmDDRf6vDEHc-CsJcObpj-0MRfLx97wBi2STnaX_UXnscsmllHr_-koLnSSaZnfWhJrcl0oVvAmBC38hX2r78a-90BUruYTJ-JQN39K5_ZzRTKqKlCBgEJ2z4v3QwZRg=w1000-h1000-c-n,36.0007846,-78.9391218,0.2888,True,3
198419,Duke University,coffee,ChIJaanEbrrmrIkRaiN6TtgzzWk,0x89ace6ba6ec4a969:0x69cd33d84e7a236a,Saladelia - Sanford School of Public Policy @ Duke,Coffee shop,"[""Coffee shop"", ""Cafe""]","201 Science Dr, Durham, NC 27705",,https://www.saladelia.com/location/saladelia-sanford/,5.0,3.0,,Closed · Opens 8 AM Wed,"""Closed \u00b7 Opens 8\u202fAM Wed""","{""tuesday"": ""8\u202fAM\u20133\u202fPM"", ""wednesday"": ""8\u202fAM\u20133\u202fPM"", ""thursday"": ""8\u202fAM\u20133\u202fPM"", ""friday"": ""8\u202fAM\u20133\u202fPM"", ""saturday"": ""Closed"", ""sunday"": ""Closed"", ""monday"": ""8\u202fAM\u20133\u202fPM""}","{""dine_in"": true, ""delivery"": false}",,https://lh3.googleusercontent.com/gps-cs-s/APNQkAHfFp4D1D7tzlWD54NCppH5AaK2zuquWriUuZDvqiH-5sgAj_0icL72ZCBWxflW4jGrUrWiClH9PaR0DUOu9GnIsFZBwqdAfrHFxg_sr48IPWpA3sZDIHV1H4zbGz8-yX8NMkvvsQ=w1000-h1000-c-n,35.9993166,-78.9438962,0.0609,True,3
198419,Duke University,coffee,ChIJ74cKbp_nrIkR-d-zE9lgt88,0x89ace79f6e0a87ef:0xcfb760d913b3dff9,Beyu Blue,Cafe,"[""Cafe""]","Durham, NC 27710",,https://studentaffairs.duke.edu/dining/beyublue,3.3,19.0,$1–10,Open · Closes 8 PM,"""Open \u00b7 Closes 8\u202fPM""","{""tuesday"": ""7:30\u202fAM\u20138\u202fPM"", ""wednesday"": ""7\u202fAM\u20137\u202fPM"", ""thursday"": ""7\u202fAM\u20137\u202fPM"", ""friday"": ""7\u202fAM\u20135\u202fPM"", ""saturday"": ""8\u202fAM\u20133\u202fPM"", ""sunday"": ""9\u202fAM\u20137\u202fPM"", ""monday"": ""7:30\u202fAM\u20133\u202fPM""}","{""dine_in"": true, ""takeout"": true, ""delivery"": false}",,https://lh3.googleusercontent.com/gps-cs-s/APNQkAGzD7wJohJwY7U25FY7hCcYMbW5i6p3iTsJzpTQcNwuzgjL_jMrQEO9KX-Bcl2ZzS10lHnFugIfnpE1gzxUu-gmBX8Snt6L2Uujupu5dr9r43TivvPKwEKpOvmLqpGwPqjU308=w1000-h1000-c-n,36.0008778,-78.94063249999999,0.2072,True,3
198419,Duke University,coffee,ChIJC9xa7bLmrIkRcsa28E_-lFs,0x89ace6b2ed5adc0b:0x5b94fe4ff0b6c672,Saladelia @ Hock Plaza,Coffee shop,"[""Coffee shop"", ""Restaurant""]","2424 Erwin Rd #303, Durham, NC 27705",(919) 489-5775,http://www.saladelia.com/locations/,4.1,62.0,$1–10,Closed · Opens 7 AM Wed,"""Closed \u00b7 Opens 7\u202fAM Wed""","{""tuesday"": ""7\u202fAM\u20132\u202fPM"", ""wednesday"": ""7\u202fAM\u20132\u202fPM"", ""thursday"": ""7\u202fAM\u20132\u202fPM"", ""friday"": ""7\u202fAM\u20132\u202fPM"", ""saturday"": ""Closed"", ""sunday"": ""Closed"", ""monday"": ""7\u202fAM\u20132\u202fPM""}","{""dine_in"": true, ""takeout"": true, ""delivery"": true}","Mediterranean food, pastries & coffee. Cafe & coffee bar offering traditional Mediterranean fare, housemade baked goods & weekend brunch.",https://lh3.googleusercontent.com/gps-cs-s/APNQkAEkXZCAJ_DM6jUsp4kucmXcjmSRFSY4EbHEt1hGvs2v7YrjOuUAXp7enX45RVL-mp0f0bWIBFqnIz5uEkSamB0DvAiiPY26X67qPmqU8Fi7WIKLwMrusbcANPhliN4LC8tFzBccvQ=w1000-h1000-c-n,36.009299299999995,-78.9417292,0.647,True,3
198419,Duke University,coffee,ChIJfZKgpvXnrIkRZ4wxe5B0BlU,0x89ace7f5a6a0927d:0x550674907b318c67,Twinnie's,Cafe,"[""Cafe"", ""American restaurant"", ""Restaurant""]","101 Science Dr, Durham, NC 27710",(919) 660-3944,,4.0,93.0,$1–10,Closed · Opens 8:30 AM Wed,"""Closed \u00b7 Opens 8:30\u202fAM Wed""","{""tuesday"": ""8:30\u202fAM\u20131:30\u202fPM"", ""wednesday"": ""8:30\u202fAM\u20131:30\u202fPM"", ""thursday"": ""8:30\u202fAM\u20131:30\u202fPM"", ""friday"": ""8:30\u202fAM\u20131:30\u202fPM"", ""saturday"": ""Closed"", ""sunday"": ""Closed"", ""monday"": ""8:30\u202fAM\u20131:30\u202fPM""}","{""dine_in"": true, ""takeout"": true, ""delivery"": false}",,https://lh3.googleusercontent.com/gps-cs-s/APNQkAHW3-ori7CE5DNYkqx8YnS0-Ybdiot6xGP1W1K8ADdQzdty2n9JgH1bEeNmHxq7Sk5SLk7k7yP5VU-jhZ136lalVD0TQWdZM4P8JjB7UZRdtalFuapG3-cHQ4VmtVFtH1sVe1E8=w1000-h1000-c-n,36.0034683,-78.9395882,0.346,True,3
162928,Johns Hopkins University,coffee,ChIJE5jOU9IFyIkR5EXzJvFHisI,0x89c805d253ce9813:0xc28a47f126f345e4,Doppio Pasticceria,Cafe,"[""Cafe"", ""Bakery"", ""Pizza restaurant""]","300 W 29th St, Baltimore, MD 21211",,https://www.doppiobaltimore.com/,4.5,280.0,$10–20,Closed · Opens 8 AM Wed,"""Closed \u00b7 Opens 8\u202fAM Wed""","{""tuesday"": ""Closed"", ""wednesday"": ""8\u202fAM\u20133\u202fPM"", ""thursday"": ""8\u202fAM\u20139\u202fPM"", ""friday"": ""8\u202fAM\u20139\u202fPM"", ""saturday"": ""8\u202fAM\u20139\u202fPM"", ""sunday"": ""8\u202fAM\u20138:30\u202fPM"", ""monday"": ""Closed""}","{""dine_in"": true, ""takeout"": true}",,https://lh3.googleusercontent.com/gps-cs-s/APNQkAHF16rKaDwTarqeuHl5Jj92O88aO4Fbr4DU7Upqh6YC-aHers3CBXRvCfFBEnaFjapTJ3u2OaJBvkeiFjzdhdha51eeaDjRxEpAhcCeOduMqz4EG44WRXQyBXp9GqjVfLXWEYohuA=w1000-h1000-c-n,39.3222718,-76.6225899,0.5529,True,3
162928,Johns Hopkins University,coffee,ChIJkSDuKyIFyIkRDMz7lHKUAmI,0x89c805222bee2091:0x6202947294fbcc0c,One World Café,Coffee shop,"[""Coffee shop"", ""Cafe"", ""Tea house"", ""Vegetarian restaurant""]","100 W University Pkwy, Baltimore, MD 21210",(410) 235-5777,https://www.facebook.com/One-World-Cafe-191474677552909/,4.4,816.0,$10–20,Closed · Opens 10 AM Wed,"""Closed \u00b7 Opens 10\u202fAM Wed""","{""tuesday"": ""Closed"", ""wednesday"": ""10\u202fAM\u20138\u202fPM"", ""thursday"": ""10\u202fAM\u20138\u202fPM"", ""friday"": ""10\u202fAM\u20138\u202fPM"", ""saturday"": ""9\u202fAM\u20138\u202fPM"", ""sunday"": ""9\u202fAM\u20134\u202fPM"", ""monday"": ""Closed""}","{""dine_in"": true, ""takeout"": true, ""delivery"": true}","Comfy stop for vegetarian & vegan fare. Laid-back hangout serving vegetarian, vegan & gluten-free fare for 3 meals, plus a full bar.",https://lh3.googleusercontent.com/gps-cs-s/APNQkAHjN8gNZg-vSqglMw5Mhebn5rCv2SaGl1gCT_kscxM7INl2MjJ97eVHxLP3NXkrDJ5qy14_COOJU3iRz2oLRu8zE2Czws0KtKcP0S0xAJtNOP_ZguN3Dkk6E3Bon3vgF-lHY-z1Bw=w1000-h1000-c-n,39.3346125,-76.6205377,0.3785,True,3
162928,Johns Hopkins University,coffee,ChIJ30j7qCsFyIkRTQhYfIHAoWk,0x89c8052ba8fb48df:0x69a1c0817c58084d,Kitsch,Coffee shop,"[""Coffee shop"", ""Breakfast restaurant"", ""Cafe"", ""Lunch restaurant"", ""Sandwich shop""]","301 W 29th St Suite 1001, Baltimore, MD 21211",(443) 272-4677,https://kitsch.cafe/,4.4,56.0,$10–20,Closed · Opens 7 AM Wed,"""Closed \u00b7 Opens 7\u202fAM Wed""","{""tuesday"": ""7\u202fAM\u20133\u202fPM"", ""wednesday"": ""7\u202fAM\u20133\u202fPM"", ""thursday"": ""7\u202fAM\u20133\u202fPM"", ""friday"": ""7\u202fAM\u20133\u202fPM"", ""saturday"": ""7\u202fAM\u20133\u202fPM"", ""sunday"": ""7\u202fAM\u20133\u202fPM"", ""monday"": ""7\u202fAM\u20133\u202fPM""}","{""dine_in"": true, ""curbside_pickup"": true, ""no_contact_delivery"": true}",,https://lh3.googleusercontent.com/gps-proxy/ALd4DhHto-Z3MZOnONbTPobpxbowsPL_sBvSQFUNfoP3QwOlblukUtqweGGrouE-0Yo5-mDqKAt5nSsfggYqNUJnUde3sGcwDV3py6z2YDl55y4E9CYTyFPKs1flUlwxM-IUzyAuSGP__oJGiWxbqsZV4xVDe5e8yg7EEtP-T2mNHgh5A-RFmsLz7e4v=w1000-h1000-c-n,39.3215752,-76.6221851,0.5882,True,3
147767,Northwestern University,coffee,ChIJQZuzmg_QD4gR2Mn8BXrX7OQ,0x880fd00f9ab39b41:0xe4ecd77a05fcc9d8,Berry Pike Cafe,Cafe,"[""Cafe""]","1100 Davis St, Evanston, IL 60201",(847) 424-1006,http://www.berrypikecafe.com/,4.6,856.0,$10–20,Open · Closes 4 PM,"""Open \u00b7 Closes 4\u202fPM""","{""tuesday"": ""7\u202fAM\u20134\u202fPM"", ""wednesday"": ""7\u202fAM\u20134\u202fPM"", ""thursday"": ""7\u202fAM\u20134\u202fPM"", ""friday"": ""7\u202fAM\u20135\u202fPM"", ""saturday"": ""7\u202fAM\u20135\u202fPM"", ""sunday"": ""7\u202fAM\u20135\u202fPM"", ""monday"": ""7\u202fAM\u20134\u202fPM""}","{""dine_in"": true, ""takeout"": true, ""no_contact_delivery"": true}","Cafe with Belgian waffles & sandwiches. Steamed sandwiches, Liège waffles, homemade desserts & baked goods in a small family-run cafe.",https://lh3.googleusercontent.com/gps-proxy/ALd4DhEZUL6aTpQ3MNk-3sM5DInk6oe0zMMCB1HlxV2vCCqyF7zS9_spYthPFbSX3g5RWd3x1wLgxJxw4WwWksP9DWsUOVgoSStW0NwNgljVCaJorGgM9hT_kR0xLoN-03IlayzC_axnaUsd1MJHiM4_RPQsQQ49JviBr_3LBdW-E3yGsSWVFE2QKGJu=w1000-h1000-c-n,42.0469104,-87.68711569999999,0.6391,True,3
147767,Northwestern University,coffee,ChIJtff-ApbRD4gRwGZmaiY6Y0U,0x880fd19602fef7b5:0x45633a266a6666c0,Evanston Pour,Coffee shop,"[""Coffee shop"", ""Bakery"", ""Cafe"", ""Caterer"", ""Cocktail bar""]","528 Dempster St, Evanston, IL 60202",(847) 859-2082,https://evanstonpour.com/?utm_source=google,4.3,301.0,,Open · Closes 9 PM,"""Open \u00b7 Closes 9\u202fPM""","{""tuesday"": ""7:30\u202fAM\u20139\u202fPM"", ""wednesday"": ""7:30\u202fAM\u20139\u202fPM"", ""thursday"": ""7:30\u202fAM\u20139\u202fPM"", ""friday"": ""7:30\u202fAM\u20139\u202fPM"", ""saturday"": ""8\u202fAM\u20139\u202fPM"", ""sunday"": ""8\u202fAM\u20139\u202fPM"", ""monday"": ""7:30\u202fAM\u20139\u202fPM""}","{""dine_in"": true, ""curbside_pickup"": true, ""delivery"": true}",,https://lh3.googleusercontent.com/gps-cs-s/APNQkAF9DuyayrB02MZuiSoI0tLOdfJyXY0gy8pT7lC-e3pSrjNBeFnODE99pFAWVz3J3wVDkeFNmXCOAt-8BF3uJ2t-KlpJpmKXpYKlofv6SAscz16jsLPPhJySB3u4p43YUT6lUomL=w1000-h1000-c-n,42.0410298,-87.68027699999999,0.7324,True,3
147767,Northwestern University,coffee,ChIJQXnftrDbD4gRV1cjO92E3qg,0x880fdbb0b6df7941:0xa8de84dd3b235757,Cafe Coralie,Coffee shop,"[""Coffee shop"", ""Bakery""]","2200 Campus Dr Floor 2, Evanston, IL 60201",,http://www.bestfrenchpastries.com/,4.5,30.0,$1–10,Open · Closes 4 PM,"""Open \u00b7 Closes 4\u202fPM""","{""tuesday"": ""9\u202fAM\u20134\u202fPM"", ""wednesday"": ""9\u202fAM\u20134\u202fPM"", ""thursday"": ""9\u202fAM\u20134\u202fPM"", ""friday"": ""9\u202fAM\u20134\u202fPM"", ""saturday"": ""Closed"", ""sunday"": ""Closed"", ""monday"": ""9\u202fAM\u20134\u202fPM""}","{""dine_in"": true, ""takeout"": true, ""delivery"": false}",,https://lh3.googleusercontent.com/gps-cs-s/APNQkAESjkjBvzlEtuQL3V224FtynXPVL5mpDwBKCG8IxnDx3BLDo-0u_hhAQ9_N4qePF0JXGywO8DKT4RPIVI8kOYBXMhRpeHDZh6rL1EpDXnCH5IguN4JEiAa1qgvVHwEr7zEHQW5P=w1000-h1000-c-n,42.0571651,-87.6735707,0.4343,True,3
147767,Northwestern University,coffee,ChIJxZa_tgnQD4gR9eR99jW-A5A,0x880fd009b6bf96c5:0x9003be35f67de4f5,Ovo Frito Cafe,Coffee shop,"[""Coffee shop"", ""Breakfast restaurant"", ""Restaurant"", ""Gluten-free restaurant"", ""Hamburger restaurant"", ""Lunch restaurant"", ""Delivery Restaurant"", ""Takeout Restaurant"", ""Sandwich shop"", ""Vegetarian restaurant""]","1936 Maple Ave, Evanston, IL 60201",(847) 859-6966,https://ovofrito.com/?utm_source=google&utm_medium=gmb&utm_campaign=ovofrito,4.7,935.0,$20–30,Closed · Opens 7 AM Wed,"""Closed \u00b7 Opens 7\u202fAM Wed""","{""tuesday"": ""7\u202fAM\u20132\u202fPM"", ""wednesday"": ""7\u202fAM\u20132\u202fPM"", ""thursday"": ""7\u202fAM\u20132\u202fPM"", ""friday"": ""7\u202fAM\u20132\u202fPM"", ""saturday"": ""7\u202fAM\u20132\u202fPM"", ""sunday"": ""7\u202fAM\u20132\u202fPM"", ""monday"": ""7\u202fAM\u20132\u202fPM""}","{""dine_in"": true, ""takeout"": true, ""no_contact_delivery"": true}",,https://lh3.googleusercontent.com/gps-cs-s/APNQkAG4q9yR0dzk_6b-ifXOOEoeTEYoJyAdkX-hkvTXAM-WYY7CyylzSRM9z-7vR8a4eydgy7oH75xfyUGuL61qV7Ht53pAcVuDIjQ-zf79CVnNyofDvWtV8EnS2nqEhoPX7uaAK3aVqw=w1000-h1000-c-n,42.0534039,-87.6849628,0.4831,True,3
147767,Northwestern University,coffee,ChIJeztmOm3RD4gRFapt6DKV1pA,0x880fd16d3a663b7b:0x90d69532e86daa15,Paris Baguette,Coffee shop,"[""Coffee shop"", ""Cafe"", ""Cake shop"", ""Bakery"", ""Dessert shop""]","804 Davis St, Evanston, IL 60201",(224) 296-0234,https://parisbaguette.com/locations/il/evanston/804-davis-street/,4.2,65.0,$10–20,Open · Closes 9 PM,"""Open \u00b7 Closes 9\u202fPM""","{""tuesday"": ""6\u202fAM\u20139\u202fPM"", ""wednesday"": ""6\u202fAM\u20139\u202fPM"", ""thursday"": ""6\u202fAM\u20139\u202fPM"", ""friday"": ""6\u202fAM\u20139\u202fPM"", ""saturday"": ""6\u202fAM\u20139\u202fPM"", ""sunday"": ""6\u202fAM\u20139\u202fPM"", ""monday"": ""6\u202fAM\u20139\u202fPM""}","{""dine_in"": true, ""takeout"": true}",,https://lh3.googleusercontent.com/gps-cs-s/APNQkAFwb2tR5uzbXArCiu_gZfFeUoUWseJU9H9s3ZOJCwIvLObKxgR_S98eUpuqIL7AHW97dhYtb82-fpYF0ospiKyu8GB67r-QbTWCZhYor5XniauRyBqi9D-Mrhya69BapRo9cxNFG5joW1oG=w1000-h1000-c-n,42.0466739,-87.68236309999999,0.4482,True,3
147767,Northwestern University,coffee,ChIJCdEtpxPQD4gR269DWtJJWpo,0x880fd013a72dd109:0x9a5a49d25a43afdb,Bagel Art Cafe,Coffee shop,"[""Coffee shop"", ""Cafe"", ""Bagel shop""]","615 Dempster St, Evanston, IL 60201",(847) 864-8700,http://www.bagelart-cafe.com/,4.6,376.0,$10–20,Closed · Opens 7 AM Wed,"""Closed \u00b7 Opens 7\u202fAM Wed""","{""tuesday"": ""7\u202fAM\u20132\u202fPM"", ""wednesday"": ""7\u202fAM\u20132\u202fPM"", ""thursday"": ""7\u202fAM\u20132\u202fPM"", ""friday"": ""7\u202fAM\u20132\u202fPM"", ""saturday"": ""7\u202fAM\u20132\u202fPM"", ""sunday"": ""8\u202fAM\u20132\u202fPM"", ""monday"": ""7\u202fAM\u20132\u202fPM""}","{""dine_in"": true, ""takeout"": true, ""delivery"": true}","Casual counter-serve bakery & cafe. Low-key bakery/cafe serving housemade bagels & cream cheese, sweets, light fare & artisanal coffee.",https://lh3.googleusercontent.com/gps-proxy/ALd4DhE6gZoB_K4LO8QpOjWwtHdW0Hwc4k0OuXCEndGfpPp1JDtlEunFuyMfso6tkaKlaFsnBAqutDwNW29YvVyKLTVieL7qucBspA7MJyVrargnhjvleKbCieFLVIl-ff3x2bW8g-MjIUqxhY_RGDTKrRakaylfxwIVIy3w6yvikImTSq5Iz27KWKpR=w1000-h1000-c-n,42.041381,-87.68127,0.7265,True,3
147767,Northwestern University,coffee,ChIJWVQCkaraD4gREu7_w8Ppzdc,0x880fdaaa91025459:0xd7cde9c3c3ffee12,FRÍO Gelato - Evanston,Coffee shop,"[""Coffee shop"", ""Argentinian restaurant"", ""Ice cream shop"", ""Sweets and dessert buffet"", ""Dessert restaurant"", ""Dessert shop"", ""Frozen dessert supplier""]","1301 Chicago Ave, Evanston, IL 60201",(224) 307-2343,http://www.friogelato.com/,4.6,748.0,$,Open · Closes 9 PM,"""Open \u00b7 Closes 9\u202fPM""","{""tuesday"": ""1\u20139\u202fPM"", ""wednesday"": ""1\u20139\u202fPM"", ""thursday"": ""1\u20139\u202fPM"", ""friday"": ""1\u201310\u202fPM"", ""saturday"": ""1\u201310\u202fPM"", ""sunday"": ""1\u20139\u202fPM"", ""monday"": ""Closed""}","{""dine_in"": true, ""curbside_pickup"": true, ""no_contact_delivery"": true}","Little Argentinian dessert spot. Small, unassuming storefront turning out Argentinian gelato in creative & unique flavors.",https://lh3.googleusercontent.com/gps-cs-s/APNQkAGBN8a-7c19eovtGKYRBLw9MTGKGQKcXVi3Cd_gztgHS_7I3c1AlXe2HOMlPiCQjpZVpqSo2G_o-SGYVL7U6NBrVkGeUvjOGCcOYAmsELp3G2UFCShn9WMMRdJGFnVZsHpVGQyJ=w1000-h1000-c-n,42.041358,-87.680326,0.7116,True,3
147767,Northwestern University,coffee,ChIJJ8tndA3QD4gRA1G67DQP7f8,0x880fd00d7467cb27:0xffed0f34ecba5103,Pâtisserie Coralie,Coffee shop,"[""Coffee shop"", ""Bakery"", ""Cafe"", ""Patisserie"", ""Dessert restaurant"", ""Dessert shop"", ""Gluten-free restaurant"", ""Delivery Restaurant"", ""Takeout Restaurant"", ""Vegetarian cafe and deli""]","600 Davis St, Evanston, IL 60201",(847) 905-0491,http://www.bestfrenchpastries.com/,4.3,669.0,$$,Open · Closes 6 PM,"""Open \u00b7 Closes 6\u202fPM""","{""tuesday"": ""7:30\u202fAM\u20136\u202fPM"", ""wednesday"": ""7:30\u202fAM\u20136\u202fPM"", ""thursday"": ""7:30\u202fAM\u20136\u202fPM"", ""friday"": ""7:30\u202fAM\u20136\u202fPM"", ""saturday"": ""8\u202fAM\u20136\u202fPM"", ""sunday"": ""8\u202fAM\u20136\u202fPM"", ""monday"": ""7:30\u202fAM\u20136\u202fPM""}","{""dine_in"": true, ""curbside_pickup"": true, ""no_contact_delivery"": true}",French bakery with coffee & seats. Classic French baked goods including macarons plus Julius Meinl coffee drinks in a quaint setting.,https://lh3.googleusercontent.com/gps-proxy/ALd4DhEScZu2YjkpDBXI2KdAFRCoG_aDY1TdRWXmmIPUXZ0nhXV5sv7ERxup7nT2ILkYWl20FDA27djSe6DmgNQKua3rPBB2udLYFvhOaeCly5C8pmEyitLX0SjjZkQHbn1VI9H8kPad01qOEwQjrx2yNddiuwiRfEaR6wvvZo4IftIVy3CujcRT5SSFgQ=w1000-h1000-c-n,42.0460963,-87.67999859999999,0.404,True,3
147767,Northwestern University,coffee,ChIJ-wgH_LrRD4gRO1dO4InZ_6w,0x880fd1bafc0708fb:0xacffd989e04e573b,Frida's Breakfast and Lunch,Coffee shop,"[""Coffee shop"", ""Bagel shop"", ""Breakfast restaurant"", ""Cocktail bar"", ""Restaurant"", ""Dessert restaurant"", ""Delivery Restaurant"", ""Takeout Restaurant"", ""Sandwich shop"", ""Seafood restaurant""]","618 Church St, Evanston, IL 60201",(847) 859-6342,http://fridasevanston.com/,4.6,671.0,$10–20,Closes soon · 3 PM · Opens 8 AM Wed,"""Closes soon \u00b7 3\u202fPM \u00b7 Opens 8\u202fAM Wed""","{""tuesday"": ""8\u202fAM\u20133\u202fPM"", ""wednesday"": ""8\u202fAM\u20133\u202fPM"", ""thursday"": ""8\u202fAM\u20133\u202fPM"", ""friday"": ""8\u202fAM\u20133\u202fPM"", ""saturday"": ""8\u202fAM\u20133\u202fPM"", ""sunday"": ""8\u202fAM\u20133\u202fPM"", ""monday"": ""8\u202fAM\u20133\u202fPM""}","{""dine_in"": true, ""curbside_pickup"": true, ""no_contact_delivery"": true}","Casual spot for Mexican-inspired food. Low-key restaurant serving Mexican-inspired breakfast & lunch, plus wraps, pancakes & French toast.",https://lh3.googleusercontent.com/gps-cs-s/APNQkAG1VIljQiWARRKMyfS8zD31_oL50vSpGeqf21Zo2-YZlC-VVAZUx_WO8ef4mQYTMLmlKaA4vMOj4U9B9nvpRmhM061Xsxud4tdNv4cpAySlpHxy7JzZTn6U4BI9-s1lz0P88yNaOg=w1000-h1000-c-n,42.0478972,-87.6800456,0.3045,True,3
147767,Northwestern University,coffee,ChIJGzsQBw7RD4gRDQF4H7npvTE,0x880fd10e07103b1b:0x31bde9b91f78010d,Philz Coffee,Cafe,"[""Cafe""]","1030 Davis St, Evanston, IL 60201",(847) 425-0256,https://philzcoffee.com/locations/evanston?utm_source=gmb&utm_medium=yext,4.4,246.0,$10–20,Open · Closes 4 PM,"""Open \u00b7 Closes 4\u202fPM""","{""tuesday"": ""6\u202fAM\u20134\u202fPM"", ""wednesday"": ""6\u202fAM\u20134\u202fPM"", ""thursday"": ""6\u202fAM\u20134\u202fPM"", ""friday"": ""6\u202fAM\u20134:30\u202fPM"", ""saturday"": ""6:30\u202fAM\u20134:30\u202fPM"", ""sunday"": ""6:30\u202fAM\u20134:30\u202fPM"", ""monday"": ""6\u202fAM\u20134\u202fPM""}","{""dine_in"": true, ""curbside_pickup"": true, ""delivery"": true}","Custom-blended java in a casual setting. Laid-back local chain specializes in custom-blended coffees, plus teas, specialty drinks & pastries.",https://lh3.googleusercontent.com/gps-cs-s/APNQkAFJw_vkzPxyshOzEt7ojyZIgeKVvoKKQC3y8RxJblowXKgImbcfISQ7jtV1GQaLC05d8qIqxQSbU8tTSK5dqI9wvcuBa5DNg6NN9jJmVTdqo92CCmrVvHcmbe3ikvrhxpC1-l5r=w1000-h1000-c-n,42.0467901,-87.68657739999999,0.6187,True,3
147767,Northwestern University,coffee,ChIJ60vPsg_QD4gRE61MVG65nSs,0x880fd00fb2cf4beb:0x2b9db96e544cad13,Bennison's Bakery,Coffee shop,"[""Coffee shop"", ""Bakery"", ""Wedding bakery"", ""Wholesale bakery""]","1000 Davis St, Evanston, IL 60201",(847) 328-9434,https://bennisonscakes.com/,4.1,586.0,$10–20,Open · Closes 6 PM,"""Open \u00b7 Closes 6\u202fPM""","{""tuesday"": ""7\u202fAM\u20136\u202fPM"", ""wednesday"": ""7\u202fAM\u20136\u202fPM"", ""thursday"": ""7\u202fAM\u20136\u202fPM"", ""friday"": ""7\u202fAM\u20136\u202fPM"", ""saturday"": ""7\u202fAM\u20135\u202fPM"", ""sunday"": ""7\u202fAM\u20134\u202fPM"", ""monday"": ""7\u202fAM\u20136\u202fPM""}","{""takeout"": true, ""delivery"": true, ""dine_in"": false}","European-style sweets & cakes. Veteran bakery offering apfelstrudel, paczki & other European sweets, plus custom-decorated cakes.",https://lh3.googleusercontent.com/gps-cs-s/APNQkAETKC8fcO0a3A_fezZ6qQFXUllnG8Q83IH3ixuDjWTUnvCOuI2Gc6V4Jt-GaBrScV7iEpP51iO_hzDlfYxLtsFp7WwHfBfBGiBUS_8gO816tqkX5oKgJj0gRFLBvfGxCFleUnRame8qF8ip=w1000-h1000-c-n,42.0468428,-87.68519769999999,0.556,True,3
147767,Northwestern University,coffee,ChIJL12cDwzQD4gRBssTK4TR65k,0x880fd00c0f9c5d2f:0x99ebd1842b13cb06,Starbucks Coffee Company,Coffee shop,"[""Coffee shop"", ""Breakfast restaurant"", ""Cafe"", ""Coffee store"", ""Espresso bar"", ""Internet cafe""]","1734 Sherman Ave, Evanston, IL 60201",(847) 492-0490,https://www.starbucks.com/store-locator/store/116523/,4.2,681.0,$10–20,Open · Closes 9 PM,"""Open \u00b7 Closes 9\u202fPM""","{""tuesday"": ""5\u202fAM\u20139\u202fPM"", ""wednesday"": ""5\u202fAM\u20139\u202fPM"", ""thursday"": ""5\u202fAM\u20139\u202fPM"", ""friday"": ""5\u202fAM\u20139\u202fPM"", ""saturday"": ""5\u202fAM\u20139\u202fPM"", ""sunday"": ""5\u202fAM\u20139\u202fPM"", ""monday"": ""5\u202fAM\u20139\u202fPM""}","{""dine_in"": true, ""takeout"": true, ""delivery"": true}","Iconic coffeehouse chain. Welcoming coffeehouse with handcrafted coffee, espresso & tea, plus breakfast, lunch & pastries.",https://lh3.googleusercontent.com/gps-proxy/ALd4DhHNaCrXVEg4Yu_q9ekWIQ-gL56Fap2e32xDTy_jf7eaUo55mS_oQyRlAcoEX-Q2ph-scVepRa9DwlaPHWREp9lTNy33Kb5FIWu8jN8isGUyUwWbxmChj9uqbpDFPM6ead_bk7w-8infY1726TAiN68126kxrOp29lQaEVW43qYE0VkDNdArPT75Qg=w1000-h1000-c-n,42.04965,-87.68202,0.3236,True,3
215062,University of Pennsylvania,coffee,ChIJkfuYEATHxokRplXqxbj6l00,0x89c6c7041098fb91:0x4d97fab8c5ea55a6,Haraz Coffee House,Coffee shop,"[""Coffee shop"", ""Bakery"", ""Cafe"", ""Dessert shop"", ""Tea house""]","3421 Chestnut St, Philadelphia, PA 19104",(855) 427-2985,https://harazcoffeehouse.com/,4.2,445.0,$10–20,Open · Closes 10 PM,"""Open \u00b7 Closes 10\u202fPM""","{""tuesday"": ""7\u202fAM\u201310\u202fPM"", ""wednesday"": ""7\u202fAM\u201310\u202fPM"", ""thursday"": ""7\u202fAM\u201310\u202fPM"", ""friday"": ""7\u202fAM\u201310\u202fPM"", ""saturday"": ""7\u202fAM\u201310\u202fPM"", ""sunday"": ""7\u202fAM\u201310\u202fPM"", ""monday"": ""7\u202fAM\u201310\u202fPM""}","{""dine_in"": true, ""takeout"": true, ""no_contact_delivery"": true}",,https://lh3.googleusercontent.com/gps-cs-s/APNQkAGLt1v1lMDNq5cOlT-CLxqT1CjrdeMDE9xqCCNBd-VE42yjH8D-Bp7t5lzSPGBB7fcOIqpbREDdPXBQ0ztCFXGV7hetQdnQ7Ls8xlAMA5JYmq4ojAqpwMTgamZTgbpL9z3RvVtjH22ccKU=w1000-h1000-c-n,39.9545718,-75.1924216,0.2892,True,3
215062,University of Pennsylvania,coffee,ChIJVf3BYgDHxokR_hco4hfAerY,0x89c6c70062c1fd55:0xb67ac017e22817fe,Mr. Rabbit Coffee,Coffee shop,"[""Coffee shop""]","2301 Spruce St, Philadelphia, PA 19103",,https://www.instagram.com/mrrabbitphilly,4.6,134.0,$1–20,Closes soon · 4 PM · Opens 7 AM Wed,"""Closes soon \u00b7 4\u202fPM \u00b7 Opens 7\u202fAM Wed""","{""tuesday"": ""7\u202fAM\u20134\u202fPM"", ""wednesday"": ""7\u202fAM\u20134\u202fPM"", ""thursday"": ""7\u202fAM\u20134\u202fPM"", ""friday"": ""7\u202fAM\u20134\u202fPM"", ""saturday"": ""7\u202fAM\u20134\u202fPM"", ""sunday"": ""7\u202fAM\u20134\u202fPM"", ""monday"": ""7\u202fAM\u20134\u202fPM""}","{""dine_in"": true}",,https://lh3.googleusercontent.com/gps-cs-s/APNQkAFF4kERuZViRCQ5dQ7wQZGd5tlKO-htqhlCE8ZaC1wi_Yebwonylxg5oCiYqzO-D3UqHzHl9reMNKG5MVAEvVl43HgIDoRqDLyqG8Zm8cTbAoyltNG23WG4-T25Y2lw7DU1p6QK=w1000-h1000-c-n,39.948862,-75.179219,0.7515,True,3
110404,California Institute of Technology,coffee,ChIJIX7b6EnDwoARYHvf6fUce8M,0x80c2c349e8db7e21:0xc37b1cf5e9df7b60,mandarin coffee stand,Cafe,"[""Cafe""]","380 S Lake Ave #111, Pasadena, CA 91101",,,4.6,310.0,$1–10,Open · Closes 3 PM,"""Open \u00b7 Closes 3\u202fPM""","{""tuesday"": ""8\u202fAM\u20133\u202fPM"", ""wednesday"": ""8\u202fAM\u20133\u202fPM"", ""thursday"": ""8\u202fAM\u20133\u202fPM"", ""friday"": ""8\u202fAM\u20133\u202fPM"", ""saturday"": ""8\u202fAM\u20133\u202fPM"", ""sunday"": ""8\u202fAM\u20133\u202fPM"", ""monday"": ""8\u202fAM\u20133\u202fPM""}","{""dine_in"": true, ""takeout"": true, ""delivery"": false}",,https://lh3.googleusercontent.com/gps-cs-s/APNQkAEGH5jDuoXy_0SDyZK8z7pTaZu38cc5-gv-zwmH8KI8wkVUn-w7WTKb0QIlLwfGAJqsI1-sqbMYvIUh5_2JWkHAu4IKr62-kh9MECyEBWukxFS0lLUDZU7AaP3mb69S5B3Hv4jT=w1000-h1000-c-n,34.139309,-118.1318308,0.256,True,3
110404,California Institute of Technology,coffee,ChIJ5av-WFjDwoARxClesIGioO0,0x80c2c35858feabe5:0xeda0a281b05e29c4,The Café at Broad,Cafe,"[""Cafe""]","S Wilson Ave & E Del Mar Blvd, Pasadena, CA 91125",(626) 395-5806,https://dining.caltech.edu/where-to-eat-#broad-cafe-a2962b99-tab,4.2,45.0,$,Open · Closes 2:30 PM,"""Open \u00b7 Closes 2:30\u202fPM""","{""tuesday"": ""7:30\u202fAM\u20132:30\u202fPM"", ""wednesday"": ""7:30\u202fAM\u20132:30\u202fPM"", ""thursday"": ""7:30\u202fAM\u20132:30\u202fPM"", ""friday"": ""7:30\u202fAM\u20132:30\u202fPM"", ""saturday"": ""Closed"", ""sunday"": ""Closed"", ""monday"": ""7:30\u202fAM\u20132:30\u202fPM""}","{""dine_in"": true, ""takeout"": true, ""delivery"": false}",,https://lh3.googleusercontent.com/gps-cs-s/APNQkAFBvUX87dkXHiT1tRMzEF_xvHJHvgaFhraJdkJj_VI3eZN5bUw15k4YqfPrwv_tPLzxqs3JepxTKX-bij47nqo5o3kk9BYTnveRIQ1bz4Q0ldJkmaQ6nHQjIqlf6hbFfo7RsbT5zA=w1000-h1000-c-n,34.1397999,-118.1267853,0.4708,True,3
190415,Cornell University,coffee,ChIJVRfZ8q6D0IkRy_EH0wX1gns,0x89d083aef2d91755:0x7b82f505d307f1cb,Novick's Café,Cafe,"[""Cafe""]","155 Program House Dr, Ithaca, NY 14850",,https://scl.cornell.edu/novicks-cafe,4.4,20.0,$1–10,Open · Closes 5 PM,"""Open \u00b7 Closes 5\u202fPM""","{""tuesday"": ""8\u202fAM\u20135\u202fPM"", ""wednesday"": ""8\u202fAM\u20135\u202fPM"", ""thursday"": ""8\u202fAM\u20135\u202fPM"", ""friday"": ""8\u202fAM\u20135\u202fPM"", ""saturday"": ""8\u202fAM\u20135\u202fPM"", ""sunday"": ""8\u202fAM\u20135\u202fPM"", ""monday"": ""8\u202fAM\u20135\u202fPM""}","{""dine_in"": true, ""takeout"": true, ""delivery"": false}",,https://lh3.googleusercontent.com/gps-cs-s/APNQkAHrxQXfZ9QEHwXvoWiNT7ToGnxZO9weLlZojG3_uI_7H1ImPGv-xfBxoqsKDFPkyyxYPs7IpjWgXLl4sLlndAop1y5DkjHofgNzi0FuVREoNeT7cMJSPMx6Riwtwqy3ReSO3pf-tw=w1000-h1000-c-n,42.4539814,-76.47618179999999,0.2123,True,3
190415,Cornell University,coffee,ChIJp8iSviCC0IkRy5UpJk6Ro9I,0x89d08220be92c8a7:0xd2a3914e262995cb,Green Dragon,Cafe,"[""Cafe""]","921 University Ave, Ithaca, NY 14850",(607) 255-3327,https://scl.cornell.edu/green-dragon,4.4,35.0,,Open · Closes 8 PM,"""Open \u00b7 Closes 8\u202fPM""","{""tuesday"": ""8\u202fAM\u20138\u202fPM"", ""wednesday"": ""8\u202fAM\u20138\u202fPM"", ""thursday"": ""Closed"", ""friday"": ""Closed"", ""saturday"": ""Closed"", ""sunday"": ""12\u20138\u202fPM"", ""monday"": ""8\u202fAM\u20138\u202fPM""}","{""dine_in"": true, ""delivery"": false}",,https://lh3.googleusercontent.com/gps-cs-s/APNQkAFnqjD2YYLOjMEO8W5Tw19kLd608KHvTD86cDBFmjavkL9BQ_IIIfQSgjL6nS4YZBA2mGai_JP60rAYcx7Rm8Woyt7lUKP4qKiw7fAE1avtGfcWMMwQ6QMMpdcUQWhqDmzXBA=w1000-h1000-c-n,42.4508204,-76.4840964,0.2503,True,3
190415,Cornell University,coffee,ChIJe_cP_4qB0IkR_ARDkq7hxLs,0x89d0818aff0ff77b:0xbbc4e1ae924304fc,Rusty's,Cafe,"[""Cafe""]","109 Tower Rd, Ithaca, NY 14853",(607) 255-6656,https://scl.cornell.edu/rustys,4.5,11.0,,Closes soon · 4 PM · Opens 8 AM Wed,"""Closes soon \u00b7 4\u202fPM \u00b7 Opens 8\u202fAM Wed""","{""tuesday"": ""8\u202fAM\u20134\u202fPM"", ""wednesday"": ""8\u202fAM\u20134\u202fPM"", ""thursday"": ""8\u202fAM\u20134\u202fPM"", ""friday"": ""8\u202fAM\u20134\u202fPM"", ""saturday"": ""Closed"", ""sunday"": ""Closed"", ""monday"": ""8\u202fAM\u20134\u202fPM""}","{""dine_in"": true, ""takeout"": true, ""delivery"": false}",,https://lh3.googleusercontent.com/gps-cs-s/APNQkAEgp423X4FIQePRNxhhBDA59BKS3MlspTwNKgGftFeU5zqPGga96VifrHg5UcQPbHdGmwMSOvXCq1jxlhNsbYW6CwpabYEfCYc6a863zYGpjWN8zZqakDrCu6psZZyJgujWefef=w1000-h1000-c-n,42.4474569,-76.4822465,0.3924,True,3
190415,Cornell University,coffee,ChIJ-TWeeI6B0IkRCubzG-VVovA,0x89d0818e789e35f9:0xf0a255e51bf3e60a,Collegetown Bagels,Bagel shop,"[""Bagel shop"", ""Breakfast restaurant"", ""Sandwich shop""]","420 College Ave, Ithaca, NY 14850",(607) 273-0982,http://www.collegetownbagels.com/,4.3,1354.0,$10–20,Open · Closes 12 AM,"""Open \u00b7 Closes 12\u202fAM""","{""tuesday"": ""6:30\u202fAM\u201312\u202fAM"", ""wednesday"": ""6:30\u202fAM\u201312\u202fAM"", ""thursday"": ""6:30\u202fAM\u201312\u202fAM"", ""friday"": ""6:30\u202fAM\u201312\u202fAM"", ""saturday"": ""6:30\u202fAM\u201312\u202fAM"", ""sunday"": ""6:30\u202fAM\u201312\u202fAM"", ""monday"": ""6:30\u202fAM\u201312\u202fAM""}","{""dine_in"": true, ""takeout"": true, ""no_contact_delivery"": true}",,https://lh3.googleusercontent.com/gps-cs-s/APNQkAGLcXKmejCZ5racFV4CMx1rvRDVdh3RUbEloIdWlzleux4U2eyEjmEFBPpiF-Q5aPHNK-x6nAYIvsflwpnc1QrvxOCceUPOP1448-rjJGzD7kCFyyf4wzMygkdcxxIop88hnzo=w1000-h1000-c-n,42.4422042,-76.48550139999999,0.7894,True,3
190415,Cornell University,coffee,ChIJ4-VjbIqB0IkR7jootSpaulw,0x89d0818a6c63e5e3:0x5cba5a2ab5283aee,Temple of Zeus,Cafe,"[""Cafe""]","232 E Ave, Ithaca, NY 14850",,http://www.facebook.com/templeofzeuscornell,4.4,79.0,$10–20,Open · Closes 5 PM,"""Open \u00b7 Closes 5\u202fPM""","{""tuesday"": ""8\u202fAM\u20135\u202fPM"", ""wednesday"": ""8\u202fAM\u20135\u202fPM"", ""thursday"": ""8\u202fAM\u20135\u202fPM"", ""friday"": ""8\u202fAM\u20135\u202fPM"", ""saturday"": ""Closed"", ""sunday"": ""Closed"", ""monday"": ""8\u202fAM\u20135\u202fPM""}","{""dine_in"": true, ""takeout"": true, ""delivery"": false}",,https://lh3.googleusercontent.com/gps-cs-s/APNQkAF98H14EAOneJenOtDpTtotV4BZAIV7ZmYaj3EzPqj_cx-wlcxTa8w_-9UulJJEsDccO2v87He9vmW_LxXWBaU7AjncaR3Q7psjFt373Z9s2tAhyxP9jnJxCytSaq8miWEwHC6K=w1000-h1000-c-n,42.4490006,-76.48340999999999,0.3188,True,3
190415,Cornell University,coffee,ChIJobfBcSCC0IkRn_HPxgI8tco,0x89d0822071c1b7a1:0xcab53c02c6cff19f,Goldie's Café,Cafe,"[""Cafe"", ""Restaurant""]","245 Feeney Wy, Ithaca, NY 14850",(607) 255-4764,https://scl.cornell.edu/goldies-cafe,4.3,44.0,$1–10,Open · Closes 6 PM,"""Open \u00b7 Closes 6\u202fPM""","{""tuesday"": ""8\u202fAM\u20136\u202fPM"", ""wednesday"": ""8\u202fAM\u20136\u202fPM"", ""thursday"": ""8\u202fAM\u20136\u202fPM"", ""friday"": ""8\u202fAM\u20135\u202fPM"", ""saturday"": ""Closed"", ""sunday"": ""Closed"", ""monday"": ""8\u202fAM\u20136\u202fPM""}","{""dine_in"": true, ""takeout"": true, ""delivery"": false}",,https://lh3.googleusercontent.com/gps-cs-s/APNQkAGLxWKEI16rWk4w_5_8QJing8w8DuEMKjtVNwI2OvUoNJ-THoFhcX2rBYbPAGZURn-aNQf3WLQU3YrjINAhJUawKMcOGe0UBiSr7UMA3KWj_kn76_aG46Pxv-Rleenb678IQ_ij=w1000-h1000-c-n,42.4500059,-76.4815228,0.2135,True,3
190415,Cornell University,coffee,ChIJ6cSQ_ouB0IkRykBwgK6iiWU,0x89d0818bfe90c4e9:0x6589a2ae807040ca,Amit Bhatia Libe Café,Cafe,"[""Cafe""]","161 Ho Plaza, Ithaca, NY 14850",(607) 254-4344,https://scl.cornell.edu/amit-bhatia-libe-cafe,4.1,65.0,$1–10,Open · Closes 11 PM,"""Open \u00b7 Closes 11\u202fPM""","{""tuesday"": ""8\u202fAM\u201311\u202fPM"", ""wednesday"": ""8\u202fAM\u201311\u202fPM"", ""thursday"": ""8\u202fAM\u201311\u202fPM"", ""friday"": ""8\u202fAM\u20135\u202fPM"", ""saturday"": ""8\u202fAM\u20135\u202fPM"", ""sunday"": ""8\u202fAM\u201311\u202fPM"", ""monday"": ""8\u202fAM\u201311\u202fPM""}","{""dine_in"": true, ""takeout"": true, ""delivery"": false}",,https://lh3.googleusercontent.com/gps-cs-s/APNQkAHao7g_uPzYHObOI81bp1B6l65XdJfaGepcAiihGzBzzgCl5OuCUKqoH1sa-e1WXakoZ4TTktu-HckANAx7_Ip4VVAAL_IYzuDIcFemM7DuzzMdWZy-F_vvZbf-7MqMdpxrJuYyyQ=w1000-h1000-c-n,42.4479284,-76.4847236,0.4175,True,3
190415,Cornell University,coffee,ChIJ-VxKIAOB0IkRj5WCW06M-ZU,0x89d08103204a5cf9:0x95f98c4e5b82958f,E-Life Fusion Cuisine,Coffee shop,"[""Coffee shop"", ""Asian grocery store"", ""Asian restaurant"", ""Barbecue restaurant"", ""Bubble tea store"", ""Fusion restaurant"", ""Dessert shop"", ""Fast food restaurant"", ""Health food restaurant"", ""Hot pot restaurant""]","410 Eddy St, Ithaca, NY 14850",(607) 379-6077,,4.8,96.0,,Open · Closes 10:30 PM,"""Open \u00b7 Closes 10:30\u202fPM""","{""tuesday"": ""11:30\u202fAM\u201310:30\u202fPM"", ""wednesday"": ""11:30\u202fAM\u201310:30\u202fPM"", ""thursday"": ""11:30\u202fAM\u201310:30\u202fPM"", ""friday"": ""11:30\u202fAM\u201311:30\u202fPM"", ""saturday"": ""11:30\u202fAM\u201311:30\u202fPM"", ""sunday"": ""12:30\u201310\u202fPM"", ""monday"": ""11:30\u202fAM\u201310:30\u202fPM""}","{""takeout"": true, ""no_contact_delivery"": true, ""dine_in"": false}",,https://lh3.googleusercontent.com/gps-cs-s/APNQkAGhwe7BvJFD0l2CD9XzvDIP2X5-D02O0TIz4uthHelpRsajYOD_rdBHww8DgeHkJ_376PzWJgU-7ZpcDfSOEB0biPS0laFQtgVLAOicC13XFvoYho1yPX38UzROQjz37Rsn4_sKMg=w1000-h1000-c-n,42.4419416,-76.4877091,0.8516,True,3
190415,Cornell University,coffee,ChIJxU0lkYuB0IkR48jLemAbYdM,0x89d0818b91254dc5:0xd3611b607acbc8e3,Atrium Cafe,Cafe,"[""Cafe"", ""Sandwich shop""]","Sage Ave, Ithaca, NY 14853",(607) 255-7591,https://scl.cornell.edu/residential-life/dining/eateries-menus/cafes-food-courts-coffeehouses/atrium-cafe,4.1,30.0,$10–20,Closes soon · 4 PM · Opens 7 AM Wed,"""Closes soon \u00b7 4\u202fPM \u00b7 Opens 7\u202fAM Wed""","{""tuesday"": ""7\u202fAM\u20134\u202fPM"", ""wednesday"": ""7\u202fAM\u20134\u202fPM"", ""thursday"": ""7\u202fAM\u20132\u202fPM"", ""friday"": ""7\u202fAM\u20132\u202fPM"", ""saturday"": ""Closed"", ""sunday"": ""Closed"", ""monday"": ""7\u202fAM\u20134\u202fPM""}","{""dine_in"": true, ""takeout"": true, ""delivery"": false}",,https://lh3.googleusercontent.com/gps-cs-s/APNQkAE19VFXuiM6ZqEvn0nH4XeQzY408aiWBBLt1oFTWMionB_hgfJFA_nDC7coD726BtOQ-draNAJ1JhhAwOFhnyDqo6TiWzlXxoBWTOyzW99Zp2yvTa03brFS_PvFXp6j3AXLlhLDqg=w1000-h1000-c-n,42.4458918,-76.4833009,0.5117,True,3
190415,Cornell University,coffee,ChIJDR2olYqB0IkRr0G4Rv2qXek,0x89d0818a95a81d0d:0xe95daafd46b841af,Big Red Barn,Cafe,"[""Cafe"", ""Bar"", ""Event venue""]","135 Presidents' Dr, Ithaca, NY 14853",,https://gradschool.cornell.edu/student-experience/big-red-barn/,4.5,210.0,$,Open · Closes 10 PM,"""Open \u00b7 Closes 10\u202fPM""","{""tuesday"": ""8\u202fAM\u201310\u202fPM"", ""wednesday"": ""8\u202fAM\u201310\u202fPM"", ""thursday"": ""8\u202fAM\u201310\u202fPM"", ""friday"": ""8\u202fAM\u20134\u202fPM, 4:30\u20137\u202fPM"", ""saturday"": ""Closed"", ""sunday"": ""Closed"", ""monday"": ""8\u202fAM\u201310\u202fPM""}","{""dine_in"": true, ""delivery"": false}",,https://lh3.googleusercontent.com/gps-cs-s/APNQkAFu8OfjZIWaAiqEV2caUitiuU2c-dHvGcpPNgQjRXaj9tLZ1PvhNAOcSDCgTEf9NHKgitjaXsXsCj6VwracSo0JhX-Pas6BdaYNUC7m6_cQYgKg6Vo9wl285ZJY7aXlEn1-qeuNqw=w1000-h1000-c-n,42.4484658,-76.481,0.3104,True,3
190415,Cornell University,coffee,ChIJnU1g142B0IkR3HF128rsI2o,0x89d0818dd7604d9d:0x6a23eccadb7571dc,7-Eleven,Coffee shop,"[""Coffee shop"", ""Beer store"", ""Convenience store"", ""Pizza restaurant""]","409 College Ave, Ithaca, NY 14850",(607) 256-9672,https://www.7-eleven.com/locations/ny/ithaca/409-college-ave-35255?utm_source=G&utm_medium=local&utm_campaign=google-local,3.4,62.0,$,Open 24 hours,"""Open 24 hours""","{""tuesday"": ""Open 24 hours"", ""wednesday"": ""Open 24 hours"", ""thursday"": ""Open 24 hours"", ""friday"": ""Open 24 hours"", ""saturday"": ""Open 24 hours"", ""sunday"": ""Open 24 hours"", ""monday"": ""Open 24 hours""}","{""in_store_shopping"": true, ""delivery"": true}","Pit stop for snacks, drinks & daily essentials. Pit stop for snacks, drinks & daily essentials",https://lh3.googleusercontent.com/gps-cs-s/APNQkAGJcqadGhw2jCOIKKHwsh_-YAos5i-lgM8nSEwVoQqVTkiDvMWtWHgqsttc7f6VTVuvuc7UFDKxjF_7d0zehVG6iEfiQLWKU80q030B30d2ItkNpqyzupGv1he8t93WM0avBPmGFQ=w1000-h1000-c-n,42.4421178,-76.4849973,0.7865,True,3
217156,Brown University,coffee,ChIJ26aCxxBF5IkRKPlNRbIC6d4,0x89e44510c782a6db:0xdee902b2454df928,Sydney Providence,Coffee shop,"[""Coffee shop"", ""Breakfast restaurant"", ""Cafe"", ""Tea house""]","400 Exchange St, Providence, RI 02903",(401) 648-4994,http://www.sydneypvd.com/,4.4,517.0,$10–20,Open · Closes 6 PM,"""Open \u00b7 Closes 6\u202fPM""","{""tuesday"": ""6\u202fAM\u20136\u202fPM"", ""wednesday"": ""6\u202fAM\u20136\u202fPM"", ""thursday"": ""6\u202fAM\u20136\u202fPM"", ""friday"": ""6\u202fAM\u20136\u202fPM"", ""saturday"": ""7\u202fAM\u20136\u202fPM"", ""sunday"": ""7\u202fAM\u20136\u202fPM"", ""monday"": ""6\u202fAM\u20136\u202fPM""}","{""dine_in"": true, ""takeout"": true, ""delivery"": true}","Chic cafe for light fare & coffee. Airy spot for breakfast & light lunches, plus a few to-go options, alongside espresso & tea drinks.",https://lh3.googleusercontent.com/gps-cs-s/APNQkAEXuOJd38wspqNUxwS9uq1vzXrrRQLeOeD-ajNs1NXOzjK4z8_ggb1r-eF5pBy8j1bjfDgDDxAhxWAmKOnMWDMBvUXV6tDMvaZ3zqgjPWQgrA8n2wnp7cVFYEe4xHmRSoU-Hueqvg=w1000-h1000-c-n,41.8278942,-71.4130303,0.4505,True,3
217156,Brown University,coffee,ChIJH9MoWO5F5IkRLEIGCH8sq8U,0x89e445ee5828d31f:0xc5ab2c7f0806422c,Hazel Origin Coffee LLC,Espresso bar,"[""Espresso bar""]","250 Brook St, Providence, RI 02906",(401) 573-1111,https://www.hazelorigincoffee.com/,4.5,48.0,$10–20,Open · Closes 6 PM,"""Open \u00b7 Closes 6\u202fPM""","{""tuesday"": ""7:30\u202fAM\u20136\u202fPM"", ""wednesday"": ""7:30\u202fAM\u20136\u202fPM"", ""thursday"": ""7:30\u202fAM\u20136\u202fPM"", ""friday"": ""7:30\u202fAM\u20136\u202fPM"", ""saturday"": ""7:30\u202fAM\u20136\u202fPM"", ""sunday"": ""9\u202fAM\u20133\u202fPM"", ""monday"": ""7:30\u202fAM\u20136\u202fPM""}","{""dine_in"": true, ""takeout"": true, ""delivery"": false}",,https://lh3.googleusercontent.com/gps-cs-s/APNQkAFuIIGBD6AM5nvdYr-kSckzG-X8PULD4TsKpYUntvRNqhmCIGBa0vycxzfiik3zVyg-shkzSBUdLkLllBAyKinU82FE3gt9Spex55M7pN7EO94jCAOKBBSgG6vQ-D5aUg9s6vQ=w1000-h1000-c-n,41.8235145,-71.39905329999999,0.6725,True,3
217156,Brown University,coffee,ChIJuakUzhJF5IkRSM-nfjhHpf0,0x89e44512ce14a9b9:0xfda547387ea7cf48,Coffee Connection Providence,Coffee shop,"[""Coffee shop""]","32 Custom House St Unit 1, Providence, RI 02903",(401) 270-1801,http://www.coffeeconnectionri.com/,4.5,321.0,$10–20,Closed · Opens 7 AM Wed,"""Closed \u00b7 Opens 7\u202fAM Wed""","{""tuesday"": ""7\u202fAM\u20133\u202fPM"", ""wednesday"": ""7\u202fAM\u20133\u202fPM"", ""thursday"": ""7\u202fAM\u20133\u202fPM"", ""friday"": ""7\u202fAM\u20133\u202fPM"", ""saturday"": ""8\u202fAM\u20133\u202fPM"", ""sunday"": ""8\u202fAM\u20133\u202fPM"", ""monday"": ""7\u202fAM\u20133\u202fPM""}","{""dine_in"": true, ""takeout"": true, ""no_contact_delivery"": true}",,https://lh3.googleusercontent.com/gps-proxy/ALd4DhEKSF40xbS4hpBVXh511sG-DnlifX9se4nkJZsOu7AVBHJsAr946G4V9zzA7oQ7RPuC8XZSGuDujAE11K-zmuYnukK-Iy6XCaYLyHYnPDqzw9eHK87upOPLknblcn_r9MTiceq6acEL7aCNIxYLEo-HtZl_1HT7uiYV6lBKQTL2Fb5wlaK0rnUr=w1000-h1000-c-n,41.8240673,-71.4091352,0.5559,True,3
217156,Brown University,coffee,ChIJf5sMIgBF5IkRFJ98wjlhlWQ,0x89e44500220c9b7f:0x64956139c27c9f14,Hazel Origin Coffee LLC,Espresso bar,"[""Espresso bar""]","2 Thomas St, Providence, RI 02903",,https://www.hazelorigincoffee.com/,4.2,31.0,$1–10,Open · Closes 5 PM,"""Open \u00b7 Closes 5\u202fPM""","{""tuesday"": ""7\u202fAM\u20135\u202fPM"", ""wednesday"": ""7\u202fAM\u20135\u202fPM"", ""thursday"": ""7\u202fAM\u20135\u202fPM"", ""friday"": ""7\u202fAM\u20135\u202fPM"", ""saturday"": ""7\u202fAM\u20135\u202fPM"", ""sunday"": ""8\u202fAM\u20133\u202fPM"", ""monday"": ""7\u202fAM\u20135\u202fPM""}","{""dine_in"": true, ""takeout"": true}",,https://lh3.googleusercontent.com/gps-proxy/ALd4DhGG16fQK58Rs47Rjlq_ZBGZqLSTX3pzpU14UNlxGnSP7vcHHchj0MJCf4uHYRA5NNuOqebCv3kxvMFSK9JqvWvZoNMd4ZiMhErvMm6jeF0BxHEmrzCYSEiAY8Eh2FIKWAr4dTdpWZ5S-Cj7bG-EjCKcVZ6UhTP28fdH36HIzLiGtqDXOhVeOSfe=w1000-h1000-c-n,41.8276962,-71.4089213,0.3191,True,3
217156,Brown University,coffee,ChIJ9TQbIRRF5IkRhPTVY_dKHD4,0x89e44514211b34f5:0x3e1c4af763d5f484,Cafe La France,Cafe,"[""Cafe""]","100 Gaspee St, Providence, RI 02903",(401) 273-3010,http://www.cafelafrance.com/,4.4,335.0,$10–20,Open · Closes 5 PM,"""Open \u00b7 Closes 5\u202fPM""","{""tuesday"": ""6\u202fAM\u20135\u202fPM"", ""wednesday"": ""6\u202fAM\u20135\u202fPM"", ""thursday"": ""6\u202fAM\u20135\u202fPM"", ""friday"": ""6\u202fAM\u20135\u202fPM"", ""saturday"": ""8:30\u202fAM\u20132\u202fPM"", ""sunday"": ""8:30\u202fAM\u20132\u202fPM"", ""monday"": ""6\u202fAM\u20135\u202fPM""}","{""dine_in"": true, ""takeout"": true, ""no_contact_delivery"": true}",,https://lh3.googleusercontent.com/gps-cs-s/APNQkAHmH3_xZRxdsmK8ko_mo5cS5sUyJxz5a1CvI4m0dSBS3HOs_FV3Nme0l5lDAjKVLXaersSbY31o5Vq7dJzOvf9W2YsmSK-Pw8MX468VPTYp13FmUf4Uuo2x2UL2w3rjFyqqW80=w1000-h1000-c-n,41.8292199,-71.413331,0.4169,True,3
217156,Brown University,coffee,ChIJ3zH3yA9F5IkR65F8jYO4JQ8,0x89e4450fc8f731df:0xf25b8838d7c91eb,Nero's Foundry Cafe,Restaurant,"[""Restaurant""]","235 Promenade St Suite 250, Providence, RI 02908",(401) 273-6550,https://neroscafe.net/,4.8,39.0,$10–20,Closed · Opens 7 AM Wed,"""Closed \u00b7 Opens 7\u202fAM Wed""","{""tuesday"": ""7\u202fAM\u20133\u202fPM"", ""wednesday"": ""7\u202fAM\u20133\u202fPM"", ""thursday"": ""7\u202fAM\u20133\u202fPM"", ""friday"": ""7\u202fAM\u20132:30\u202fPM"", ""saturday"": ""Closed"", ""sunday"": ""Closed"", ""monday"": ""7\u202fAM\u20133\u202fPM""}","{""dine_in"": true, ""takeout"": true, ""delivery"": true}",,https://lh3.googleusercontent.com/gps-cs-s/APNQkAETexEQLXXMSWuiRcvgnABd4waB3klWQK_HCl_I39ohWFngjNG920zVDf7h8ob9QD1LGRgXuc7Syul73HxQoFs8E1jCNK0uKPsSowG_f6ui5bPJTLmJ6h9Eq9igp0hZAGnsmKXG=w1000-h1000-c-n,41.8289408,-71.4191191,0.7037,True,3
217156,Brown University,coffee,ChIJKzs59CdF5IkRuAqEWojlsT4,0x89e44527f4393b2b:0x3eb1e5885a840ab8,Ceremony College Hill,Coffee shop,"[""Coffee shop"", ""Bar"", ""Coffee store"", ""Espresso bar"", ""Pottery store"", ""Tea house"", ""Tea store""]","406 Brook St, Providence, RI 02906",,http://www.ceremonypvd.com/,4.5,376.0,$1–10,Open · Closes 6:30 PM,"""Open \u00b7 Closes 6:30\u202fPM""","{""tuesday"": ""8\u202fAM\u20136:30\u202fPM"", ""wednesday"": ""8\u202fAM\u20136:30\u202fPM"", ""thursday"": ""8\u202fAM\u20136:30\u202fPM"", ""friday"": ""8\u202fAM\u20136:30\u202fPM"", ""saturday"": ""9\u202fAM\u20136:30\u202fPM"", ""sunday"": ""9\u202fAM\u20136:30\u202fPM"", ""monday"": ""8\u202fAM\u20136:30\u202fPM""}","{""dine_in"": true, ""takeout"": true}",,https://lh3.googleusercontent.com/gps-cs-s/APNQkAGjCqj_-EXjiICbg9EXln4i1V0Fb22d_WGBJIMy7FnkhTpi9GCfQIrFj4Ksbo_qpnRosDKI28PctL40azX7HMcgTR78QZtWtGd8rA5npppyqLEs9TT8axGSyyssFF32NKqgnTniiQ=w1000-h1000-c-n,41.8285895,-71.3997176,0.3902,True,3
217156,Brown University,coffee,ChIJ_0BMvxdF5IkRE7CWc-meRfk,0x89e44517bf4c40ff:0xf9459ee97396b013,Bolt Coffee,Cafe,"[""Cafe""]","224 Benefit St RISD Museum, Providence, RI 02903",(401) 214-2080,http://www.boltcoffeecompany.com/,4.3,106.0,$1–10,Closes soon · 4 PM · Opens 8 AM Wed,"""Closes soon \u00b7 4\u202fPM \u00b7 Opens 8\u202fAM Wed""","{""tuesday"": ""8\u202fAM\u20134\u202fPM"", ""wednesday"": ""8\u202fAM\u20134\u202fPM"", ""thursday"": ""8\u202fAM\u20137\u202fPM"", ""friday"": ""8\u202fAM\u20134\u202fPM"", ""saturday"": ""8\u202fAM\u20134\u202fPM"", ""sunday"": ""8\u202fAM\u20134\u202fPM"", ""monday"": ""Closed""}","{""dine_in"": true, ""takeout"": true, ""delivery"": false}",,https://lh3.googleusercontent.com/gps-cs-s/APNQkAHcca_Lci0rb7N2YBh7BrVAMj7trCT--BQ8AGfSeVy9OB3W7xkChG0q-y4MVUZSPjw7eQuta6EotLhub0FGXsJ3dpl0RYl_ryFPpx6y3RQrAnXzNVLSPog7C63L--Ev7te2DRQ=w1000-h1000-c-n,41.8268961,-71.40744339999999,0.3446,True,3
217156,Brown University,coffee,ChIJQfx7oz5F5IkR_CW7BQWQeDo,0x89e4453ea37bfc41:0x3a78900505bb25fc,Café La France,Coffee shop,"[""Coffee shop""]","One Turks Head Place, Providence, RI 02903",(401) 454-8440,https://www.cafelafrance.com/,5.0,4.0,,Closed · Opens 7 AM Wed,"""Closed \u00b7 Opens 7\u202fAM Wed""","{""tuesday"": ""7\u202fAM\u20132\u202fPM"", ""wednesday"": ""7\u202fAM\u20132\u202fPM"", ""thursday"": ""7\u202fAM\u20132\u202fPM"", ""friday"": ""7\u202fAM\u20132\u202fPM"", ""saturday"": ""Closed"", ""sunday"": ""Closed"", ""monday"": ""7\u202fAM\u20132\u202fPM""}","{""dine_in"": true, ""takeout"": true}",,https://lh3.googleusercontent.com/gps-cs-s/APNQkAHfDhgvnsmjnNtjX0xtjqHA3f7uJ3LbdqOsAxF6c0JM5-6hbmMpbaZiIo0IZL2R-23lbsvT_qFyLs_yZgXjlArKWwWKulHcO6ppxJAYxYRHDP6q3xFzD4N7_5s-x2vdsydBXpEf=w1000-h1000-c-n,41.824575,-71.41004869999999,0.5389,True,3
217156,Brown University,coffee,ChIJVS2rjhNF5IkRghJFp25H8rI,0x89e445138eab2d55:0xb2f2476ea7451282,Small Point Café,Cafe,"[""Cafe"", ""Espresso bar"", ""Restaurant"", ""Tea house""]","230 Westminster St, Providence, RI 02903",(401) 228-6999,http://smallpointcafe.com/,4.4,747.0,$10–20,Closed · Opens 7:30 AM Wed,"""Closed \u00b7 Opens 7:30\u202fAM Wed""","{""tuesday"": ""Closed"", ""wednesday"": ""7:30\u202fAM\u20133\u202fPM"", ""thursday"": ""7:30\u202fAM\u20133\u202fPM"", ""friday"": ""7:30\u202fAM\u20133\u202fPM"", ""saturday"": ""8\u202fAM\u20135\u202fPM"", ""sunday"": ""8\u202fAM\u20135\u202fPM"", ""monday"": ""7:30\u202fAM\u20133\u202fPM""}","{""dine_in"": true, ""takeout"": true, ""delivery"": true}","Hip, green venue for sandwiches & coffee. Funky, eco-friendly stop for pastries & organic sandwiches, plus espresso drinks & cold brew coffee.",https://lh3.googleusercontent.com/gps-cs-s/APNQkAFyn-sCbX2AYd_Nqk5j2hH6YRPSgmsrHy93bbUY2W-5DTdnSlVgZ_rUCK1Pg7plEVmeYhMAF0Ywath7hdegkpwgoAeyeezd6LoKL5Nt15hRza3wFj9xXTzTrI2VJus-mvZRRS02=w1000-h1000-c-n,41.8229526,-71.4124369,0.6935,True,3
217156,Brown University,coffee,ChIJzYybs29F5IkRePd7nvjoGS8,0x89e4456fb39b8ccd:0x2f19e8f89e7bf778,Zinneken's Belgian waffles | Providence,Coffee shop,"[""Coffee shop"", ""Bakery"", ""Belgian restaurant"", ""Breakfast restaurant"", ""Cafe"", ""Dessert shop""]","194 Angell St, Providence, RI 02906",(401) 228-2188,http://www.zinnekenswaffles.com/,4.6,235.0,$10–20,Open · Closes 10 PM,"""Open \u00b7 Closes 10\u202fPM""","{""tuesday"": ""10:30\u202fAM\u201310\u202fPM"", ""wednesday"": ""10:30\u202fAM\u201310\u202fPM"", ""thursday"": ""10:30\u202fAM\u201310\u202fPM"", ""friday"": ""10:30\u202fAM\u201311\u202fPM"", ""saturday"": ""10:30\u202fAM\u201311\u202fPM"", ""sunday"": ""10:30\u202fAM\u20139\u202fPM"", ""monday"": ""10:30\u202fAM\u201310\u202fPM""}","{""dine_in"": true, ""takeout"": true, ""delivery"": true}",,https://lh3.googleusercontent.com/gps-cs-s/APNQkAEwwqEKTy0F2BC8-uaA3KnhoHp21hhKPIHjoe78f65kP0k85cV8Q295kv9vbKzMX1_hBH3sWK2nyZFqZcyoXH1bEQLCgNQ9-1lueT3ANX8ilax3m0jV60cf-GW3jlUACXDFbvaTEg=w1000-h1000-c-n,41.8283586,-71.40001099999999,0.3873,True,3
217156,Brown University,coffee,ChIJrykVIT1F5IkRl_N8K9VTcLQ,0x89e4453d211529af:0xb47053d52b7cf397,Blue Room Cafe,Cafe,"[""Cafe"", ""Restaurant""]","75 Waterman St, Providence, RI 02912",(401) 863-3028,http://www.brown.edu/Student_Services/Food_Services/eateries/blueroom.php,4.6,52.0,$,Closed · Opens 8 AM Wed,"""Closed \u00b7 Opens 8\u202fAM Wed""","{""tuesday"": ""8\u202fAM\u20133\u202fPM"", ""wednesday"": ""8\u202fAM\u20133\u202fPM"", ""thursday"": ""8\u202fAM\u20133\u202fPM"", ""friday"": ""8\u202fAM\u20133\u202fPM"", ""saturday"": ""Closed"", ""sunday"": ""Closed"", ""monday"": ""8\u202fAM\u20133\u202fPM""}","{""dine_in"": true, ""takeout"": true, ""delivery"": false}",,https://lh3.googleusercontent.com/gps-cs-s/APNQkAEQLAJm-cVO_8PfUKCP4MB_QpVHorcl_NvufthLQ2UdgkUfACEnry7V6uSBeYbwnfuw6G-Z26byfhJbynnNNtESVJ9kPIzz7_0a-9QqMFoQHbi6IULA6_R1uik_swwLgsYAHMbeIg=w1000-h1000-c-n,41.8268173,-71.4035133,0.3647,True,3
217156,Brown University,coffee,ChIJ-2CpbABF5IkRp8jLrhwoGXI,0x89e445006ca960fb:0x7219281caecbc8a7,Yumi Bar,Coffee shop,"[""Coffee shop"", ""A\u00e7a\u00ed shop"", ""Creperie"", ""Ice cream shop"", ""Juice shop""]","75 Fountain St, Providence, RI 02903",(401) 443-1000,http://yumibar.com/,4.9,153.0,$10–20,Open · Closes 11 PM,"""Open \u00b7 Closes 11\u202fPM""","{""tuesday"": ""7\u202fAM\u201311\u202fPM"", ""wednesday"": ""7\u202fAM\u201311\u202fPM"", ""thursday"": ""7\u202fAM\u201311\u202fPM"", ""friday"": ""7\u202fAM\u20132\u202fAM"", ""saturday"": ""7\u202fAM\u20132\u202fAM"", ""sunday"": ""7\u202fAM\u201311\u202fPM"", ""monday"": ""7\u202fAM\u201311\u202fPM""}","{""dine_in"": true, ""curbside_pickup"": true, ""delivery"": true}",,https://lh3.googleusercontent.com/gps-cs-s/APNQkAHceIsNlRz_TOrCDuLDUo7TA_xQmA-74gfPxkBAmL6vl8YUbm3V3m_iOdqILLKUIinN_lzl5BPILKkRSshDKs0PKisyPuc-F_zOvUE0GFxw2tC-e5qJGHfOEGzadX_A3fsiEuU0qWRcnfpN=w1000-h1000-c-n,41.8245947,-71.41499449999999,0.6785,True,3
217156,Brown University,coffee,ChIJCath9RZF5IkRvXMPtMBqiBo,0x89e44516f561ab09:0x1a886ac0b40f73bd,The Corporate Cafe,Coffee shop,"[""Coffee shop"", ""Breakfast restaurant"", ""Catering food and drink supplier"", ""Cafe"", ""Deli"", ""Lunch restaurant"", ""Takeout Restaurant"", ""Pastry shop"", ""Sandwich shop""]","40 Westminster St Fl 1B, Providence, RI 02903",(401) 521-3877,https://www.thecorporatecafe.com/,4.5,31.0,$10–20,Closed · Opens 7 AM Wed,"""Closed \u00b7 Opens 7\u202fAM Wed""","{""tuesday"": ""7\u202fAM\u20133\u202fPM"", ""wednesday"": ""7\u202fAM\u20133\u202fPM"", ""thursday"": ""7\u202fAM\u20133\u202fPM"", ""friday"": ""7\u202fAM\u20132\u202fPM"", ""saturday"": ""Closed"", ""sunday"": ""Closed"", ""monday"": ""7\u202fAM\u20133\u202fPM""}","{""dine_in"": true, ""curbside_pickup"": true, ""delivery"": true}",,https://lh3.googleusercontent.com/gps-cs-s/APNQkAGorXjlVSzEzd3OQo0XVqzX_Bma94d0I4TXDcj8NeedFvKoMmi9DRBEaTPbrcv0FBfsqQEjb_W9ra2QXMPLWER9qnkKPIardzmcLrgkUD92-XV9jYK-BZGE-OYtIG9wZo7hZ5w=w1000-h1000-c-n,41.8249663,-71.4092866,0.4994,True,3
217156,Brown University,coffee,ChIJOX_zwBdF5IkR1lQ3oKnAnz4,0x89e44517c0f37f39:0x3e9fc0a9a03754d6,Carr Haus Café,Cafe,"[""Cafe""]","210 Benefit St, Providence, RI 02903",(401) 454-6360,https://info.risd.edu/carr-haus-caf%C3%A9/,4.5,30.0,$1–10,Open · Closes 8 PM,"""Open \u00b7 Closes 8\u202fPM""","{""tuesday"": ""8\u202fAM\u20138\u202fPM"", ""wednesday"": ""8\u202fAM\u20138\u202fPM"", ""thursday"": ""8\u202fAM\u20138\u202fPM"", ""friday"": ""8\u202fAM\u20138\u202fPM"", ""saturday"": ""Closed"", ""sunday"": ""Closed"", ""monday"": ""8\u202fAM\u20138\u202fPM""}","{""dine_in"": true, ""takeout"": true, ""delivery"": false}",,https://lh3.googleusercontent.com/gps-cs-s/APNQkAH5CZ37CST8KCTY0kgArcNNBHdVNmOmdmknLpwXcb_de7HWmPeo-CQfpeM0VySvWuiPk-kE8hsQJ9d-CzrYUvGaWGwxGKeph7HfcV4MNlQfPcCcdeY4iepsL7p_qtsCY50woKp2=w1000-h1000-c-n,41.8271172,-71.4075834,0.3314,True,3
182670,Dartmouth College,coffee,ChIJOz00OubJtEwRTDtlEPra8pw,0x4cb4c9e63a343d3b:0x9cf2dafa10653b4c,Circle K,Coffee shop,"[""Coffee shop"", ""ATM"", ""Convenience store"", ""Gas station"", ""Public bathroom"", ""Snack bar""]","73 S Main St, Hanover, NH 03755",(603) 643-9750,https://www.circlek.com/store-locator/US/hanover/73-main-st/4707245?utm_source=google&utm_medium=local&utm_campaign=google-local,3.1,15.0,$,Open · Closes 11 PM,"""Open \u00b7 Closes 11\u202fPM""","{""tuesday"": ""5\u202fAM\u201311\u202fPM"", ""wednesday"": ""5\u202fAM\u201311\u202fPM"", ""thursday"": ""5\u202fAM\u201311\u202fPM"", ""friday"": ""5\u202fAM\u201311\u202fPM"", ""saturday"": ""5\u202fAM\u201311\u202fPM"", ""sunday"": ""5\u202fAM\u201311\u202fPM"", ""monday"": ""5\u202fAM\u201311\u202fPM""}","{""onsite_services"": true, ""delivery"": false}",,https://lh3.googleusercontent.com/gps-cs-s/APNQkAEkAKeEtM_erqe6bGIqIBjYejPwk1S-PvsqoaRciVhyl04rptMO3STMBwycTYwanyuttDLs2nmvq6cRzpSkv8TjSPwv5aAdKP0D301T9cqeg6QXX9DuY440W6op6IL4mL5OhmqH=w1000-h1000-c-n,43.6997928,-72.2900495,0.3962,True,3
190150,Columbia University in the City of New York,coffee,ChIJx0oEewD3wokRct2k_p2gezA,0x89c2f7007b044ac7:0x307ba09dfea4dd72,Superhet Coffee,Coffee shop,"[""Coffee shop""]","390 Manhattan Ave, New York, NY 10026",,https://www.instagram.com/superhetcoffee/,4.7,87.0,$1–10,Closed · Opens 7 AM Wed,"""Closed \u00b7 Opens 7\u202fAM Wed""","{""tuesday"": ""7\u202fAM\u20131\u202fPM"", ""wednesday"": ""7\u202fAM\u20133\u202fPM"", ""thursday"": ""7\u202fAM\u20133\u202fPM"", ""friday"": ""7\u202fAM\u20133\u202fPM"", ""saturday"": ""9\u202fAM\u20133\u202fPM"", ""sunday"": ""9\u202fAM\u20133\u202fPM"", ""monday"": ""7\u202fAM\u20131\u202fPM""}","{""dine_in"": true, ""takeout"": true, ""delivery"": false}",,https://lh3.googleusercontent.com/gps-cs-s/APNQkAHtb-VLJMNp9Yy-wxiE_ISYqP5K97d7PQ-IY6PAymIU5QObrBcQMmKEtpXpHOIhuYrGwG03Y7FmjtTDjG-H4rbax895Ao-wT3nhduyjUVkP2FHFcgO2-FzLhO5sIlOEegD5IT39b8W-G0w_=w1000-h1000-c-n,40.8053444,-73.95633269999999,0.3624,True,3
190150,Columbia University in the City of New York,coffee,ChIJ12buBRT2wokRogC-HTRuMUM,0x89c2f61405ee66d7:0x43316e341dbe00a2,Double Dutch Espresso,Coffee shop,"[""Coffee shop""]","2194 Frederick Douglass Blvd, New York, NY 10026",(646) 868-5440,http://doubledutchespresso.com/,4.5,628.0,$1–10,Open · Closes 6 PM,"""Open \u00b7 Closes 6\u202fPM""","{""tuesday"": ""7\u202fAM\u20136\u202fPM"", ""wednesday"": ""7\u202fAM\u20136\u202fPM"", ""thursday"": ""7\u202fAM\u20136\u202fPM"", ""friday"": ""7\u202fAM\u20136\u202fPM"", ""saturday"": ""8\u202fAM\u20136\u202fPM"", ""sunday"": ""8\u202fAM\u20136\u202fPM"", ""monday"": ""7\u202fAM\u20136\u202fPM""}","{""dine_in"": true, ""takeout"": true, ""delivery"": false}","Charming coffeehouse with a back patio. Brick walls & vintage fixtures adorn this inviting cafe offering pastries, Wi-Fi & a back patio.",https://lh3.googleusercontent.com/gps-cs-s/APNQkAErmLtophrsTX69d29D74CfuDbPcJe8DSNDaiE1G5_FTgH7CNUACoCjl4e7pgiPW2ASr55lc--RXx62J2Zkj5eHKcVhEKHM5RnxFvkQEU6nIZr8ICz0eY-Iy2TWwedp8xPIKF-d=w1000-h1000-c-n,40.8058557,-73.954049,0.4605,True,3
190150,Columbia University in the City of New York,coffee,ChIJEVVgiCz3wokRjVxrVqLaxcw,0x89c2f72c88605511:0xccc5daa2566b5c8d,The Monkey Cup,Coffee shop,"[""Coffee shop"", ""Cafe"", ""Cafeteria"", ""Tea house"", ""Venezuelan restaurant""]","1965 Adam Clayton Powell Jr Blvd, New York, NY 10026",,http://www.themonkeycup.com/,4.7,769.0,$1–10,Open · Closes 6 PM,"""Open \u00b7 Closes 6\u202fPM""","{""tuesday"": ""7\u202fAM\u20136\u202fPM"", ""wednesday"": ""7\u202fAM\u20136\u202fPM"", ""thursday"": ""7\u202fAM\u20136\u202fPM"", ""friday"": ""7\u202fAM\u20136\u202fPM"", ""saturday"": ""7\u202fAM\u20136\u202fPM"", ""sunday"": ""7\u202fAM\u20136\u202fPM"", ""monday"": ""7\u202fAM\u20136\u202fPM""}","{""dine_in"": true, ""curbside_pickup"": true, ""delivery"": false}",,https://lh3.googleusercontent.com/gps-cs-s/APNQkAFRLYDPtFkqSq54aNQpmqMobTRFqSVHgt4f7jxH8rIRP9TD06AM8T-W4sePELDVBuAT16_oMQPPERdCel2Jci-7HhdXaZBwrwgdN0IjQvF3xHTJ5Gy_-ZgNDBlrSpVy8Enryk6EuQ=w1000-h1000-c-n,40.8046394,-73.9511851,0.6291,True,3
190150,Columbia University in the City of New York,coffee,ChIJ2xnkaWj3wokRx7sQ9uV_8DM,0x89c2f76869e419db:0x33f07fe5f610bbc7,Super Nice Coffee and Bakery,Coffee shop,"[""Coffee shop"", ""Bakery"", ""Donut shop"", ""Espresso bar""]","196 W 108th St, New York, NY 10025",(332) 257-8886,http://supernice.nyc/,4.6,388.0,$1–10,Open · Closes 5 PM,"""Open \u00b7 Closes 5\u202fPM""","{""tuesday"": ""8\u202fAM\u20135\u202fPM"", ""wednesday"": ""8\u202fAM\u20135\u202fPM"", ""thursday"": ""8\u202fAM\u20135\u202fPM"", ""friday"": ""8\u202fAM\u20135\u202fPM"", ""saturday"": ""9\u202fAM\u20133\u202fPM"", ""sunday"": ""9\u202fAM\u20133\u202fPM"", ""monday"": ""8\u202fAM\u20135\u202fPM""}","{""dine_in"": true, ""takeout"": true, ""no_contact_delivery"": true}",,https://lh3.googleusercontent.com/gps-proxy/ALd4DhF21A0t6f9uxT1KVCouLlwU9Yq7BtN3xXDPc1ZlgKhjk4c1u5-TiNSMxDUAq-GLc2yEN9QAHya5tOJ_FhhycEkk5nb5dkiOKEJTT363vUbnH05AbId21FTZzjotjy0sBcxOH9EykrQ86m7j35Wd9_zb_WkCodsyq00esomLMmhQdIkGgeNYIAUc=w1000-h1000-c-n,40.8015048,-73.96451119999999,0.4443,True,3
190150,Columbia University in the City of New York,coffee,ChIJtYZo_IT3wokR52vzm09_srM,0x89c2f784fc6886b5:0xb3b27f4f9bf36be7,Calaveras Coffee Shop,Coffee shop,"[""Coffee shop""]","949 Columbus Ave, New York, NY 10025",(646) 484-6533,http://thecalaverasnyc.com/food,4.8,18.0,$10–20,Closed · Opens 8 AM Wed,"""Closed \u00b7 Opens 8\u202fAM Wed""","{""tuesday"": ""8\u202fAM\u20132\u202fPM"", ""wednesday"": ""8\u202fAM\u20132\u202fPM"", ""thursday"": ""8\u202fAM\u20132\u202fPM"", ""friday"": ""8\u202fAM\u20132\u202fPM"", ""saturday"": ""8\u202fAM\u20134\u202fPM"", ""sunday"": ""8\u202fAM\u20134\u202fPM"", ""monday"": ""8\u202fAM\u20132\u202fPM""}","{""dine_in"": true, ""curbside_pickup"": true, ""no_contact_delivery"": true}",,https://lh3.googleusercontent.com/gps-proxy/ALd4DhH9cckHsHUr6ELtQjRn3CJkU8Mv3QEro0aT26MxNiQo91TwQtZ4RNVVMuFIbvzM_Sj_1kt5WWJ68mSj3neZ8nXrLDnl0XEHq9VnfMHNBv9li4LP6eYcrqPzm6cgVQXiRI6KZUwqvsXsUIBzpvQHvhQnPnt9-skyjuWxHGo8dkhlre9aJ3W8mHzJ=w1000-h1000-c-n,40.7996006,-73.9624103,0.5631,True,3
190150,Columbia University in the City of New York,coffee,ChIJ_b1E3SL2wokRTWg9iGWFSXI,0x89c2f622dd44bdfd:0x72498565883d684d,Demitasse Coffee & Tea/The Calaveras NYC,Coffee shop,"[""Coffee shop"", ""Cafe""]","949 Columbus Ave, New York, NY 10025",(646) 861-2667,http://demitassecoffeegroup.com/,4.4,269.0,$10–20,Closed · Opens 8 AM Wed,"""Closed \u00b7 Opens 8\u202fAM Wed""","{""tuesday"": ""8\u202fAM\u201312\u202fPM"", ""wednesday"": ""8\u202fAM\u201312\u202fPM"", ""thursday"": ""8\u202fAM\u201312\u202fPM"", ""friday"": ""8\u202fAM\u201312\u202fPM"", ""saturday"": ""8\u202fAM\u20133\u202fPM"", ""sunday"": ""8\u202fAM\u20133\u202fPM"", ""monday"": ""8\u202fAM\u201312\u202fPM""}","{""dine_in"": true, ""takeout"": true, ""no_contact_delivery"": true}",,https://lh3.googleusercontent.com/gps-cs-s/APNQkAE94lpuGFEZC_HY4JRQWZoqpUPo8Fc1HxMTNYMwdN6ong6erc_k_GnLIHIA4Shq0j4NArhLnAHWnbtLiCyTEP88NvmDQF3rdxqFHeaXoi9n7NJAQXenqzSOxG27F8DxIWEmv0s=w1000-h1000-c-n,40.7995303,-73.96233219999999,0.568,True,3
190150,Columbia University in the City of New York,coffee,ChIJ_3dPMCL2wokRuIsdH_2ibP8,0x89c2f622304f77ff:0xff6ca2fd1f1d8bb8,Plowshares Coffee Bloomingdale,Coffee shop,"[""Coffee shop"", ""Cafe"", ""Coffee store""]","2730 Broadway, New York, NY 10025",(212) 222-0280,http://www.plowsharescoffee.com/,4.3,447.0,$1–10,Open · Closes 5:30 PM,"""Open \u00b7 Closes 5:30\u202fPM""","{""tuesday"": ""7:30\u202fAM\u20135:30\u202fPM"", ""wednesday"": ""7:30\u202fAM\u20135:30\u202fPM"", ""thursday"": ""7:30\u202fAM\u20135:30\u202fPM"", ""friday"": ""7:30\u202fAM\u20135:30\u202fPM"", ""saturday"": ""8\u202fAM\u20135:30\u202fPM"", ""sunday"": ""8\u202fAM\u20135:30\u202fPM"", ""monday"": ""7:30\u202fAM\u20135:30\u202fPM""}","{""dine_in"": true, ""takeout"": true, ""delivery"": true}","Cozy spot for artisanal brews & bites. Cool, cozy outpost of a sustainably minded local roaster offering coffee & baked goods.",https://lh3.googleusercontent.com/gps-cs-s/APNQkAE9BQc0F6xjokZUUrSK4yOs2MQm5JxYrOrSJiIHQQ2ahbaShQFfujQvgD1RIvhL9UfhVeuefeZjREns2UvqnbzQiap9R9SKjGtCiDuAKASy23gcfVatNQr6B3E9VyNaMFm0Dj8=w1000-h1000-c-n,40.8001111,-73.9677667,0.5956,True,3
190150,Columbia University in the City of New York,coffee,ChIJN54LBBn3wokR0RF0Los2gv8,0x89c2f719040b9e37:0xff82368b2e7411d1,Plowshares Coffee Roasters,Coffee shop,"[""Coffee shop"", ""Cafe"", ""Coffee machine supplier"", ""Coffee roastery"", ""Coffee store"", ""Coffee wholesaler""]","1351 Amsterdam Ave, New York, NY 10027",(646) 755-8667,http://www.plowsharescoffee.com/,4.5,226.0,$1–10,Open · Closes 5 PM,"""Open \u00b7 Closes 5\u202fPM""","{""tuesday"": ""8\u202fAM\u20135\u202fPM"", ""wednesday"": ""8\u202fAM\u20135\u202fPM"", ""thursday"": ""8\u202fAM\u20135\u202fPM"", ""friday"": ""8\u202fAM\u20135\u202fPM"", ""saturday"": ""9\u202fAM\u20135\u202fPM"", ""sunday"": ""9\u202fAM\u20135\u202fPM"", ""monday"": ""8\u202fAM\u20135\u202fPM""}","{""dine_in"": true, ""takeout"": true, ""delivery"": false}",,https://lh3.googleusercontent.com/gps-cs-s/APNQkAH4EEhh5rcIPReip69ww6IUggqbkm8ueSFhU6CPBDnkeXiahjAPyeJaot5_s-64sr-YxADJllj1gPz71JNNyDjO2XqC8qi44G6qsviLX0KCun0e9HycTNZoKBzLDdy-VEgvW1sfXA=w1000-h1000-c-n,40.8137198,-73.9556886,0.5446,True,3
190150,Columbia University in the City of New York,coffee,ChIJGWwnhNT3wokR2ihHIXpVdVA,0x89c2f7d484276c19:0x5075557a214728da,1927 Cafe Bar Popularr,Cafe,"[""Cafe""]","19 St Nicholas Ave, New York, NY 10026",(917) 409-1717,,4.5,109.0,$10–20,Open · Closes 6 PM,"""Open \u00b7 Closes 6\u202fPM""","{""tuesday"": ""7:30\u202fAM\u20136\u202fPM"", ""wednesday"": ""7:30\u202fAM\u20136\u202fPM"", ""thursday"": ""7:30\u202fAM\u20133\u202fPM"", ""friday"": ""7:30\u202fAM\u20136\u202fPM"", ""saturday"": ""7:30\u202fAM\u20135\u202fPM"", ""sunday"": ""7:30\u202fAM\u20136\u202fPM"", ""monday"": ""7:30\u202fAM\u20136\u202fPM""}","{""dine_in"": true, ""takeout"": true, ""delivery"": true}",,https://lh3.googleusercontent.com/gps-cs-s/APNQkAElCZpvhPxvNgotNIVP7-pZm--lIyCIBSUL4G5y7mjGpOifFfeHzX_HcRLCZO1oB4FNBkXqXzJzG5jWvQpA5V5flzs7tSMDrTb49kbtJwi_MUdrVRwrb1tmsnttCvo0VI_-CBzw=w1000-h1000-c-n,40.7997798,-73.9527135,0.7515,True,3
110635,University of California-Berkeley,coffee,ChIJgz3oXhJ9hYARlD3v3inA8uY,0x80857d125ee83d83:0xe6f2c029deef3d94,Mind Coffee,Coffee shop,"[""Coffee shop""]","1816 Euclid Ave, Berkeley, CA 94709",,https://www.themindcoffee.com/,4.6,233.0,$1–10,Open · Closes 5 PM,"""Open \u00b7 Closes 5\u202fPM""","{""tuesday"": ""7:30\u202fAM\u20135\u202fPM"", ""wednesday"": ""7:30\u202fAM\u20135\u202fPM"", ""thursday"": ""7:30\u202fAM\u20135\u202fPM"", ""friday"": ""9:30\u202fAM\u20135\u202fPM"", ""saturday"": ""10\u202fAM\u20135\u202fPM"", ""sunday"": ""10\u202fAM\u20135\u202fPM"", ""monday"": ""7:30\u202fAM\u20135\u202fPM""}","{""dine_in"": true, ""takeout"": true, ""delivery"": false}",,https://lh3.googleusercontent.com/gps-cs-s/APNQkAFISsJdH2JxT8REJ1Oc1Kl7fRZUqu35PYGs6nb-FXVb6XsQ9A8gllIuomzedKVcx41bMukqWgF5_LNGndRsM_7aya2cowkMSheMdXzricMl8xGmMjzBzbVbvHv_B1ExOm-LooeBrw=w1000-h1000-c-n,37.8757834,-122.2605424,0.5528,True,3
110635,University of California-Berkeley,coffee,ChIJW2yuxCh8hYARGGQHIaJzsZc,0x80857c28c4ae6c5b:0x97b173a221076418,1951 Coffee Company,Coffee shop,"[""Coffee shop""]","2410 Channing Way, Berkeley, CA 94704",,http://1951coffee.com/,4.6,432.0,$1–10,Open · Closes 5 PM,"""Open \u00b7 Closes 5\u202fPM""","{""tuesday"": ""7\u202fAM\u20135\u202fPM"", ""wednesday"": ""7\u202fAM\u20135\u202fPM"", ""thursday"": ""7\u202fAM\u20135\u202fPM"", ""friday"": ""7\u202fAM\u20135\u202fPM"", ""saturday"": ""8\u202fAM\u20133\u202fPM"", ""sunday"": ""8\u202fAM\u20133\u202fPM"", ""monday"": ""7\u202fAM\u20135\u202fPM""}","{""dine_in"": true, ""takeout"": true, ""delivery"": false}",,https://lh3.googleusercontent.com/gps-cs-s/APNQkAEM3SwhrGbddUcd_GcvQqbAm2K-q44VJRigBqRk4zTuJOyFtZZYA9g72OtpeF_ZM7vbcPKraMQxqpON2lsuohHSWMvv5EzLMcaedVYl32J9TK6WR24x17X_i77J1OOzF23u3JYp6g=w1000-h1000-c-n,37.8666433,-122.2599786,0.2608,True,3
110635,University of California-Berkeley,coffee,ChIJS4sDZp5-hYARIW-0A3ZOoqM,0x80857e9e66038b4b:0xa3a24e7603b46f21,Blue Bottle Coffee,Coffee shop,"[""Coffee shop""]","2118 University Ave #1026, Berkeley, CA 94704",(510) 661-3510,https://bluebottlecoffee.com/us/eng/northern-california-cafes?utm_source=google&utm_medium=organic&utm_campaign=cafe_business_listing_norcal,4.3,638.0,$1–10,Open · Closes 6 PM,"""Open \u00b7 Closes 6\u202fPM""","{""tuesday"": ""6:30\u202fAM\u20136\u202fPM"", ""wednesday"": ""6:30\u202fAM\u20136\u202fPM"", ""thursday"": ""6:30\u202fAM\u20136\u202fPM"", ""friday"": ""6:30\u202fAM\u20136\u202fPM"", ""saturday"": ""6:30\u202fAM\u20136\u202fPM"", ""sunday"": ""6:30\u202fAM\u20136\u202fPM"", ""monday"": ""6:30\u202fAM\u20136\u202fPM""}","{""dine_in"": true, ""takeout"": true, ""delivery"": true}","Hip cafe for gourmet coffee & pastries. Trendy cafe chain offering upscale coffee drinks & pastries, plus beans & brewing equipment.",https://lh3.googleusercontent.com/gps-cs-s/APNQkAE1f99tLso8mUPqlct-63yv08FI9bOkNp5TSz3MDpL2Cc5YEHhuOTI_0-HXOJ5mZVJZ0p6SMw0BGB4St67aunlXUBHgJgHAOWRnGN3GF0ucETBr2lP-FytgjBvnomk1YFOoFHgf=w1000-h1000-c-n,37.8720889,-122.2676333,0.6807,True,3
110635,University of California-Berkeley,coffee,ChIJA5uBzst_hYARVF2wGt7w4Xc,0x80857fcbce819b03:0x77e1f0de1ab05d54,Binge Coffee House,Coffee shop,"[""Coffee shop""]","2199 Bancroft Way, Berkeley, CA 94720",(510) 413-7879,https://www.bingecoffeehouse.com/,4.5,137.0,$10–20,Open · Closes 7 PM,"""Open \u00b7 Closes 7\u202fPM""","{""tuesday"": ""9\u202fAM\u20137\u202fPM"", ""wednesday"": ""9\u202fAM\u20137\u202fPM"", ""thursday"": ""9\u202fAM\u20137\u202fPM"", ""friday"": ""9\u202fAM\u20137\u202fPM"", ""saturday"": ""9\u202fAM\u20137\u202fPM"", ""sunday"": ""9\u202fAM\u20137\u202fPM"", ""monday"": ""9\u202fAM\u20137\u202fPM""}","{""dine_in"": true, ""takeout"": true, ""delivery"": false}",,https://lh3.googleusercontent.com/gps-proxy/ALd4DhGH8er38LUQ1QegcZ3nfRyFOckfh6Dt3hnI2p1LFEH0VUJk5KA7E_rrfSlYjefT7tOMQ1m6j7g90M-48lp0aTFZJC5Gm8J4vKLI2OsynqZDn9_OolsKrH15F4K-irfw_a4sXfuYOBkFb5JdjJe2MWVCrDv3XOHFbaCNx66b7CNtHvS4MFFbpaJK=w1000-h1000-c-n,37.8679798,-122.2662123,0.5626,True,3
110635,University of California-Berkeley,coffee,ChIJR5sdsr19hYAR3unHkvQr-LA,0x80857dbdb21d9b47:0xb0f82bf492c7e9de,Qargo Coffee,Coffee shop,"[""Coffee shop"", ""Bakery"", ""Brunch restaurant"", ""Coffee store"", ""Pastry shop""]","2344 Telegraph Ave, Berkeley, CA 94704",(341) 500-2171,https://www.qargocoffee.com/,4.5,515.0,$1–10,Open · Closes 11 PM,"""Open \u00b7 Closes 11\u202fPM""","{""tuesday"": ""8\u202fAM\u201311\u202fPM"", ""wednesday"": ""8\u202fAM\u201311\u202fPM"", ""thursday"": ""8\u202fAM\u201311\u202fPM"", ""friday"": ""8\u202fAM\u201311\u202fPM"", ""saturday"": ""8\u202fAM\u201311\u202fPM"", ""sunday"": ""8\u202fAM\u201311\u202fPM"", ""monday"": ""8\u202fAM\u201311\u202fPM""}","{""dine_in"": true, ""curbside_pickup"": true, ""delivery"": true}",,https://lh3.googleusercontent.com/gps-proxy/ALd4DhFJdYN1yFFQtnU_nbrex-wmfzOc-c6EpPWrjGRaQWdf9e56C6UXLlzDlOOpi_E722DOIrDJBvPOsXUxmfS1fdtfgl9rPv-GbHhqEtVDTFOet3aRgFCfhZxC3UNiYNTNzm3o6duY-pSRE0ip34EpiICGhP3pQRKOLjHK7StKcbcJqziCNLi0n6M=w1000-h1000-c-n,37.8679437,-122.2592771,0.1889,True,3
110635,University of California-Berkeley,coffee,ChIJg0TY5SR8hYARbxbNBfOi9SA,0x80857c24e5d84483:0x20f5a2f305cd166f,The Coffee Lab,Coffee shop,"[""Coffee shop""]","Berkeley, CA 94720",,,4.4,37.0,,Open · Closes 4 PM,"""Open \u00b7 Closes 4\u202fPM""","{""tuesday"": ""8\u202fAM\u20134\u202fPM"", ""wednesday"": ""8\u202fAM\u20134\u202fPM"", ""thursday"": ""8\u202fAM\u20134\u202fPM"", ""friday"": ""8\u202fAM\u20133\u202fPM"", ""saturday"": ""Closed"", ""sunday"": ""Closed"", ""monday"": ""8\u202fAM\u20134\u202fPM""}","{""dine_in"": true, ""takeout"": true, ""delivery"": false}",,https://lh3.googleusercontent.com/gps-cs-s/APNQkAHN2TpmZhGQ4JUgKM5J_WUFM6uNrC68lKQ7ybyYsySMSn4XjTBiY0dhhsu_UTjWy4K6RLH4-jfE5iX6o4CinFFmCsex5Xq9Tkwcj8gdKptpL_8J9dLltuOz30Rp-gOXG3MNOA=w1000-h1000-c-n,37.8727848,-122.2558245,0.2852,True,3
110635,University of California-Berkeley,coffee,ChIJJe5a5i98hYARKF0NeaK-9kM,0x80857c2fe65aee25:0x43f6bea2790d5d28,Caffè Strada,Coffee shop,"[""Coffee shop""]","2300 College Ave, Berkeley, CA 94704",(510) 843-5282,https://www.caffestrada.com/,4.3,1270.0,$1–20,Open · Closes 12 AM,"""Open \u00b7 Closes 12\u202fAM""","{""tuesday"": ""6\u202fAM\u201312\u202fAM"", ""wednesday"": ""6\u202fAM\u201312\u202fAM"", ""thursday"": ""6\u202fAM\u201312\u202fAM"", ""friday"": ""6\u202fAM\u201312\u202fAM"", ""saturday"": ""6\u202fAM\u201312\u202fAM"", ""sunday"": ""6\u202fAM\u201312\u202fAM"", ""monday"": ""6\u202fAM\u201312\u202fAM""}","{""dine_in"": true, ""takeout"": true, ""delivery"": false}","Coffeehouse with outdoor seating & WiFi. Popular among students, this tree-shaded cafe provides a kick with coffee drinks, teas & pastries.",https://lh3.googleusercontent.com/gps-cs-s/APNQkAGAFhPnXJhkM5v820N-WxH-Pgufal6cIx0vZtiZ9djsN0hpJS3PEf3LubpLBeH0xUdTAUB1L5acODAR2rC9v5gUQokX9hmdj48AQUlRtCKn2xXoIt-67klqwlw3wUQ7hDRpLueu=w1000-h1000-c-n,37.869146,-122.254859,0.0677,True,3
110635,University of California-Berkeley,coffee,ChIJDfCqVGd_hYAR2hHYnKYyay8,0x80857f6754aaf00d:0x2f6b32a69cd811da,SIGNAL Coffee Roasters,Coffee shop,"[""Coffee shop""]","2130 Center St Suite 102, Berkeley, CA 94704",,http://www.signalcoffee.com/,4.2,90.0,$10–20,Open · Closes 6:30 PM,"""Open \u00b7 Closes 6:30\u202fPM""","{""tuesday"": ""7:15\u202fAM\u20136:30\u202fPM"", ""wednesday"": ""7:15\u202fAM\u20136:30\u202fPM"", ""thursday"": ""7:15\u202fAM\u20136:30\u202fPM"", ""friday"": ""7:15\u202fAM\u20138:30\u202fPM"", ""saturday"": ""8:30\u202fAM\u20138:30\u202fPM"", ""sunday"": ""8:30\u202fAM\u20134\u202fPM"", ""monday"": ""7:15\u202fAM\u20136:30\u202fPM""}","{""dine_in"": true, ""takeout"": true}",,https://lh3.googleusercontent.com/gps-cs-s/APNQkAGNBuFeAjl8PlN2yBmp_RVDr0ypZA8b3hMNSyuCRb9s_cvrJQ4hnhMWKuUJTSuQ8YRmlnTbCb_v2BYkA4010q1hyfbL9GEpAOFR6MQf5ctxj36HJJyRAMGRFocXMJlyNCQg_MX_zQ=w1000-h1000-c-n,37.87031,-122.2670026,0.6144,True,3
110635,University of California-Berkeley,coffee,ChIJS4KrsCh8hYARFrqy1pEUSeg,0x80857c28b0ab824b:0xe8491491d6b2ba16,Sodoi Coffee Tasting House,Coffee shop,"[""Coffee shop"", ""Coffee roastery""]","2438 Durant Ave, Berkeley, CA 94704",(510) 990-6487,http://sodoicoffee.com/,4.5,102.0,$1–10,Open · Closes 5 PM,"""Open \u00b7 Closes 5\u202fPM""","{""tuesday"": ""8\u202fAM\u20135\u202fPM"", ""wednesday"": ""8\u202fAM\u20135\u202fPM"", ""thursday"": ""8\u202fAM\u20135\u202fPM"", ""friday"": ""8\u202fAM\u20135\u202fPM"", ""saturday"": ""9\u202fAM\u20135\u202fPM"", ""sunday"": ""9\u202fAM\u20135\u202fPM"", ""monday"": ""8\u202fAM\u20135\u202fPM""}","{""dine_in"": true, ""takeout"": true, ""delivery"": false}","Laid-back stop for coffee drinks. Airy, industrial stop with reclaimed wood tables & a bright wall mural serves caffeinated beverages.",https://lh3.googleusercontent.com/gps-cs-s/APNQkAFLZ53BI5XBtaJgt_qpDTpK744jrlHuVmiBC4fiWNZRK-BSgafpKdYz-kfiPX3mGCUO2XiRyEm-wPbMp_O-ro8tUI_wDq2r-Rv-3teEFUXNTiShsRWz7-zxR23FCbHxQsit2zHz=w1000-h1000-c-n,37.8673991,-122.2595332,0.2147,True,3
110635,University of California-Berkeley,coffee,ChIJSTgrYYJ-hYARI-qF_8z6T4Y,0x80857e82612b3849:0x864ffaccff85ea23,Way Station Brew,Cafe,"[""Cafe"", ""Beer garden"", ""Restaurant"", ""Coffee roastery"", ""New American restaurant""]","2120 Dwight Way, Berkeley, CA 94704",(510) 982-1905,https://waystationberkeley.com/,4.5,394.0,$10–20,Open · Closes 6 PM,"""Open \u00b7 Closes 6\u202fPM""","{""tuesday"": ""7:30\u202fAM\u20136\u202fPM"", ""wednesday"": ""7:30\u202fAM\u201310\u202fPM"", ""thursday"": ""7:30\u202fAM\u20136\u202fPM"", ""friday"": ""7:30\u202fAM\u20136\u202fPM"", ""saturday"": ""8\u202fAM\u20136\u202fPM"", ""sunday"": ""8\u202fAM\u20136\u202fPM"", ""monday"": ""7:30\u202fAM\u20136\u202fPM""}","{""dine_in"": true, ""curbside_pickup"": true, ""delivery"": false}","Cozy New American coffee shop & beer bar. Charming coffee house with breakfast bites & New American lunch items, plus a backyard beer garden.",https://lh3.googleusercontent.com/gps-cs-s/APNQkAEIhbGTnCq8wtKt7e5Vr2QjmAiHzikbgm_AhPZVNwTeorgN7Fp39tvMIHxG3FH020LqR7erIcefqjzuzpkCYhwtWDQPsUpN9_PaaeMp_oMGLcpzoyMGDUVbQXEncVvFXKxGxKZv=w1000-h1000-c-n,37.863936,-122.266613,0.6676,True,3
110662,University of California-Los Angeles,coffee,ChIJXbntS0GawoARyE7WVfxa80I,0x80c29a414bedb95d:0x42f35afc55d64ec8,Image Coffee,Coffee shop,"[""Coffee shop"", ""Cafe"", ""Coffee stand"", ""Coffee store""]","10808 Le Conte Ave, Los Angeles, CA 90024",(747) 224-1333,https://image.coffee/,4.9,35.0,$1–10,Open · Closes 3 PM,"""Open \u00b7 Closes 3\u202fPM""","{""tuesday"": ""9\u202fAM\u20133\u202fPM"", ""wednesday"": ""Closed"", ""thursday"": ""9\u202fAM\u20133\u202fPM"", ""friday"": ""9\u202fAM\u20133\u202fPM"", ""saturday"": ""10\u202fAM\u20134\u202fPM"", ""sunday"": ""9:30\u202fAM\u20131:30\u202fPM"", ""monday"": ""9\u202fAM\u20133\u202fPM""}","{""dine_in"": true, ""delivery"": false}",,https://lh3.googleusercontent.com/gps-cs-s/APNQkAE18u8rOpFsiGTj_Q93qsQRkA-VDsQLgcesqGKs-8-f1kHI30hDxvSFXBzWSmasLC1vqiehEdsN1b-KACO6JP70d_S2-PCZu6ikR3ZF8TGEI4-VjfPdGqsarO_ycX4f6zw896QTPw=w1000-h1000-c-n,34.0635361,-118.4417704,0.7589,True,3
110662,University of California-Los Angeles,coffee,ChIJJXHT4LS9woARyL7sbitjv8o,0x80c2bdb4e0d37125:0xcabf632b6eecbec8,Bluestone Lane Westwood Coffee Shop,Coffee shop,"[""Coffee shop"", ""Cafe""]","950 Westwood Blvd, Los Angeles, CA 90024",(718) 374-6858,https://bluestonelane.com/?y_source=1_MjY0ODQ3NDEtNzE1LWxvY2F0aW9uLndlYnNpdGU%3D,4.3,245.0,$10–20,Open · Closes 4 PM,"""Open \u00b7 Closes 4\u202fPM""","{""tuesday"": ""6:30\u202fAM\u20134\u202fPM"", ""wednesday"": ""6:30\u202fAM\u20134\u202fPM"", ""thursday"": ""6:30\u202fAM\u20134\u202fPM"", ""friday"": ""6:30\u202fAM\u20134\u202fPM"", ""saturday"": ""6:30\u202fAM\u20134\u202fPM"", ""sunday"": ""6:30\u202fAM\u20134\u202fPM"", ""monday"": ""6:30\u202fAM\u20134\u202fPM""}","{""dine_in"": true, ""takeout"": true, ""no_contact_delivery"": true}",,https://lh3.googleusercontent.com/gps-proxy/ALd4DhGlxlvIsFT3FUE6bFsXtbHz3Qjo22qYJbdM49ENDN4FdmWPUA-QlQ3osQAiSusxeiG5ORoyE1m6KzOzKey0hnGMg1FrXc4DxTrgyYeorn8COyxftFeIfQiXKuYdJl0ZwN6JPjHs3GLGcB2n4yYWrWByhnqPPrQuo_P0Dn249AgZ4DJnhC4pTTBu=w1000-h1000-c-n,34.0627506,-118.4449481,0.88,True,3
221999,Vanderbilt University,coffee,ChIJfW5q0apnZIgRpgdo8sODXOM,0x886467aad16a6e7d:0xe35c83c3f26807a6,The Well Coffeehouse,Coffee shop,"[""Coffee shop"", ""Breakfast restaurant"", ""Cafe"", ""Lunch restaurant""]","1000 16th Ave S, Nashville, TN 37212",(615) 253-3478,https://wellcoffeeroasters.com/,4.7,355.0,$10–20,Open · Closes 5 PM,"""Open \u00b7 Closes 5\u202fPM""","{""tuesday"": ""6\u202fAM\u20135\u202fPM"", ""wednesday"": ""6\u202fAM\u20135\u202fPM"", ""thursday"": ""6\u202fAM\u20135\u202fPM"", ""friday"": ""6\u202fAM\u20135\u202fPM"", ""saturday"": ""7\u202fAM\u20135\u202fPM"", ""sunday"": ""7\u202fAM\u20135\u202fPM"", ""monday"": ""6\u202fAM\u20135\u202fPM""}","{""dine_in"": true, ""takeout"": true, ""delivery"": false}",,https://lh3.googleusercontent.com/gps-cs-s/APNQkAEc8IVDyXRakH92BpEbKRC81XcQLkL3a9c1F7-oZh--zAQSKOUWmL_o2QmZ5uKaqpM9SkhUsV6HK6uFDD-qZeur42cjNhczRHGaWA_EQOLkcJpybLL74ixthZQGytbzDFSJGLaZ0Q=w1000-h1000-c-n,36.1465873,-86.7923292,0.6024,True,3
221999,Vanderbilt University,coffee,ChIJg-sVh5VmZIgRuY90a8cI18w,0x886466958715eb83:0xccd708c76b748fb9,The Proverbial Cup,Cafe,"[""Cafe""]","2004 Hayes St, Nashville, TN 37203",(615) 719-5456,http://linktr.ee/theproverbialcup,4.9,100.0,$1–10,Closed · Opens 7 AM Wed,"""Closed \u00b7 Opens 7\u202fAM Wed""","{""tuesday"": ""7\u202fAM\u20132\u202fPM"", ""wednesday"": ""7\u202fAM\u20132\u202fPM"", ""thursday"": ""7\u202fAM\u20132\u202fPM"", ""friday"": ""7\u202fAM\u20132\u202fPM"", ""saturday"": ""Closed"", ""sunday"": ""Closed"", ""monday"": ""7\u202fAM\u20132\u202fPM""}","{""dine_in"": true, ""takeout"": true, ""delivery"": false}",,https://lh3.googleusercontent.com/gps-cs-s/APNQkAEH5Tu5xC-1r0tNxpfnfH8UfgkCWqeuKGtTIty_BcSSn9--2GdU3DIYa3_W85SBQi0qDwItWZrqjlUmSQaXEUO0aVn8NVcZ0pg_oMwYRbV_G155QYpMabVDV08t8Tl5iwjiBVmK0A=w1000-h1000-c-n,36.1522223,-86.8014973,0.2108,True,3
221999,Vanderbilt University,coffee,ChIJFdsiVklnZIgR_IZAi-Jkxjg,0x886467495622db15:0x38c664e28b4086fc,Poindexter Coffee,Coffee shop,"[""Coffee shop"", ""Cafe""]","101 20th Ave N, Nashville, TN 37203",(615) 551-2700,https://www.hilton.com/en/hotels/bnagngu-graduate-nashville/dining/?y_source=1_MTA2Njc4ODcwMC03MTUtbG9jYXRpb24ud2Vic2l0ZQ%3D%3D,4.5,249.0,$$,Open · Closes 6 PM,"""Open \u00b7 Closes 6\u202fPM""","{""tuesday"": ""6:30\u202fAM\u20136\u202fPM"", ""wednesday"": ""6:30\u202fAM\u20136\u202fPM"", ""thursday"": ""6:30\u202fAM\u20136\u202fPM"", ""friday"": ""6:30\u202fAM\u20136\u202fPM"", ""saturday"": ""6:30\u202fAM\u20136\u202fPM"", ""sunday"": ""6:30\u202fAM\u20136\u202fPM"", ""monday"": ""6:30\u202fAM\u20136\u202fPM""}","{""dine_in"": true, ""takeout"": true, ""delivery"": false}",,https://lh3.googleusercontent.com/gps-cs-s/APNQkAGoW9UlC7zH6nuBtqiI6cZ1mMGKhkAZoJV83-oMHDJFUF07BMA0c_WfEg3S5KW1d2CEfie04BJKlaw5jKpqM-lggQy-giMSCFss6OLTsBtMvAgA4oEoUK-9DnWazV8ZAgaHDeda9Q=w1000-h1000-c-n,36.1514635,-86.7997599,0.2174,True,3
211440,Carnegie Mellon University,coffee,ChIJfQnDg-LzNIgRW_Yv4dBCzIc,0x8834f3e283c3097d:0x87cc42d0e12ff65b,Divvy Coffee & Buns,Coffee shop,"[""Coffee shop""]","3714 Forbes Ave, Pittsburgh, PA 15213",(412) 586-5564,http://divvycoffeebuns.com/,4.3,210.0,$10–20,Closes soon · 4 PM · Opens 8 AM Wed,"""Closes soon \u00b7 4\u202fPM \u00b7 Opens 8\u202fAM Wed""","{""tuesday"": ""8\u202fAM\u20134\u202fPM"", ""wednesday"": ""8\u202fAM\u20134\u202fPM"", ""thursday"": ""8\u202fAM\u20134\u202fPM"", ""friday"": ""8\u202fAM\u20134\u202fPM"", ""saturday"": ""9\u202fAM\u20134\u202fPM"", ""sunday"": ""9\u202fAM\u20134\u202fPM"", ""monday"": ""8\u202fAM\u20134\u202fPM""}","{""dine_in"": true, ""takeout"": true, ""delivery"": true}",,https://lh3.googleusercontent.com/gps-cs-s/APNQkAEsBSmyFKZBBMziuhm22DPO4C9wyE6FeA0KBlVxeCI_r0zPKxZYdYPRiQZmoCpBvILXlpCBZOxpJALj8WRJ52wEa7gjXelSWIXmdCkzxXtPpGBCjpYnF9xtPG4ANRZdGy4UcEr33w=w1000-h1000-c-n,40.4413173,-79.95697109999999,0.6057,True,3
211440,Carnegie Mellon University,coffee,ChIJQ1KqGzTzNIgRNShxpokRTgE,0x8834f3341baa5243:0x14e1189a6712835,Sidecar Coffee and Bake Shop,Coffee shop,"[""Coffee shop"", ""Bakery"", ""Cafe"", ""Cake shop""]","200 N Craig St, Pittsburgh, PA 15213",(412) 912-9500,https://sidecar412.com/,4.5,147.0,$10–20,Open · Closes 7 PM,"""Open \u00b7 Closes 7\u202fPM""","{""tuesday"": ""7\u202fAM\u20137\u202fPM"", ""wednesday"": ""7\u202fAM\u20137\u202fPM"", ""thursday"": ""7\u202fAM\u20137\u202fPM"", ""friday"": ""7\u202fAM\u20137\u202fPM"", ""saturday"": ""7\u202fAM\u20137\u202fPM"", ""sunday"": ""9\u202fAM\u20133\u202fPM"", ""monday"": ""7\u202fAM\u20137\u202fPM""}","{""dine_in"": true, ""takeout"": true, ""delivery"": false}",,https://lh3.googleusercontent.com/gps-cs-s/APNQkAFvP4PH6Vs8kZvCif8aXdAWkzXoIpjY7yrkaUm8bKW5m1L02icaJgeXeB3jgmbeFD6KQG4-z3s7OTeGx_ZnbK-jyDxsJ-W3yVmUrClnXwp9MAOI9ML6eOHXp548ixhdMPB26w8Kkw=w1000-h1000-c-n,40.4499418,-79.9506486,0.6275,True,3
211440,Carnegie Mellon University,coffee,ChIJ8-rVvs7zNIgR7uku77P0bYI,0x8834f3cebed5eaf3:0x826df4b3ef2ee9ee,Tazza D'Oro,Coffee shop,"[""Coffee shop""]","125 Lytton Ave, Pittsburgh, PA 15213",(412) 277-2331,http://tazzadoro.net/,4.6,46.0,$1–10,Open · Closes 5 PM,"""Open \u00b7 Closes 5\u202fPM""","{""tuesday"": ""7\u202fAM\u20135\u202fPM"", ""wednesday"": ""7\u202fAM\u20135\u202fPM"", ""thursday"": ""7\u202fAM\u20135\u202fPM"", ""friday"": ""7\u202fAM\u20135\u202fPM"", ""saturday"": ""Closed"", ""sunday"": ""Closed"", ""monday"": ""7\u202fAM\u20135\u202fPM""}","{""dine_in"": true, ""takeout"": true, ""delivery"": false}",,https://lh3.googleusercontent.com/gps-cs-s/APNQkAEAuXc7d3M9jWRyhO7_JuRSrDeR6EtxlDUmZeuwdX16sVHQXKU3orjgILxoQdiFRBjIexJRjQdfGaUs8RoRwPdtxgiVJ12-o1c_kDtiuVb0H22x1t3gbLGz6u1WjAz_p7oX2amy_A=w1000-h1000-c-n,40.4453689,-79.9545287,0.5378,True,3
170976,University of Michigan-Ann Arbor,coffee,ChIJg7ioGCmvPIgReSorWN4cWKY,0x883caf2918a8b883:0xa6581cde582b2a79,1824 Cocktails & Coffee,Coffee shop,"[""Coffee shop"", ""Cocktail bar""]","413 E Huron St Suite C, Ann Arbor, MI 48104",(734) 882-9610,https://1824cocktailsandcoffee.com/,4.9,49.0,$10–20,Opens soon · 4 PM,"""Opens soon \u00b7 4\u202fPM""","{""tuesday"": ""4\u201311\u202fPM"", ""wednesday"": ""4\u201311\u202fPM"", ""thursday"": ""4\u201311\u202fPM"", ""friday"": ""4\u202fPM\u201312\u202fAM"", ""saturday"": ""11\u202fAM\u201312\u202fAM"", ""sunday"": ""12\u20138\u202fPM"", ""monday"": ""Closed""}","{""dine_in"": true, ""takeout"": true, ""delivery"": false}",,https://lh3.googleusercontent.com/gps-cs-s/APNQkAFV1I-ZgbW9FJ_1DH8138vOZ1uaETlFHKcuncGLC_q8z8Ic3y2DQY77Fq2Ds6Z1CcoTU7qnxFfNKBKbImrt7otZtkznYiJokfBzFkZM700gdWPmuOXgEOY7ibaoDUKUqRW2206S=w1000-h1000-c-n,42.2814085,-83.74361739999999,0.5067,True,3
170976,University of Michigan-Ann Arbor,coffee,ChIJZQxjcj-uPIgRUHN8eNw1d0s,0x883cae3f72630c65:0x4b7735dc787c7350,lab cafe,Coffee shop,"[""Coffee shop"", ""Cafe"", ""Frozen yogurt shop""]","505 E Liberty St # 300, Ann Arbor, MI 48104",(734) 827-2233,https://m.facebook.com/labcafe/,4.4,343.0,$1–10,Open · Closes 6 PM,"""Open \u00b7 Closes 6\u202fPM""","{""tuesday"": ""9\u202fAM\u20136\u202fPM"", ""wednesday"": ""9\u202fAM\u20136\u202fPM"", ""thursday"": ""9\u202fAM\u20136\u202fPM"", ""friday"": ""9\u202fAM\u20136\u202fPM"", ""saturday"": ""10\u202fAM\u20136\u202fPM"", ""sunday"": ""10\u202fAM\u20136\u202fPM"", ""monday"": ""9\u202fAM\u20136\u202fPM""}","{""dine_in"": true, ""takeout"": true, ""delivery"": false}",Bright cafe for pour-over coffee drinks. Light-filled cafe known for pour-over cups & colorful bakery fare showcases local art & musicians.,https://lh3.googleusercontent.com/gps-cs-s/APNQkAFfcXA8L7tOWkQGdl6IfORg6a0dTcJtroqoMJKfwfVmQ9r-MUn6vScsX7U2cEAon1VngtvgttOyJQ0W9oiVQF9FMNnihQAZ8-Sqq1vbGeCq-FEkOyeuhiY0kYCtRmSytoigrKPYMQ=w1000-h1000-c-n,42.2794962,-83.74266779999999,0.416,True,3
170976,University of Michigan-Ann Arbor,coffee,ChIJbyT4vbqvPIgRtQ1wG2_gIYo,0x883cafbabdf8246f:0x8a21e06f1b700db5,Mocha House - Bayt Al Mocha,Coffee shop,"[""Coffee shop""]","109 Catherine St, Ann Arbor, MI 48104",(734) 492-1700,https://mochahousecafe.com/,4.6,71.0,$10–20,Open · Closes 9 PM,"""Open \u00b7 Closes 9\u202fPM""","{""tuesday"": ""7\u202fAM\u20139\u202fPM"", ""wednesday"": ""7\u202fAM\u20139\u202fPM"", ""thursday"": ""7\u202fAM\u20139\u202fPM"", ""friday"": ""7\u202fAM\u20139\u202fPM"", ""saturday"": ""7\u202fAM\u20139\u202fPM"", ""sunday"": ""9\u202fAM\u20139\u202fPM"", ""monday"": ""7\u202fAM\u20136\u202fPM""}","{""dine_in"": true, ""takeout"": true, ""delivery"": false}",,https://lh3.googleusercontent.com/gps-cs-s/APNQkAGsaHVFTZJ2larLT9fRMsmMOAHE6hc7MDSnAT8jX3rOcVDqjssMuJg_SqlbhY4IX29Zi0zvVE4wwoIJFXGKqa6t3EADdUWpJZAOkbNRVnGJaEcTfWoym4_PSVH3mOrGzBtBxqVFJruI5Vcm=w1000-h1000-c-n,42.2834409,-83.7478436,0.7632,True,3
170976,University of Michigan-Ann Arbor,coffee,ChIJE6QuAJSvPIgRHlmDujPzCVU,0x883caf94002ea413:0x5509f333ba83591e,Cahoots Cafe,Coffee shop,"[""Coffee shop"", ""Cafe""]","206 E Huron St Suite 303, Ann Arbor, MI 48104",(734) 249-8898,https://cahootscafe.square.site/,4.6,112.0,$1–10,Closed · Opens 8 AM Wed,"""Closed \u00b7 Opens 8\u202fAM Wed""","{""tuesday"": ""8\u202fAM\u20133\u202fPM"", ""wednesday"": ""8\u202fAM\u20133\u202fPM"", ""thursday"": ""8\u202fAM\u20133\u202fPM"", ""friday"": ""8\u202fAM\u20133\u202fPM"", ""saturday"": ""10\u202fAM\u20132\u202fPM"", ""sunday"": ""Closed"", ""monday"": ""8\u202fAM\u20133\u202fPM""}","{""dine_in"": true, ""takeout"": true, ""delivery"": false}",,https://lh3.googleusercontent.com/gps-cs-s/APNQkAHV-vUhxiGsscU92oik4x04wJH-T1Pj3G4UbpLV6bLk1QSe2K0eu4SLdqgxKisxM2PYOMejH5JAOEgRpwCilb1aoWZewKgRmXjmqOheRW_Eo5pw1kVdYk8_TokEdzGq1C4t054e=w1000-h1000-c-n,42.2812072,-83.74679599999999,0.6516,True,3
170976,University of Michigan-Ann Arbor,coffee,ChIJP3LRUEuvPIgRztrjgXyxtkA,0x883caf4b50d1723f:0x40b6b17c81e3dace,Misfit Society Coffee Club,Coffee shop,"[""Coffee shop""]","721 S Forest Ave Suite A, Ann Arbor, MI 48104",(734) 554-8711,https://www.misfitsocietycoffee.com/,4.7,7.0,,Closed · Opens 9 AM Wed,"""Closed \u00b7 Opens 9\u202fAM Wed""","{""tuesday"": ""9\u202fAM\u20132\u202fPM"", ""wednesday"": ""9\u202fAM\u20132\u202fPM"", ""thursday"": ""9\u202fAM\u20132\u202fPM"", ""friday"": ""9\u202fAM\u20132\u202fPM"", ""saturday"": ""9\u202fAM\u20132\u202fPM"", ""sunday"": ""9\u202fAM\u20132\u202fPM"", ""monday"": ""9\u202fAM\u20132\u202fPM""}","{""dine_in"": true, ""takeout"": true, ""delivery"": false}",,https://lh3.googleusercontent.com/gps-proxy/ALd4DhE-JgNN--4L9lHBDX5wtZVFjHe8KRH3CU-A-aF6WDdpz-QgTQU8muvfM2u2skYhjeg0Mak9WcIddODv1JLBMAbeROlgeL6ENrWqjG1_hFyBekhDcDwv0sKuSPhUIMCBQcDAWuzCA0E-TYFgJthpbcJsLy4J4ymLv2B3P4yZ6qkz1ogG2skC8jBe=w1000-h1000-c-n,42.2729924,-83.7325199,0.3742,True,3
170976,University of Michigan-Ann Arbor,coffee,ChIJF1_V_UCvPIgR9jkr-33UI1M,0x883caf40fdd55f17:0x5323d47dfb2b39f6,Espy Cafe,Cafe,"[""Cafe"", ""Bakery"", ""Breakfast restaurant"", ""Brunch restaurant"", ""Lunch restaurant""]","404 W Huron St, Ann Arbor, MI 48103",(734) 328-2960,http://espy.cafe/,4.8,57.0,$1–10,Closed · Opens 8 AM Thu,"""Closed \u00b7 Opens 8\u202fAM Thu""","{""tuesday"": ""Closed"", ""wednesday"": ""Closed"", ""thursday"": ""8\u202fAM\u20133\u202fPM"", ""friday"": ""8\u202fAM\u20133\u202fPM"", ""saturday"": ""8\u202fAM\u20133\u202fPM"", ""sunday"": ""8\u202fAM\u20133\u202fPM"", ""monday"": ""8\u202fAM\u20133\u202fPM""}","{""dine_in"": true, ""takeout"": true, ""delivery"": false}",,https://lh3.googleusercontent.com/gps-cs-s/APNQkAE5UbOB8K2dGJXhdW3ZT3d_pPef9hJWefZpXEgGqfut14LNJXTIWnmHC6Sj1T5PAfTOUcm2Gn8g8eU59TCzxJuu9-TBxtiPdpWfcHnFI2BRF58GnkQ5cqFz-X0EDKo_72q4XbLGqIi7TrbX=w1000-h1000-c-n,42.2826406,-83.7525112,0.9601,True,3
170976,University of Michigan-Ann Arbor,coffee,ChIJ5yhIJuGvPIgR87QqUtTkCbw,0x883cafe1264828e7:0xbc09e4d4522ab4f3,Misfit Society Coffee Club,Coffee shop,"[""Coffee shop"", ""Breakfast restaurant"", ""Coworking space""]","615 E University Ave, Ann Arbor, MI 48104",(734) 263-2228,http://www.misfitsocietycoffee.com/,4.3,98.0,$1–10,Closes soon · 4 PM · Opens 9 AM Wed,"""Closes soon \u00b7 4\u202fPM \u00b7 Opens 9\u202fAM Wed""","{""tuesday"": ""9\u202fAM\u20134\u202fPM"", ""wednesday"": ""9\u202fAM\u20134\u202fPM"", ""thursday"": ""9\u202fAM\u20134\u202fPM"", ""friday"": ""9\u202fAM\u20134\u202fPM"", ""saturday"": ""9\u202fAM\u20134\u202fPM"", ""sunday"": ""9\u202fAM\u20134\u202fPM"", ""monday"": ""9\u202fAM\u20134\u202fPM""}","{""dine_in"": true, ""takeout"": true}",,https://lh3.googleusercontent.com/gps-proxy/ALd4DhE-JgNN--4L9lHBDX5wtZVFjHe8KRH3CU-A-aF6WDdpz-QgTQU8muvfM2u2skYhjeg0Mak9WcIddODv1JLBMAbeROlgeL6ENrWqjG1_hFyBekhDcDwv0sKuSPhUIMCBQcDAWuzCA0E-TYFgJthpbcJsLy4J4ymLv2B3P4yZ6qkz1ogG2skC8jBe=w1000-h1000-c-n,42.2744223,-83.7354745,0.2606,True,3
170976,University of Michigan-Ann Arbor,coffee,ChIJLd7IaqCvPIgRoFGQDqR32bo,0x883cafa06ac8de2d:0xbad977a40e9051a0,Shibam Coffee,Coffee shop,"[""Coffee shop""]","414 S Main St suite 100, Ann Arbor, MI 48104",(734) 545-7500,https://shibamcoffee.com/,5.0,1.0,,,{},{},"{""dine_in"": true, ""takeout"": true, ""no_contact_delivery"": true}",,https://lh3.googleusercontent.com/gps-cs-s/APNQkAHqS8jwp56v4kb788CDHN2ZGMzApcTMl_zsEudvvFhYta0FgEAcGzO4jpnMDMOGnqGfmHpW2XVynCsn-GSrx2I5_9xbBJwK001lCdOQLnxWsO6yft30MoU7egy-K_HFrzlKyQQE-UzcerT2=w1000-h1000-c-n,42.2773842,-83.7491221,0.7374,True,3
170976,University of Michigan-Ann Arbor,coffee,ChIJD_pwJACvPIgRb9CY7X3Xjlk,0x883caf002470fa0f:0x598ed77ded98d06f,Mynt House,Coffee shop,"[""Coffee shop"", ""Pastry shop"", ""Tea house""]","118 S Main St, Ann Arbor, MI 48104",(734) 492-3987,http://www.mynthousecafe.com/,4.7,193.0,$10–20,Open · Closes 10 PM,"""Open \u00b7 Closes 10\u202fPM""","{""tuesday"": ""9\u202fAM\u201310\u202fPM"", ""wednesday"": ""9\u202fAM\u201310\u202fPM"", ""thursday"": ""9\u202fAM\u201310\u202fPM"", ""friday"": ""9\u202fAM\u201310\u202fPM"", ""saturday"": ""9\u202fAM\u201310\u202fPM"", ""sunday"": ""9\u202fAM\u201310\u202fPM"", ""monday"": ""9\u202fAM\u201310\u202fPM""}","{""dine_in"": true}",,https://lh3.googleusercontent.com/gps-cs-s/APNQkAFIqLuj-MrreUq6ICKt9qdd1mnfbTyZz0iKWO8abRAsAdS7AP9EGibEjYe7GmE2NN-GcooF9ccbU4IsFj5JhVIbp2yKWPxixN9ILtX8UNXrc23nyE196Z9dELAUFksSQ3yj7lA21P8Pisie=w1000-h1000-c-n,42.2808431,-83.74891199999999,0.7481,True,3
170976,University of Michigan-Ann Arbor,coffee,ChIJC3sKrRyvPIgRL0qBhLwyjP4,0x883caf1cad0a7b0b:0xfe8c32bc84814a2f,House Of Chimney Cakes Café,Cafe,"[""Cafe""]","216 S 4th Ave, Ann Arbor, MI 48104",(734) 882-2708,https://www.thehouseofchimneycakes.com/,4.7,238.0,$10–20,Open · Closes 9 PM,"""Open \u00b7 Closes 9\u202fPM""","{""tuesday"": ""1\u20139\u202fPM"", ""wednesday"": ""1\u20139\u202fPM"", ""thursday"": ""1\u201311\u202fPM"", ""friday"": ""1\u201311\u202fPM"", ""saturday"": ""1\u201311\u202fPM"", ""sunday"": ""1\u20139\u202fPM"", ""monday"": ""1\u20139\u202fPM""}","{""dine_in"": true, ""takeout"": true, ""delivery"": true}",,https://lh3.googleusercontent.com/gps-cs-s/APNQkAE7ljWhek7dc0RryFwGS22bMBX63jdegSDLN5ubNYgmSJ8eP-lnhxK0bOIkj0Rg6grlml9dU_qIQ5Qqtm5OF7-mcrA3G9iKX4LZ2cKx6Pu7uE2GY2-5ZV3cXhTgjibJttC7pxXE=w1000-h1000-c-n,42.2798669,-83.7475625,0.6663,True,3
170976,University of Michigan-Ann Arbor,coffee,ChIJay_E88CvPIgRxGdvfxUG7bc,0x883cafc0f3c42f6b:0xb7ed06157f6f67c4,Toastique,Coffee shop,"[""Coffee shop"", ""A\u00e7a\u00ed shop"", ""Breakfast restaurant"", ""Brunch restaurant"", ""Cafe"", ""Espresso bar"", ""Juice shop"", ""Lunch restaurant"", ""Toast restaurant""]","200 E Washington St, Ann Arbor, MI 48104",(734) 585-5965,https://toastique.com/pages/ann-arbor,4.8,181.0,$10–20,Open · Closes 5 PM,"""Open \u00b7 Closes 5\u202fPM""","{""tuesday"": ""7\u202fAM\u20135\u202fPM"", ""wednesday"": ""7\u202fAM\u20135\u202fPM"", ""thursday"": ""7\u202fAM\u20135\u202fPM"", ""friday"": ""7\u202fAM\u20135\u202fPM"", ""saturday"": ""7\u202fAM\u20135\u202fPM"", ""sunday"": ""7\u202fAM\u20135\u202fPM"", ""monday"": ""7\u202fAM\u20135\u202fPM""}","{""dine_in"": true, ""takeout"": true, ""delivery"": true}",,https://lh3.googleusercontent.com/gps-proxy/ALd4DhHu0xDmdw1p1FvGazG5zuQhlf-hIUJmPCKtIks9eBoMDafn7bTZvM4sC0HT4Aop6s4F0LS8y8CVMN_nClBV14PpdjdMng96tLX-tutJQifolWwpLZD5IISWBmspHhJe4bJ7QhjP50oBxdugpd1zkFzEkSsQFLwYIevcxqSQhcUDd4j2LYrVhDh_=w1000-h1000-c-n,42.2802943,-83.7471147,0.6499,True,3
170976,University of Michigan-Ann Arbor,coffee,ChIJfxa8iCavPIgRhgCyBTAzYDQ,0x883caf2688bc167f:0x3460333005b20086,unitea café,Coffee shop,"[""Coffee shop"", ""Bubble tea store"", ""Ice cream shop""]","522 E William St, Ann Arbor, MI 48104",(734) 436-8945,https://www.instagram.com/caphe.unitea/,4.5,243.0,$1–10,Open · Closes 9 PM,"""Open \u00b7 Closes 9\u202fPM""","{""tuesday"": ""10\u202fAM\u20139\u202fPM"", ""wednesday"": ""10\u202fAM\u20139\u202fPM"", ""thursday"": ""10\u202fAM\u20139\u202fPM"", ""friday"": ""11\u202fAM\u20139\u202fPM"", ""saturday"": ""11\u202fAM\u20139\u202fPM"", ""sunday"": ""11\u202fAM\u20139\u202fPM"", ""monday"": ""10\u202fAM\u20139\u202fPM""}","{""dine_in"": true, ""takeout"": true, ""no_contact_delivery"": true}",,https://lh3.googleusercontent.com/gps-proxy/ALd4DhEolsy__n5xynASeXA34c5wLtytBjgM_32N8KML7Eqoi8y_RQtu_h6kwXBF2wWJMxlxhWDaB9Ixh0yxshIwH1YFErLeC5r9OI6Zh1mLDAqv-xe9QzroBYNJ3Irq9hAaW0i9JUav9sHPmvjUap6L7XVxg6AGwnZLZ4nxqgmiERCoALaRlRTh0j6ybw=w1000-h1000-c-n,42.2776968,-83.7422486,0.3854,True,3
170976,University of Michigan-Ann Arbor,coffee,ChIJExwsAz2uPIgRtts5ByBCGls,0x883cae3d032c1c13:0x5b1a42200739dbb6,Sweetwaters Coffee & Tea,Coffee shop,"[""Coffee shop"", ""Breakfast restaurant"", ""Cafe"", ""Coffee store"", ""Tea store""]","123 W Washington St, Ann Arbor, MI 48104",(734) 769-2331,https://www.sweetwaterscafe.com/mi-ann-arbor-washington-st/?utm_source=gmb&utm_medium=yext,4.5,688.0,$1–10,Open · Closes 11 PM,"""Open \u00b7 Closes 11\u202fPM""","{""tuesday"": ""6\u202fAM\u201311\u202fPM"", ""wednesday"": ""6\u202fAM\u201311\u202fPM"", ""thursday"": ""6\u202fAM\u201311\u202fPM"", ""friday"": ""6\u202fAM\u201311\u202fPM"", ""saturday"": ""6\u202fAM\u201311\u202fPM"", ""sunday"": ""6\u202fAM\u201311\u202fPM"", ""monday"": ""6\u202fAM\u201311\u202fPM""}","{""dine_in"": true, ""takeout"": true, ""no_contact_delivery"": true}",Welcoming corner cafe for custom roasts. Cheery local cafe chain branch known for its fairy door presents custom roasted coffee & sweets.,https://lh3.googleusercontent.com/gps-cs-s/APNQkAGM_aKBOHilGvunLZjwXZYAzQMq3K4BYise4F6trqApYRvD-0TXSoxft3XD1c52glxDda9p0Sfd4v7y870IC15v4NtpaBoMCBtLuUxqXa6aI6rJ9EY1gTgaqW5YvKki_WzRcMy6=w1000-h1000-c-n,42.2804054,-83.7496712,0.7792,True,3
170976,University of Michigan-Ann Arbor,coffee,ChIJlWY2WjCvPIgRmDOxGNbakuw,0x883caf305a366695:0xec92dad618b13398,Cannelle Ann Arbor,Coffee shop,"[""Coffee shop"", ""Cafe"", ""Bakery""]","110 E Washington St, Ann Arbor, MI 48104",(734) 519-1300,https://www.mkcannelle.com/,4.4,532.0,$10–20,Open · Closes 6 PM,"""Open \u00b7 Closes 6\u202fPM""","{""tuesday"": ""7:30\u202fAM\u20136\u202fPM"", ""wednesday"": ""7:30\u202fAM\u20136\u202fPM"", ""thursday"": ""7:30\u202fAM\u20136\u202fPM"", ""friday"": ""7:30\u202fAM\u201310\u202fPM"", ""saturday"": ""7:30\u202fAM\u201310\u202fPM"", ""sunday"": ""7:30\u202fAM\u20136\u202fPM"", ""monday"": ""7:30\u202fAM\u20136\u202fPM""}","{""dine_in"": true, ""takeout"": true, ""delivery"": true}",,https://lh3.googleusercontent.com/gps-cs-s/APNQkAExWs9HmkY6fcex286zJkRgSV60Lvw6D6rFJoV8eTTstr5TqUSJ5D2Qu5cV8eu3sIuPW2FzQ0f0EcgQ50rbfDPku9hE1yTbWqSaqeQ-J9SE7c6flAASD4UyCQ-fgshnl6y-eAdk=w1000-h1000-c-n,42.2803022,-83.74807489999999,0.6979,True,3
170976,University of Michigan-Ann Arbor,coffee,ChIJxzOCL3GvPIgRQWPd3Jyd0cE,0x883caf712f8233c7:0xc1d19d9cdcdd6341,Lowertown Bar & Cafe,Coffee shop,"[""Coffee shop"", ""Bar"", ""Cafe"", ""Cocktail bar"", ""Espresso bar""]","1031 Broadway St, Ann Arbor, MI 48105",,https://lowertowna2.com/,4.5,191.0,$10–20,Open · Closes 10 PM,"""Open \u00b7 Closes 10\u202fPM""","{""tuesday"": ""8\u202fAM\u201310\u202fPM"", ""wednesday"": ""8\u202fAM\u201310\u202fPM"", ""thursday"": ""8\u202fAM\u201310\u202fPM"", ""friday"": ""8\u202fAM\u201311\u202fPM"", ""saturday"": ""8\u202fAM\u201311\u202fPM"", ""sunday"": ""8\u202fAM\u20138\u202fPM"", ""monday"": ""8\u202fAM\u20134\u202fPM""}","{""dine_in"": true, ""takeout"": true, ""delivery"": false}",,https://lh3.googleusercontent.com/gps-cs-s/APNQkAGW-nW3TTDmxGpFqDKS4S15JwhuGQcjcR7KAZT308V11auDso1rIDQTXL4fcIFmWBy3bzNhtR7MuAZI5_y_C-tquS1OtyhAav-0Pn2uNLehUwls_vJEbdt3posidnWM3XL7Z3zE=w1000-h1000-c-n,42.2897914,-83.7387328,0.8296,True,3
170976,University of Michigan-Ann Arbor,coffee,ChIJx21WNDevPIgR5OasDOXQ8fA,0x883caf3734566dc7:0xf0f1d0e50cace6e4,Mindo Chocolate Makers Shop,Coffee shop,"[""Coffee shop"", ""Chocolate cafe"", ""Chocolate shop"", ""Chocolate artisan"", ""Wholesaler""]","206 N 4th Ave, Ann Arbor, MI 48104",(734) 660-5636,http://mindochocolate.com/,5.0,88.0,$1–10,Open · Closes 7 PM,"""Open \u00b7 Closes 7\u202fPM""","{""tuesday"": ""8\u202fAM\u20137\u202fPM"", ""wednesday"": ""8\u202fAM\u20137\u202fPM"", ""thursday"": ""8\u202fAM\u20137\u202fPM"", ""friday"": ""8\u202fAM\u20137\u202fPM"", ""saturday"": ""8\u202fAM\u20137\u202fPM"", ""sunday"": ""8\u202fAM\u20137\u202fPM"", ""monday"": ""8\u202fAM\u20137\u202fPM""}","{""onsite_services"": true, ""takeout"": true, ""delivery"": false}",,https://lh3.googleusercontent.com/gps-cs-s/APNQkAEGrJxIFT7IHzu9QkrvZ8QhYgZjt0oOtP0HR_tA7CUo5-Upd8Vey2bk0newfitIkl7fWr_aRK6CW2b3Xa6hNy-BnLN2an2kZGYQsnKSuzWhtSG7YHZRef4aiSYxjVfWJJMFGCuIld_IfcOS=w1000-h1000-c-n,42.2825342,-83.74706909999999,0.6993,True,3
170976,University of Michigan-Ann Arbor,coffee,ChIJtWrjzb6vPIgRo87oO-Pnv5U,0x883cafbecde36ab5:0x95bfe7e33be8cea3,Block & Brew Cafe,Coffee shop,"[""Coffee shop""]","529 E Liberty St, Ann Arbor, MI 48104",(734) 476-4403,https://blockandbrewcafe.com/,4.4,36.0,$1–10,Open · Closes 5 PM,"""Open \u00b7 Closes 5\u202fPM""","{""tuesday"": ""11\u202fAM\u20135\u202fPM"", ""wednesday"": ""11\u202fAM\u20135\u202fPM"", ""thursday"": ""11\u202fAM\u20135\u202fPM"", ""friday"": ""11\u202fAM\u20135\u202fPM"", ""saturday"": ""11\u202fAM\u20135\u202fPM"", ""sunday"": ""11\u202fAM\u20135\u202fPM"", ""monday"": ""11\u202fAM\u20135\u202fPM""}","{""dine_in"": true, ""takeout"": true, ""delivery"": true}",,https://lh3.googleusercontent.com/gps-cs-s/APNQkAFEynMox3kJgYErwmagK_FSAZfi29iefDVYzKcvvRdFAHKOxETxgSRcELKpT7VuGab6CLEl3A3jgaue3XJN5SYJ9_rSs-JLs4STYqPd_GAadUGRe1eFIMLZOE0DC9Z_4qS_ubw3wU9S4OWr=w1000-h1000-c-n,42.2795277,-83.7421303,0.3897,True,3
170976,University of Michigan-Ann Arbor,coffee,ChIJuZezxBWuPIgRLfdjgFxZ3f8,0x883cae15c4b397b9:0xffdd595c8063f72d,Sweetwaters Coffee & Tea,Coffee shop,"[""Coffee shop"", ""Breakfast restaurant"", ""Cafe"", ""Tea house""]","407 N 5th Ave, Ann Arbor, MI 48104",(734) 622-0084,https://www.sweetwaterscafe.com/mi-ann-arbor-kerrytown/?utm_source=extnet&utm_medium=yext,4.5,260.0,$1–10,Open · Closes 10 PM,"""Open \u00b7 Closes 10\u202fPM""","{""tuesday"": ""6:30\u202fAM\u201310\u202fPM"", ""wednesday"": ""6:30\u202fAM\u201310\u202fPM"", ""thursday"": ""6:30\u202fAM\u201310\u202fPM"", ""friday"": ""6:30\u202fAM\u201310\u202fPM"", ""saturday"": ""6:30\u202fAM\u201310\u202fPM"", ""sunday"": ""8\u202fAM\u201310\u202fPM"", ""monday"": ""6:30\u202fAM\u201310\u202fPM""}","{""dine_in"": true, ""takeout"": true, ""no_contact_delivery"": true}","Casual spot for coffee, tea & light eats. Local chain serving coffee, tea & shakes, plus pastries & light eats, in a stylish, relaxed space.",https://lh3.googleusercontent.com/gps-cs-s/APNQkAEe_QxMR62F64QnqxNMdWVq_4Ar50v_eQn2BZC_KoF0Tyi3fx03AsxrBJdICVHXpG187ex9JvB3wW37KmE6f2uWGC-FNa35iYg_8DqrLhYO0B9GuiSc5AHe-_0QQPxLGWjH3WXMuQ=w1000-h1000-c-n,42.2844003,-83.7461026,0.7238,True,3
170976,University of Michigan-Ann Arbor,coffee,ChIJg-B_cQCvPIgRQvXQxZw5JcQ,0x883caf00717fe083:0xc425399cc5d0f542,Moka & Co,Coffee shop,"[""Coffee shop""]","333 S Main St, Ann Arbor, MI 48104",(734) 369-2467,https://mokanco.com/ann-arbor/,4.3,10.0,$1–20,Open · Closes 9 PM,"""Open \u00b7 Closes 9\u202fPM""","{""tuesday"": ""8\u202fAM\u20139\u202fPM"", ""wednesday"": ""8\u202fAM\u20139\u202fPM"", ""thursday"": ""8\u202fAM\u20139\u202fPM"", ""friday"": ""8\u202fAM\u20139\u202fPM"", ""saturday"": ""8\u202fAM\u20139\u202fPM"", ""sunday"": ""8\u202fAM\u20139\u202fPM"", ""monday"": ""8\u202fAM\u20139\u202fPM""}","{""dine_in"": true, ""takeout"": true}",,https://lh3.googleusercontent.com/gps-cs-s/APNQkAEZcQhTwGpzQGEZ09ppXzotVA4OkJxXGpfE_ci3FXsmAo3zxBBdd7PkahGtDX3eGeQqr1XPdRux6_pu_325kRVSd5wPUxC8VLS-Cv9TRwp7ftOcxEJF9jx6OWx3H_D1izpPfkb4T0glpktc=w1000-h1000-c-n,42.2785979,-83.7482713,0.6926,True,3
170976,University of Michigan-Ann Arbor,coffee,ChIJUz8FOTyuPIgRFbCR3-i6F8A,0x883cae3c39053f53:0xc017bae8df91b015,Avalon Cafe and Kitchen,Coffee shop,"[""Coffee shop"", ""Brunch restaurant"", ""Restaurant""]","224 S Main St, Ann Arbor, MI 48104",(734) 994-3512,https://www.avalonbakeryandcafe.com/pages/avalon-ann-arbor,4.3,1152.0,$10–20,Closed · Opens 9 AM Wed,"""Closed \u00b7 Opens 9\u202fAM Wed""","{""tuesday"": ""9\u202fAM\u20133\u202fPM"", ""wednesday"": ""9\u202fAM\u20133\u202fPM"", ""thursday"": ""9\u202fAM\u20133\u202fPM"", ""friday"": ""9\u202fAM\u20133\u202fPM"", ""saturday"": ""9\u202fAM\u20133\u202fPM"", ""sunday"": ""9\u202fAM\u20133\u202fPM"", ""monday"": ""9\u202fAM\u20133\u202fPM""}","{""dine_in"": true, ""curbside_pickup"": true, ""no_contact_delivery"": true}","Bakery, coffee shop & New American eats. Lively joint combining a bakery, coffee bar & restaurant with New American breakfast & lunch dishes.",https://lh3.googleusercontent.com/gps-cs-s/APNQkAFseXh8iAvVwIGO7-q_dBM_M_JSfb0nMeONYBMargXZNBZgtLgJwqZRHrXHTSru1Nd2BeND2V1ZVQU9gUUkdjTjsO5AUpY6kX3y7y5I5q4Pbnes3FQCAQldhQSbpfshp_cPBr64dg=w1000-h1000-c-n,42.2797875,-83.7488085,0.7282,True,3
170976,University of Michigan-Ann Arbor,coffee,ChIJefmVQoSvPIgRU1iVH5n3hzs,0x883caf844295f979:0x3b87f7991f955853,Bodega Bros,Coffee shop,"[""Coffee shop"", ""American restaurant"", ""Breakfast restaurant"", ""Caterer"", ""Deli"", ""Dessert restaurant"", ""Family restaurant"", ""Hamburger restaurant"", ""Juice shop"", ""Sandwich shop""]","715 N University Ave, Ann Arbor, MI 48104",(734) 369-6495,https://bodegabrosa2.com/?utm_source=google,4.5,376.0,$,Open 24 hours,"""Open 24 hours""","{""tuesday"": ""Open 24 hours"", ""wednesday"": ""Open 24 hours"", ""thursday"": ""Open 24 hours"", ""friday"": ""Open 24 hours"", ""saturday"": ""Open 24 hours"", ""sunday"": ""Open 24 hours"", ""monday"": ""Open 24 hours""}","{""dine_in"": true, ""curbside_pickup"": true, ""no_contact_delivery"": true}",,https://lh3.googleusercontent.com/gps-cs-s/APNQkAGOP9sAv0Q9UALKIh7thu8fnus1NVeYIa0QtX0_zXX4XUlDbuv-ULc_JPLTrAfXgOFAu7imubcUVYCUtLHebXvpq46dwJNt_GQ1saVYAnDUeWXSu6-_39S0c6SII3RXlvSq5lE5y2Po1Bs=w1000-h1000-c-n,42.278873,-83.74004269999999,0.2758,True,3
170976,University of Michigan-Ann Arbor,coffee,ChIJoRSSi6avPIgRwTtXsWTI5bk,0x883cafa68b9214a1:0xb9e5c864b1573bc1,Poindexter Coffee,Coffee shop,"[""Coffee shop"", ""Cafe"", ""Restaurant""]","615 E Huron St, Ann Arbor, MI 48104",(734) 769-2200,https://www.hilton.com/en/hotels/arbgagu-graduate-ann-arbor/dining/,4.3,18.0,,Open · Closes 8 PM,"""Open \u00b7 Closes 8\u202fPM""","{""tuesday"": ""6\u202fAM\u20138\u202fPM"", ""wednesday"": ""6\u202fAM\u20138\u202fPM"", ""thursday"": ""6\u202fAM\u20138\u202fPM"", ""friday"": ""6\u202fAM\u20138\u202fPM"", ""saturday"": ""6\u202fAM\u20138\u202fPM"", ""sunday"": ""6\u202fAM\u20138\u202fPM"", ""monday"": ""6\u202fAM\u20138\u202fPM""}","{""dine_in"": true, ""takeout"": true, ""delivery"": false}",,https://lh3.googleusercontent.com/gps-cs-s/APNQkAGccn_okb7r9oEihFdVLWkOlEWRsDRWRZTzorRPHD96G1CqtEULFrwxoOzvjyTfEJLcuFaHKlugIOGkpe1-yJoPAQ3bOxRUoKgb-n14vHWlpYctb_CF5f-zDi2VJyPwMaq-ESTp=w1000-h1000-c-n,42.2814408,-83.74141209999999,0.4099,True,3
170976,University of Michigan-Ann Arbor,coffee,ChIJCfHfv0auPIgRvlg3ZIxFQyo,0x883cae46bfdff109:0x2a43458c643758be,Bert's Café,Cafe,"[""Cafe""]","919 S University Ave, Ann Arbor, MI 48109",(734) 647-6237,https://dining.umich.edu/menus-locations/cafes/berts-cafe/,3.7,48.0,$,,{},{},"{""dine_in"": true, ""takeout"": true, ""delivery"": false}",,https://lh3.googleusercontent.com/gps-cs-s/APNQkAHKfQGzcJqsSeMVcRKTBN_pASYVgAmek5K1mIdUdvedHfUF-ivmQV_29aohRxRj01MV5NUH1y3Ni4tIjmgRABsnlsVtryauBJXcMQ45r5nf5AmnOSrKI1rQ126xrKr-UnS-4T8fwA=w1000-h1000-c-n,42.2756189,-83.7371766,0.2151,True,3
170976,University of Michigan-Ann Arbor,coffee,ChIJq6sw3D2uPIgRDyYEju2ntYk,0x883cae3ddc30abab:0x89b5a7ed8e04260f,Cahoots Coworking,Coworking space,"[""Coworking space"", ""Cafe"", ""Corporate office"", ""Event venue"", ""Spa and health club"", ""Virtual office rental""]","206 E Huron St, Ann Arbor, MI 48104",(734) 249-8898,https://cahoots.com/,5.0,81.0,,Closes soon · 4 PM · Opens 8 AM Wed,"""Closes soon \u00b7 4\u202fPM \u00b7 Opens 8\u202fAM Wed""","{""tuesday"": ""8\u202fAM\u20134\u202fPM"", ""wednesday"": ""8\u202fAM\u20134\u202fPM"", ""thursday"": ""8\u202fAM\u20134\u202fPM"", ""friday"": ""8\u202fAM\u20134\u202fPM"", ""saturday"": ""8\u202fAM\u20134\u202fPM"", ""sunday"": ""9\u202fAM\u20133\u202fPM"", ""monday"": ""8\u202fAM\u20134\u202fPM""}","{""onsite_services"": true}",,https://lh3.googleusercontent.com/gps-cs-s/APNQkAEhU6MbByEf0H7N7YdwGeQiNZIDwbqB7NlvilTWgp7-25Cu6WArnHeHrUZUrqVbiG3UWJV6apb_L_fj50fCMhV00_UN35t_lbk0RgKwduaz-klXkjlpCoLQjd0EWF8TvVwj5vIGVw=w1000-h1000-c-n,42.2812451,-83.7468686,0.656,True,3
170976,University of Michigan-Ann Arbor,coffee,ChIJfZxdRTyuPIgRFLmtIWYVUbA,0x883cae3c455d9c7d:0xb051156621adb914,Bakehouse 46,Coffee shop,"[""Coffee shop"", ""Bagel shop"", ""Cafe"", ""Caterer"", ""Bakery"", ""Cupcake shop"", ""Donut shop"", ""Espresso bar"", ""Ice cream shop"", ""Wedding bakery""]","116 E Liberty St, Ann Arbor, MI 48104",(734) 222-1801,https://www.bakehouse46.com/,4.4,426.0,$10–20,Open · Closes 9 PM,"""Open \u00b7 Closes 9\u202fPM""","{""tuesday"": ""8\u202fAM\u20139\u202fPM"", ""wednesday"": ""8\u202fAM\u20139\u202fPM"", ""thursday"": ""8\u202fAM\u20139\u202fPM"", ""friday"": ""8\u202fAM\u20139\u202fPM"", ""saturday"": ""8\u202fAM\u20139\u202fPM"", ""sunday"": ""8\u202fAM\u20137\u202fPM"", ""monday"": ""8\u202fAM\u20139\u202fPM""}","{""takeout"": true, ""delivery"": true}",,https://lh3.googleusercontent.com/gps-cs-s/APNQkAE7gPlMVCrDTffeZwqFSkOdoyKuqVYGxpBpqvU-lEwx2EajR03FVbWDmHCzM_zjkVcHgSuEuPTypYIrSKVWikN0I4E3nXI3AabMRA8mwpU-z7JVYMmasKCKhIv4ZsX01LJCuqsH=w1000-h1000-c-n,42.279433,-83.74776,0.6717,True,3
170976,University of Michigan-Ann Arbor,coffee,ChIJ_w3fSyOuPIgRcZVLWpwy8ic,0x883cae234bdf0dff:0x27f2329c5a4b9571,Argus Farm Stop - Liberty,Cafe,"[""Cafe"", ""Farmers' market"", ""Dairy store"", ""Grocery store"", ""Meat products store""]","325 W Liberty St, Ann Arbor, MI 48103",(734) 213-2200,http://www.argusfarmstop.com/,4.8,562.0,,Open · Closes 8 PM,"""Open \u00b7 Closes 8\u202fPM""","{""tuesday"": ""8\u202fAM\u20138\u202fPM"", ""wednesday"": ""8\u202fAM\u20138\u202fPM"", ""thursday"": ""8\u202fAM\u20138\u202fPM"", ""friday"": ""8\u202fAM\u20138\u202fPM"", ""saturday"": ""8\u202fAM\u20138\u202fPM"", ""sunday"": ""8\u202fAM\u20138\u202fPM"", ""monday"": ""8\u202fAM\u20138\u202fPM""}","{""in_store_shopping"": true, ""onsite_services"": true}",,https://lh3.googleusercontent.com/gps-cs-s/APNQkAEvK_WxCDnOiM8j1imb9NIXdJrA1vbJrZ-Wv5tOrT1Ar_PACcWUKh0VkGRhClSMAWl_lch7F07RBkxHRVAdJ0dw14RqCr15yqlqDre0ddmYuz5UNTI4fnNaFy85IbRSbv9YK3sZIw=w1000-h1000-c-n,42.2789614,-83.75212259999999,0.8906,True,3
170976,University of Michigan-Ann Arbor,coffee,ChIJLXbltRWuPIgReEcGh1sAHlA,0x883cae15b5e5762d:0x501e005b87064778,Zingerman's Delicatessen,Coffee shop,"[""Coffee shop"", ""Restaurant"", ""Deli"", ""Dessert shop"", ""Gourmet grocery store"", ""Grocery delivery service"", ""Grocery store"", ""Takeout Restaurant"", ""Sandwich shop""]","422 Detroit St, Ann Arbor, MI 48104",(734) 663-3354,http://www.zingermansdeli.com/,4.6,6830.0,$20–30,Open · Closes 7 PM,"""Open \u00b7 Closes 7\u202fPM""","{""tuesday"": ""11\u202fAM\u20137\u202fPM"", ""wednesday"": ""11\u202fAM\u20137\u202fPM"", ""thursday"": ""11\u202fAM\u20137\u202fPM"", ""friday"": ""11\u202fAM\u20137\u202fPM"", ""saturday"": ""11\u202fAM\u20137\u202fPM"", ""sunday"": ""11\u202fAM\u20137\u202fPM"", ""monday"": ""11\u202fAM\u20137\u202fPM""}","{""dine_in"": true, ""takeout"": true, ""delivery"": true}","Mainstay for sandwiches & gourmet goods. Locals line up for generous deli sandwiches at this funky, longtime market with specialty groceries.",https://lh3.googleusercontent.com/gps-cs-s/APNQkAHnDPSdhDORQJVn1RnmW7tzR7Jii1nNo4DvxgxXSRugAIsvOGoF_5mj3m-_G8Du5YtXey6xEcn-FQoHLLqtVWiYQzGM9C_wMt2rXTu9SANz6Xe7FbH8rg1C2wsRc_6xCAKhI041OQ=w1000-h1000-c-n,42.2846822,-83.74507129999999,0.6947,True,3
152080,University of Notre Dame,coffee,ChIJv2aI7X_NFogRVOic2V_EtyY,0x8816cd7fed8866bf:0x26b7c45fd99ce854,Hammes Notre Dame Bookstore,Cafe,"[""Cafe"", ""Book store"", ""Clothing store""]","Eck Visitors Center, 1 N Notre Dame Ave, Notre Dame, IN 46556",(574) 631-6316,https://nd.bncollege.com/,4.7,2503.0,,Open · Closes 7 PM,"""Open \u00b7 Closes 7\u202fPM""","{""tuesday"": ""8\u202fAM\u20137\u202fPM"", ""wednesday"": ""8\u202fAM\u20137\u202fPM"", ""thursday"": ""8\u202fAM\u20137\u202fPM"", ""friday"": ""8\u202fAM\u20137\u202fPM"", ""saturday"": ""8\u202fAM\u20137\u202fPM"", ""sunday"": ""9\u202fAM\u20137\u202fPM"", ""monday"": ""8\u202fAM\u20137\u202fPM""}","{""in_store_shopping"": true, ""in_store_pickup"": true}","Licensed apparel & gifts in sizable digs. Campus bookstore on 2 floors with a coffee bar, plus collegiate clothing, supplies & souvenirs.",https://lh3.googleusercontent.com/gps-cs-s/APNQkAHLEgUXz1dps6n1x5QjFNUXDiGPlPvXSEOwumQodoqvy6u6eyaaKSXgtsTiPa11zFk76ygJ015qvSdjwN_OfQH9vZ6IElhMOSUJ9TGKAGpP9tCMHYcrG46spmeeCfefrwIPgM1I0Q=w1000-h1000-c-n,41.696401,-86.2397479,0.5697,True,3
152080,University of Notre Dame,coffee,ChIJATgIOeTNFogRGddOxh4ktPo,0x8816cde439083801:0xfab4241ec64ed719,Cafe J,Coffee shop,"[""Coffee shop""]","Morris Inn, Notre Dame, IN 46556",(574) 281-9988,https://morrisinn.nd.edu/dine-with-us/cafe-j/,4.4,8.0,$1–10,Closed · Opens 6 AM Wed,"""Closed \u00b7 Opens 6\u202fAM Wed""","{""tuesday"": ""6\u202fAM\u20133\u202fPM"", ""wednesday"": ""6\u202fAM\u20133\u202fPM"", ""thursday"": ""6\u202fAM\u20133\u202fPM"", ""friday"": ""6\u202fAM\u20133\u202fPM"", ""saturday"": ""6\u202fAM\u20133\u202fPM"", ""sunday"": ""6\u202fAM\u20133\u202fPM"", ""monday"": ""6\u202fAM\u20133\u202fPM""}","{""dine_in"": true, ""takeout"": true, ""delivery"": false}",,https://lh3.googleusercontent.com/gps-cs-s/APNQkAHxSxpk4elVGigkTa_bcCUu-tFTDdMm7ZmBCOEfBw3EAfZdJKgk8igvLva90OcbIxyQGi3R2kTstc7UG2n8Fc_ar3SvUNVlXFApMwNgoTkzfYfXKIcYKL4jn7_IVIr7X8yhW9rQQoUYEyfk=w1000-h1000-c-n,41.6982592,-86.23922429999999,0.4389,True,3
152080,University of Notre Dame,coffee,ChIJVbpnl7bSFogRNK7XcJW7wFY,0x8816d2b69767ba55:0x56c0bb9570d7ae34,BIGGBY COFFEE,Coffee shop,"[""Coffee shop"", ""Cafe"", ""Coffee roastery"", ""Coffee stand"", ""Coffee store"", ""Coffee wholesaler"", ""Espresso bar"", ""Restaurant""]","103 N Dixie Way, Roseland, IN 46637",(574) 703-7118,https://biggby.com/,4.3,525.0,$1–10,Open · Closes 8 PM,"""Open \u00b7 Closes 8\u202fPM""","{""tuesday"": ""5\u202fAM\u20138\u202fPM"", ""wednesday"": ""5\u202fAM\u20138\u202fPM"", ""thursday"": ""5\u202fAM\u20138\u202fPM"", ""friday"": ""5\u202fAM\u20138\u202fPM"", ""saturday"": ""6\u202fAM\u20138\u202fPM"", ""sunday"": ""7\u202fAM\u20138\u202fPM"", ""monday"": ""5\u202fAM\u20138\u202fPM""}","{""dine_in"": true, ""drive_through"": true, ""delivery"": true}","Coffeehouse chain with light bites. Cheery regional coffeehouse chain serving specialty drinks, smoothies & baked goods.",https://lh3.googleusercontent.com/gps-proxy/ALd4DhHyRsyt8V0TrRLkpxpBdcOJfRcdx95n_O1nSbaLvE15-uyUckPUJ-I841uhf4aochQ61cU_tOsfM0Iqgb5eGS3OkrRpvEQ0IvGWkmVBv0-ODcQoXd3pRZ0lEi4gCmRuHF8V8TtfUEffXb5pJBdl8cg0py6tsTfVoNR75g0m6mQioK8EOQalb67-=w1000-h1000-c-n,41.7160601,-86.2507449,1.0237,True,3
152080,University of Notre Dame,coffee,ChIJ2RMeVWjNFogRrAPukqljxuc,0x8816cd68551e13d9:0xe7c663a992ee03ac,Tous les Jours,Coffee shop,"[""Coffee shop"", ""Breakfast restaurant"", ""Cafe"", ""Cake shop"", ""Bakery"", ""Pastry shop"", ""Sandwich shop""]","1130 E Angela Blvd, South Bend, IN 46617",(574) 318-4915,https://tljus.com/stores/south-bend-1130-e-angela-blvd-ste-102?utm_source=google&utm_medium=gbp&utm_campaign=southbend,1.0,2.0,,Open · Closes 7 PM,"""Open \u00b7 Closes 7\u202fPM""","{""tuesday"": ""8\u202fAM\u20137\u202fPM"", ""wednesday"": ""8\u202fAM\u20137\u202fPM"", ""thursday"": ""8\u202fAM\u20137\u202fPM"", ""friday"": ""8\u202fAM\u20137\u202fPM"", ""saturday"": ""8\u202fAM\u20137\u202fPM"", ""sunday"": ""8\u202fAM\u20137\u202fPM"", ""monday"": ""8\u202fAM\u20137\u202fPM""}","{""dine_in"": true, ""curbside_pickup"": true}",,https://lh3.googleusercontent.com/gps-proxy/ALd4DhH1Hlof9F4tLoNLXEX48k3H263Zuty3v1U6OEZykAHYyKYOQ5B8_NxxMSaODcieMdk1GRqVB94HmArPTE6SnIU_-spk7hF8Wed-g3KzeyvDba5KGRuNdnJbmxVYS-nkFSDS2ZG8o0ToycWTpyht88umW5Y1P6lfCCTjN1lfYXPH1EqgF4DPjGGN=w1000-h1000-c-n,41.6925647,-86.2346563,0.8495,True,3
152080,University of Notre Dame,coffee,ChIJFfwbFYDSFogRzW5rrjPDHMc,0x8816d280151bfc15:0xc71cc333ae6b6ecd,Starbucks Coffee Company,Coffee shop,"[""Coffee shop"", ""Cafe"", ""Coffee store"", ""Espresso bar""]","2081 South Bend Ave, South Bend, IN 46637",(574) 239-2105,https://www.starbucks.com/store-locator/store/12422,4.3,87.0,$1–10,Open · Closes 6 PM,"""Open \u00b7 Closes 6\u202fPM""","{""tuesday"": ""6\u202fAM\u20136\u202fPM"", ""wednesday"": ""6\u202fAM\u20136\u202fPM"", ""thursday"": ""6\u202fAM\u20136\u202fPM"", ""friday"": ""6\u202fAM\u20136\u202fPM"", ""saturday"": ""6\u202fAM\u20136\u202fPM"", ""sunday"": ""6\u202fAM\u20136\u202fPM"", ""monday"": ""6\u202fAM\u20136\u202fPM""}","{""dine_in"": true, ""drive_through"": true, ""delivery"": false}","Iconic coffeehouse chain. Welcoming coffeehouse with handcrafted coffee, espresso & tea, plus breakfast, lunch & pastries.",https://lh3.googleusercontent.com/gps-cs-s/APNQkAGNKUPHolcM2QngizN3XxoUkbvu7tA-mvivVG5YsB8IoVJQTfqCZ9OhpzfAFCEjt-DGgy4AuhsWLxnKtf9gZDr_GQKc49K0wD_A_9qpbqDFCZt3uhA_W7xI_ThMGwyJBIcONE8B=w1000-h1000-c-n,41.70114,-86.21779,1.0802,True,3
152080,University of Notre Dame,coffee,ChIJUSTu5-zNFogRV0QUC9x9qCc,0x8816cdece7ee2451:0x27a87ddc0b144457,PURELY PRESSED,Coffee shop,"[""Coffee shop"", ""A\u00e7a\u00ed shop"", ""Breakfast restaurant"", ""Juice shop"", ""Health food store"", ""Organic restaurant""]","1251 N Eddy St STE 103, South Bend, IN 46617",(574) 400-0693,http://purelypressedorganic.com/,4.2,61.0,$10–20,Open · Closes 7 PM,"""Open \u00b7 Closes 7\u202fPM""","{""tuesday"": ""7\u202fAM\u20137\u202fPM"", ""wednesday"": ""7\u202fAM\u20137\u202fPM"", ""thursday"": ""7\u202fAM\u20137\u202fPM"", ""friday"": ""7\u202fAM\u20137\u202fPM"", ""saturday"": ""8\u202fAM\u20136\u202fPM"", ""sunday"": ""8\u202fAM\u20136\u202fPM"", ""monday"": ""7\u202fAM\u20137\u202fPM""}","{""dine_in"": true, ""takeout"": true, ""delivery"": true}",,https://lh3.googleusercontent.com/gps-proxy/ALd4DhHfTbetprM_26AJOw7s_eb1_86zrSMF_fTu2_ZKVTZAomNuf1vasRTa8G3NQ85GRXmuar4d2Y8t38ah-YFXR8Vdv5386SmntnXfFd11VdThIymG2uvnIIQhfMM5XJj4roT-9ycqnW-fszc5X-bJlsf0tHMITtMOqn1x1RUyZF7gcShjGlCMxlDi=w1000-h1000-c-n,41.6922581,-86.2359831,0.8583,True,3
152080,University of Notre Dame,coffee,ChIJ4cQNbmfNFogRNLzZZjHvnlY,0x8816cd676e0dc4e1:0x569eef3166d9bc34,Starbucks Coffee Company,Coffee shop,"[""Coffee shop"", ""Cafe"", ""Coffee store"", ""Espresso bar""]","1234 N Eddy St, South Bend, IN 46617",(574) 331-1861,https://www.starbucks.com/store-locator/store/1009692,4.1,91.0,$1–10,Open · Closes 5 PM,"""Open \u00b7 Closes 5\u202fPM""","{""tuesday"": ""7\u202fAM\u20135\u202fPM"", ""wednesday"": ""7\u202fAM\u20135\u202fPM"", ""thursday"": ""7\u202fAM\u20135\u202fPM"", ""friday"": ""7\u202fAM\u20136\u202fPM"", ""saturday"": ""7\u202fAM\u20136\u202fPM"", ""sunday"": ""7\u202fAM\u20136\u202fPM"", ""monday"": ""7\u202fAM\u20135\u202fPM""}","{""dine_in"": true, ""takeout"": true, ""delivery"": false}","Iconic coffeehouse chain. Welcoming coffeehouse with handcrafted coffee, espresso & tea, plus breakfast, lunch & pastries.",https://lh3.googleusercontent.com/gps-cs-s/APNQkAGYaSK5-Cm7-CzfmafPsrzApQftnVmPXtkpU1Mpn_SREUxItzz18c9sGgopF95cOc2CZP42L6UbrjLX5NI9bhULrP5XKDXHE6K-A5uBB6N3OneL6H0aqzeLrRsaaDstUhwMrTI=w1000-h1000-c-n,41.69254,-86.23505,0.847,True,3
152080,University of Notre Dame,coffee,ChIJkxjWEGDNFogRn0mnhPjCtTE,0x8816cd6010d61893:0x31b5c2f884a7499f,Hagerty Family Cafe,Cafe,"[""Cafe""]","University of Notre Dame, South Bend, IN 46637",,https://dining.nd.edu/locations-menus/hagerty-family-cafe/,3.8,32.0,$1–10,Open · Closes 7 PM,"""Open \u00b7 Closes 7\u202fPM""","{""tuesday"": ""7:30\u202fAM\u20137\u202fPM"", ""wednesday"": ""7:30\u202fAM\u20137\u202fPM"", ""thursday"": ""7:30\u202fAM\u20137\u202fPM"", ""friday"": ""7:30\u202fAM\u20137\u202fPM"", ""saturday"": ""10\u202fAM\u20134\u202fPM"", ""sunday"": ""Closed"", ""monday"": ""7:30\u202fAM\u20137\u202fPM""}","{""dine_in"": true, ""takeout"": true, ""delivery"": false}",,https://lh3.googleusercontent.com/gps-cs-s/APNQkAHsu1RuvwnCI9PTmBw9txHz3Ur20YjoulHxdNa4WaB0IRuh9NbjENbvwP6WgIws0387zxKyV2Cw--DVoZo4L2vZw6WWJ_BPNHF_YMECNArlGtLoGm-7Pq4UAe9T7X7apWdDXmsxTA=w1000-h1000-c-n,41.6990042,-86.23522899999999,0.4142,True,3
152080,University of Notre Dame,coffee,ChIJp_6x04HSFogRU3SMQvUkNjw,0x8816d281d3b1fea7:0x3c3624f5428c7453,Einstein Bros. Bagels,Coffee shop,"[""Coffee shop"", ""Bakery"", ""Breakfast restaurant"", ""Cafe"", ""Bagel shop""]","2019 South Bend Ave, South Bend, IN 46637",(574) 272-2622,https://locations.einsteinbros.com/us/in/south-bend/2019-south-bend-ave?y_source=1_OTA0OTcyNC03MTUtbG9jYXRpb24ud2Vic2l0ZQ%3D%3D,4.0,560.0,$10–20,Closed · Opens 5:30 AM Wed,"""Closed \u00b7 Opens 5:30\u202fAM Wed""","{""tuesday"": ""5:30\u202fAM\u20133\u202fPM"", ""wednesday"": ""5:30\u202fAM\u20133\u202fPM"", ""thursday"": ""5:30\u202fAM\u20133\u202fPM"", ""friday"": ""5:30\u202fAM\u20133\u202fPM"", ""saturday"": ""6:30\u202fAM\u20133\u202fPM"", ""sunday"": ""7\u202fAM\u20133\u202fPM"", ""monday"": ""5:30\u202fAM\u20133\u202fPM""}","{""dine_in"": true, ""drive_through"": true, ""delivery"": true}",,https://lh3.googleusercontent.com/gps-proxy/ALd4DhGZByMPt8VddXCHEN89LshVnb_qWg5jdUy3B71VAcRTToDvqprREiVp95R6N6jS1uARtFqo1wLA5R8LwmNxx0OMUyjNB_GtUcgtgpesyuUySYXxsEIFwITD1C-5oJ0HZ8ErjOKvdW9y_gxYli8lb2hlW8-mhCjo9D0zmjOKgwCCgF5r-7AX_6lB=w1000-h1000-c-n,41.6992202,-86.2187558,1.0699,True,3
152080,University of Notre Dame,coffee,ChIJC-y3jn3NFogR1cj66_B7jT4,0x8816cd7d8eb7ec0b:0x3e8d7bf0ebfac8d5,Starbucks Coffee Company,Coffee shop,"[""Coffee shop"", ""Breakfast restaurant"", ""Cafe"", ""Coffee store"", ""Espresso bar"", ""Internet cafe""]","2202 South Bend Ave, South Bend, IN 46635",(574) 277-3684,https://www.starbucks.com/store-locator/store/14890/,4.0,402.0,$10–20,Open · Closes 9 PM,"""Open \u00b7 Closes 9\u202fPM""","{""tuesday"": ""4:30\u202fAM\u20139\u202fPM"", ""wednesday"": ""4:30\u202fAM\u20139\u202fPM"", ""thursday"": ""4:30\u202fAM\u20139\u202fPM"", ""friday"": ""4:30\u202fAM\u20139\u202fPM"", ""saturday"": ""4:30\u202fAM\u20139\u202fPM"", ""sunday"": ""4:30\u202fAM\u20139\u202fPM"", ""monday"": ""4:30\u202fAM\u20139\u202fPM""}","{""dine_in"": true, ""drive_through"": true, ""delivery"": true}","Iconic coffeehouse chain. Welcoming coffeehouse with handcrafted coffee, espresso & tea, plus breakfast, lunch & pastries.",https://lh3.googleusercontent.com/gps-proxy/ALd4DhGNAo3_yy8OGa7zLfikrlIQlJ2JbyTEGEGfu0cO_LvA4Ndh7WcV7DXMRW0SUOP82s88XvnhEXAvhGM4n311H3AigDVfqPOOK5YZrxA9V0J0ARgVcZb28F9ou5FDBnD6vPxJag8Xfb-zaLP8N_qlcttojqVqqqyOsDwwZGXpsUJtnYAInlzxxLk=w1000-h1000-c-n,41.69989,-86.21571,1.2054,True,3
179867,Washington University in St Louis,coffee,ChIJrWKXZqrK2IcRwR5ilplkmno,0x87d8caaa669762ad:0x7a9a649996621ec1,Kaldi's Coffee,Coffee shop,"[""Coffee shop"", ""Cafe"", ""Coffee store"", ""Espresso bar""]","270 Skinker Blvd, St. Louis, MO 63130",(314) 862-4447,https://kaldiscoffee.com/pages/location-kayaks,4.5,978.0,$10–20,Closes soon · 3 PM · Opens 7 AM Wed,"""Closes soon \u00b7 3\u202fPM \u00b7 Opens 7\u202fAM Wed""","{""tuesday"": ""7\u202fAM\u20133\u202fPM"", ""wednesday"": ""7\u202fAM\u20133\u202fPM"", ""thursday"": ""7\u202fAM\u20133\u202fPM"", ""friday"": ""7\u202fAM\u20133\u202fPM"", ""saturday"": ""7\u202fAM\u20133\u202fPM"", ""sunday"": ""7\u202fAM\u20133\u202fPM"", ""monday"": ""7\u202fAM\u20133\u202fPM""}","{""dine_in"": true, ""takeout"": true, ""delivery"": true}","Area hangout with coffee & sandwiches. Sizable coffee shop with outdoor seating & a menu of sandwiches, pizzas & breakfast fare.",https://lh3.googleusercontent.com/gps-cs-s/APNQkAFb6belLjmjoN4ueyuHVTpWlnFG2uJf89GUNbj13-NeX4IO-jWWqsyVRFWTg6ZAYesKxyR2QESA3Qc5N6Sr6R_7IDoFsmqTBOampOqnuimaJG1xHl8msMLyo4B0PF75X2QJG7hh=w1000-h1000-c-n,38.6495461,-90.3003558,0.1644,True,3
179867,Washington University in St Louis,coffee,ChIJp73RUVQ134cRLTmtgSKU7MU,0x87df355451d1bda7:0xc5ec942281ad392d,Meshuggah Cafe,Cafe,"[""Cafe""]","6269 Delmar Blvd, University City, MO 63130",,https://meshuggahonline.square.site/,4.6,366.0,$10–20,Closed · Opens 7:30 AM Wed,"""Closed \u00b7 Opens 7:30\u202fAM Wed""","{""tuesday"": ""7:30\u202fAM\u20132\u202fPM"", ""wednesday"": ""7:30\u202fAM\u20132\u202fPM"", ""thursday"": ""7:30\u202fAM\u20132\u202fPM"", ""friday"": ""7:30\u202fAM\u20132\u202fPM"", ""saturday"": ""8\u202fAM\u20132\u202fPM"", ""sunday"": ""8\u202fAM\u20132\u202fPM"", ""monday"": ""Closed""}","{""dine_in"": true, ""takeout"": true}","Hip coffeehouse with light American fare. Cool coffee bar offering comfy seating, light bites & craft beer, plus chill entertainment.",https://lh3.googleusercontent.com/gps-cs-s/APNQkAFuNARaUrwhFVTOYp2VIcVn4BkYPEex8cUK9Dbb1KxkpL8KfSO4W3g1DqSrqKEXyrFimc-Qi2hRUHCBF878-U_hOm8jLuASbrj82OKngIWmfU7K8XFQeoGspdPZqGl45qZ_2hMX=w1000-h1000-c-n,38.655889,-90.30234,0.5617,True,3
179867,Washington University in St Louis,coffee,ChIJ8ZunjJDL2IcRBFA6I0T7NhQ,0x87d8cb908ca79bf1:0x1436fb44233a5004,Haché Herbal Infusions,Coffee shop,"[""Coffee shop""]","6350 S Rosebury Ave, St. Louis, MO 63105",,,4.8,26.0,$1–10,Closed · Opens 6:30 AM Wed,"""Closed \u00b7 Opens 6:30\u202fAM Wed""","{""tuesday"": ""6:30\u202fAM\u20132\u202fPM"", ""wednesday"": ""6:30\u202fAM\u20132\u202fPM"", ""thursday"": ""6:30\u202fAM\u20132\u202fPM"", ""friday"": ""6:30\u202fAM\u20132\u202fPM"", ""saturday"": ""6:30\u202fAM\u20132\u202fPM"", ""sunday"": ""6:30\u202fAM\u20132\u202fPM"", ""monday"": ""6:30\u202fAM\u20132\u202fPM""}","{""dine_in"": true, ""takeout"": true, ""delivery"": false}",,https://lh3.googleusercontent.com/gps-cs-s/APNQkAGjycLvaP8pVtWuNY3u-LG4omYqZpGJ5Rt62K7KmHJcODdvq8-NYkT2RjUeikO4ZINy2lljcX31VnUxcYZKQz3y_GA0tL2L31Z1M5AdPwFz7sGRms0vI7SU6IOgm-DyFMV7XdMItiwFArE=w1000-h1000-c-n,38.6373626,-90.3078121,0.7761,True,3
179867,Washington University in St Louis,coffee,ChIJI0tEJjQ134cRRmlGJSmHmtw,0x87df353426444b23:0xdc9a872925466946,Winslow's Table,Coffee shop,"[""Coffee shop"", ""Bakery"", ""Breakfast restaurant"", ""Cafe"", ""Lunch restaurant""]","7213 Delmar Blvd, St. Louis, MO 63130",(314) 725-7559,https://www.takeroothospitality.com/winslows-table,4.4,1150.0,$20–30,Closed · Opens 8 AM Wed,"""Closed \u00b7 Opens 8\u202fAM Wed""","{""tuesday"": ""Closed"", ""wednesday"": ""8\u202fAM\u20137\u202fPM"", ""thursday"": ""8\u202fAM\u20137\u202fPM"", ""friday"": ""8\u202fAM\u20137\u202fPM"", ""saturday"": ""8\u202fAM\u20137\u202fPM"", ""sunday"": ""8\u202fAM\u20133\u202fPM"", ""monday"": ""Closed""}","{""dine_in"": true, ""curbside_pickup"": true, ""no_contact_delivery"": true}","New American eatery & general store. Part restaurant & part market, serving updated American comfort food, home items & groceries.",https://lh3.googleusercontent.com/gps-cs-s/APNQkAFWClCsdPczt2FyvQM2Kb_ehUMypbes8Bs5XmL0sIZopmfM-Ad6g5kjJmnltATfDLhcThqYGWekHbgSY4ZR3UB1Wwkz_fgunthUKnN_NXRLc22Hgqw2YUDiaLz2p8PNq6DkkbWL=w1000-h1000-c-n,38.6578589,-90.3213757,1.2405,True,3
179867,Washington University in St Louis,coffee,ChIJAQ0uwM3K2IcRxsN_abwihaY,0x87d8cacdc02e0d01:0xa68522bc697fc3c6,Colleen's Cafe,Coffee shop,"[""Coffee shop"", ""Bakery"", ""Breakfast restaurant"", ""Brunch restaurant"", ""Cafe"", ""Cookie shop"", ""Lunch restaurant""]","7337 Forsyth Blvd, St. Louis, MO 63105",(314) 727-8427,https://www.colleenscookies.com/,4.5,540.0,$10–20,Closed · Opens 7 AM Wed,"""Closed \u00b7 Opens 7\u202fAM Wed""","{""tuesday"": ""Closed"", ""wednesday"": ""7\u202fAM\u20132\u202fPM"", ""thursday"": ""7\u202fAM\u20132\u202fPM"", ""friday"": ""7\u202fAM\u20132\u202fPM"", ""saturday"": ""7\u202fAM\u20132\u202fPM"", ""sunday"": ""7\u202fAM\u20132\u202fPM"", ""monday"": ""7\u202fAM\u20132\u202fPM""}","{""dine_in"": true, ""takeout"": true, ""delivery"": false}","Quaint cafe & bakery with fresh baked pastries. Quaint cafe serving coffee & fresh baked pastries, as well as breakfast.",https://lh3.googleusercontent.com/gps-cs-s/APNQkAFBmk5wTPIQ0_e4bXNbA5hPKlK9HNe1CxTH_G3X4d1yvZXD7jUdhwn936Ori24hlqwyt4yprFDs4dFrUrFKc1a4IWGnz8TMWr1RBMgwCw72e8zcUaW-QmIUECAPZlm7joNCtDbrtA=w1000-h1000-c-n,38.6487208,-90.3264971,1.3037,True,3
139658,Emory University,coffee,ChIJd0QPzGwH9YgRAy1qDIjs2tg,0x88f5076ccc0f4477:0xd8daec880c6a2d03,Summit Coffee Emory Village,Coffee shop,"[""Coffee shop"", ""Coffee store""]","1565 N Decatur Rd, Atlanta, GA 30307",(404) 343-1057,https://www.summitcoffee.com/emoryvillage,4.5,71.0,$1–10,Open · Closes 5 PM,"""Open \u00b7 Closes 5\u202fPM""","{""tuesday"": ""7\u202fAM\u20135\u202fPM"", ""wednesday"": ""7\u202fAM\u20135\u202fPM"", ""thursday"": ""7\u202fAM\u20135\u202fPM"", ""friday"": ""7\u202fAM\u20135\u202fPM"", ""saturday"": ""7\u202fAM\u20135\u202fPM"", ""sunday"": ""7\u202fAM\u20135\u202fPM"", ""monday"": ""7\u202fAM\u20135\u202fPM""}","{""dine_in"": true, ""takeout"": true, ""delivery"": false}",,https://lh3.googleusercontent.com/gps-proxy/ALd4DhH8Jqc9DVgXOKAU4OwWv5ISHPsZS_stVfBdJHeqq-zgelSTBzA9x1Le9wASnBOd7LwpT5KTfjOJNCoK7z7FLCNgADNrUkXo_P1EMR7DrQyeUnabs56KqX_qXzP_ghmF9FrXTJafHKkka7a2xcMKvh1IfRWBiBZQ4bYfnYNHlKLFy3MZA2LyEbsRAQ=w1000-h1000-c-n,33.7878376,-84.3264504,0.6483,True,3
131496,Georgetown University,coffee,ChIJZVJfK0-2t4kR3Bk3JiXTUfs,0x89b7b64f2b5f5265:0xfb51d325263719dc,Blue Bottle Coffee,Coffee shop,"[""Coffee shop"", ""Cafe""]","1046 Potomac St NW, Washington, DC 20007",(510) 661-3510,https://bluebottlecoffee.com/us/eng/washington-dc-cafes?utm_source=google&utm_medium=organic&utm_campaign=cafe_business_listing_DC,4.4,1368.0,$1–10,Open · Closes 8 PM,"""Open \u00b7 Closes 8\u202fPM""","{""tuesday"": ""7\u202fAM\u20138\u202fPM"", ""wednesday"": ""7\u202fAM\u20138\u202fPM"", ""thursday"": ""7\u202fAM\u20138\u202fPM"", ""friday"": ""7\u202fAM\u20139\u202fPM"", ""saturday"": ""7\u202fAM\u20139\u202fPM"", ""sunday"": ""7\u202fAM\u20139\u202fPM"", ""monday"": ""7\u202fAM\u20138\u202fPM""}","{""dine_in"": true, ""takeout"": true, ""delivery"": true}",California cult coffeehouse on C&O canal. West Coast coffee culture brand known for roasting top beans offers precision brews in a cool mileau,https://lh3.googleusercontent.com/gps-cs-s/APNQkAFMV6PVVyn_F962ia0R65wF3eMbqxpnhU3JC-l29FAqTjQAJtXrPH8Xzks9Xl5--ZeFdNiRCZK8dIbyi4oCfdZNNpi1xkvF6XlNknhtONxfm6V0E7uO-NaC6pmK3ihW7oK2uKna=w1000-h1000-c-n,38.9043836,-77.0654575,0.5828,True,3
131496,Georgetown University,coffee,ChIJefT91XG3t4kRMFEms-uiyFg,0x89b7b771d5fdf479:0x58c8a2ebb3265130,Grace Street Coffee Roasters,Coffee shop,"[""Coffee shop""]","3299 K St NW suite 102, Washington, DC 20007",,http://www.gracestreetcoffee.com/,4.4,196.0,$1–20,Open · Closes 5 PM,"""Open \u00b7 Closes 5\u202fPM""","{""tuesday"": ""7\u202fAM\u20135\u202fPM"", ""wednesday"": ""7\u202fAM\u20135\u202fPM"", ""thursday"": ""7\u202fAM\u20135\u202fPM"", ""friday"": ""7\u202fAM\u20135\u202fPM"", ""saturday"": ""8\u202fAM\u20136\u202fPM"", ""sunday"": ""8\u202fAM\u20136\u202fPM"", ""monday"": ""7\u202fAM\u20135\u202fPM""}","{""dine_in"": true, ""takeout"": true, ""no_contact_delivery"": true}",,https://lh3.googleusercontent.com/gps-cs-s/APNQkAGfr8ZRy2WCTWLyxHz8qvevL4PQHjt6GpHnlSgLuYGEJuLqPMK5UfNQzo1vLEXEGIoAqNh5nTa6zv5kCJSevUGM7OkhVWikfqij7UM5gR9vr0rrlpCFcgKe6PlRf_xrVC1_oH8=w1000-h1000-c-n,38.903156,-77.06483039999999,0.6591,True,3
131496,Georgetown University,coffee,ChIJ-T5Myke2t4kRubqQXgE_YAw,0x89b7b647ca4c3ef9:0xc603f015e90bab9,Coffee Republic Georgetown,Coffee shop,"[""Coffee shop"", ""Breakfast restaurant"", ""Cafe"", ""Espresso bar""]","3500 O St NW, Washington, DC 20007",(202) 338-3777,http://www.coffeerepub.com/,4.2,535.0,$1–10,Open · Closes 6 PM,"""Open \u00b7 Closes 6\u202fPM""","{""tuesday"": ""6:30\u202fAM\u20136\u202fPM"", ""wednesday"": ""6:30\u202fAM\u20136\u202fPM"", ""thursday"": ""6:30\u202fAM\u20136\u202fPM"", ""friday"": ""6:30\u202fAM\u20137\u202fPM"", ""saturday"": ""6:30\u202fAM\u20137\u202fPM"", ""sunday"": ""6:30\u202fAM\u20137\u202fPM"", ""monday"": ""6:30\u202fAM\u20136\u202fPM""}","{""dine_in"": true, ""takeout"": true, ""no_contact_delivery"": true}",Gourmet coffeehouse chain with cafe fare. Relaxed coffeehouse chain offering small-batch coffees & light fare such as sandwiches.,https://lh3.googleusercontent.com/gps-proxy/ALd4DhHUHZN5yEiKu0Qa3ikpzHcfVV9fpRGo-0ug_OsObeuONZ-0TBKkjAjWEiMS2DCx_r8uMJyWLrSXYbonSZcqUA2NozJw-4YDihfm9KvyRKqRZscOQuAtuCt4MXv5_W1JLdhwSk4cDhfmxCgsyAA79_5EV63__kJ2XF7oQFNmYxp16B9xOCHOXCJz=w1000-h1000-c-n,38.9076164,-77.0692935,0.2985,True,3
131496,Georgetown University,coffee,ChIJtcgWVZ-3t4kRaKk3mWfyptQ,0x89b7b79f5516c8b5:0xd4a6f2679937a968,Compass Coffee,Coffee shop,"[""Coffee shop""]","1351 Wisconsin Ave NW, Washington, DC 20007",(202) 746-5510,http://compasscoffee.com/,4.4,399.0,$1–10,Open · Closes 7 PM,"""Open \u00b7 Closes 7\u202fPM""","{""tuesday"": ""6\u202fAM\u20137\u202fPM"", ""wednesday"": ""6\u202fAM\u20137\u202fPM"", ""thursday"": ""6\u202fAM\u20137\u202fPM"", ""friday"": ""6\u202fAM\u20137\u202fPM"", ""saturday"": ""7\u202fAM\u20137\u202fPM"", ""sunday"": ""7\u202fAM\u20137\u202fPM"", ""monday"": ""6\u202fAM\u20137\u202fPM""}","{""dine_in"": true, ""takeout"": true, ""delivery"": true}",,https://lh3.googleusercontent.com/gps-cs-s/APNQkAEMLHPrO5FCdXdAbWH_BlOAF0ASikioxGvQIGRxgImjQfqPA6BZSzRFNv6adGeXOpI_L9Wom2p7T1Xg2nNNzpAsW_vnmI6u0PIGYQzWoEc-8AgDvv_yS_uPDgJ4XaU_Oy3diF7bYA=w1000-h1000-c-n,38.9079692,-77.06328239999999,0.6111,True,3
199120,University of North Carolina at Chapel Hill,coffee,ChIJ4ct2V_rCrIkRGxFJbB8L2HA,0x89acc2fa5776cbe1:0x70d80b1f6c49111b,Courtyard Café,Cafe,"[""Cafe""]","ACC Building, UNC Medical Center, 102 Mason Farm Rd, Chapel Hill, NC 27514",,http://www.uncmedicalcenter.org/uncmc/patients-visitors/amenities/dining/,4.2,37.0,,Closed · Opens 10 AM Wed,"""Closed \u00b7 Opens 10\u202fAM Wed""","{""tuesday"": ""10\u202fAM\u20133\u202fPM"", ""wednesday"": ""10\u202fAM\u20133\u202fPM"", ""thursday"": ""10\u202fAM\u20133\u202fPM"", ""friday"": ""10\u202fAM\u20133\u202fPM"", ""saturday"": ""Closed"", ""sunday"": ""Closed"", ""monday"": ""10\u202fAM\u20133\u202fPM""}","{""dine_in"": true, ""takeout"": true, ""delivery"": false}",,https://lh3.googleusercontent.com/gps-cs-s/APNQkAEHEmykcOg6HFNI476uqyeIaMILZbUEx19is1-Dh55vtowT2vcAA61PWEh0AW6ND52DI3kRh7_p6zC-15skGLbGTMu-YLdb5a4yZMpchmlExMt4x6CLEViita2UN73hzjpF17T1=w1000-h1000-c-n,35.9000787,-79.0553748,0.547,True,3
199120,University of North Carolina at Chapel Hill,coffee,ChIJRR2uhIrDrIkRFmd0dbEjsa4,0x89acc38a84ae1d45:0xaeb123b175746716,Moge Tee - Chapel Hill,Restaurant,"[""Restaurant"", ""Bubble tea store"", ""Tea house""]","151 E Franklin St, Chapel Hill, NC 27514",,https://pos.chowbus.com/online-ordering/store/Moge-Tee-Chapel-Hill/22302,4.5,294.0,$$,Open · Closes 9 PM,"""Open \u00b7 Closes 9\u202fPM""","{""tuesday"": ""11\u202fAM\u20139\u202fPM"", ""wednesday"": ""11\u202fAM\u20139\u202fPM"", ""thursday"": ""11\u202fAM\u20139\u202fPM"", ""friday"": ""11\u202fAM\u20139:30\u202fPM"", ""saturday"": ""12\u20139:30\u202fPM"", ""sunday"": ""12\u20139\u202fPM"", ""monday"": ""11\u202fAM\u20139\u202fPM""}","{""dine_in"": true, ""takeout"": true, ""delivery"": true}",,https://lh3.googleusercontent.com/gps-cs-s/APNQkAFi_WxlrBA20oj2rl85u8Ig4qp7umRR__Rp2lIbG2wDduxfPoMAI8-ioZ1_HdiqDNBVFwd-D5ERFJBMTZtxFuJzdlT8gsNZ5JV5JaGbX8wVSpEDNDi6DlURqNsbFAvp6363T0alFg=w1000-h1000-c-n,35.9141033,-79.0541662,0.722,True,3
199120,University of North Carolina at Chapel Hill,coffee,ChIJR4JZWt3CrIkR80kHZ1B3KXc,0x89acc2dd5a598247:0x77297750670749f3,Yaya Tea Chapel Hill,Coffee shop,"[""Coffee shop"", ""Asian restaurant"", ""Cafe"", ""Bubble tea store"", ""Restaurant"", ""Tea house""]","157 E Franklin St, Chapel Hill, NC 27514",(919) 914-6302,https://yayatea.com/store/chapel-hill-north-carolina-nc/,4.2,308.0,$,Open · Closes 8 PM,"""Open \u00b7 Closes 8\u202fPM""","{""tuesday"": ""11\u202fAM\u20138\u202fPM"", ""wednesday"": ""11\u202fAM\u20138\u202fPM"", ""thursday"": ""11\u202fAM\u20138\u202fPM"", ""friday"": ""11\u202fAM\u20138\u202fPM"", ""saturday"": ""11\u202fAM\u20138\u202fPM"", ""sunday"": ""11\u202fAM\u20138\u202fPM"", ""monday"": ""11\u202fAM\u20138\u202fPM""}","{""dine_in"": true, ""takeout"": true, ""delivery"": true}",,https://lh3.googleusercontent.com/gps-cs-s/APNQkAGyOsVgUZFXN_4yf2hji1oLXo28ZFBwBw8v0R_SHAyI9KHyCioFJc0F0XpE15XUxbVxe4wKZrfp5AyFLWXfuCZZ3fBD5KBKPSGY_tvPXsq8cGdO1kV0GXzxehNUjdgs27ssTLPx=w1000-h1000-c-n,35.9141034,-79.05403419999999,0.7184,True,3
199120,University of North Carolina at Chapel Hill,coffee,ChIJBwziN6nDrIkRkmg71-PoVV4,0x89acc3a937e20c07:0x5e55e8e3d73b6892,Stone & Leaf Cafe,Coffee shop,"[""Coffee shop""]","207 South Rd, Chapel Hill, NC 27599",(919) 962-5066,http://www.uncstudentstores.com/,3.3,18.0,$1–10,Open · Closes 7 PM,"""Open \u00b7 Closes 7\u202fPM""","{""tuesday"": ""8\u202fAM\u20137\u202fPM"", ""wednesday"": ""8\u202fAM\u20137\u202fPM"", ""thursday"": ""8\u202fAM\u20137\u202fPM"", ""friday"": ""8\u202fAM\u20137\u202fPM"", ""saturday"": ""10\u202fAM\u20136\u202fPM"", ""sunday"": ""10\u202fAM\u20136\u202fPM"", ""monday"": ""8\u202fAM\u20137\u202fPM""}","{""dine_in"": true, ""takeout"": true, ""delivery"": false}",,https://lh3.googleusercontent.com/gps-cs-s/APNQkAHgHqsQa9OwnQttLuX1c-wjNteAYXKrXEsodklnfZ8wqzqu_719g8xqwnXI4TH4zQQDaqB8aPTSkyWZyIQtdINa9XXRMNHywyHYvK8pQ8nnELnpb7YTLLHJVFuMVhd3Ao3pvj1hmg=w1000-h1000-c-n,35.9098245,-79.0483764,0.3327,True,3
199120,University of North Carolina at Chapel Hill,coffee,ChIJMRTc2a_DrIkRhv0HlWHF_oQ,0x89acc3afd9dc1431:0x84fec5619507fd86,The PITCH Chapel Hill,Event venue,"[""Event venue"", ""Bar"", ""Espresso bar"", ""Software company""]","462 W Franklin St, Chapel Hill, NC 27516",(919) 822-5522,http://thepitchchapelhill.com/,4.9,15.0,,Closed · Opens 6 PM Thu,"""Closed \u00b7 Opens 6\u202fPM Thu""","{""tuesday"": ""Closed"", ""wednesday"": ""Closed"", ""thursday"": ""6\u202fPM\u201312\u202fAM"", ""friday"": ""6\u202fPM\u201312\u202fAM"", ""saturday"": ""6\u202fPM\u201312\u202fAM"", ""sunday"": ""Closed"", ""monday"": ""Closed""}",{},,https://lh3.googleusercontent.com/gps-proxy/ALd4DhEx3dF8wXv_zLZ8aKIeb66RFSH5SU2BT0EUzcDwkvvaeLBTQvit_0Vz3bGXUTyK_GcAMHMIDcy6N_Bf7p5KlscW0Sw09JIjC0RfO9UxfUHKbAaPo0c0xaq7eJYJt0ERUiKVNGFjlxabiD1pZM8XKX3VppD85F2ELYd1pb50az6_3YAmFXatLNUd=w1000-h1000-c-n,35.910714299999995,-79.0629388,0.936,True,3
199120,University of North Carolina at Chapel Hill,coffee,ChIJQ-MGw-_CrIkRWUJQYL1c_MI,0x89acc2efc306e343:0xc2fc5cbd60504259,Starbucks Coffee Company,Coffee shop,"[""Coffee shop"", ""Cafe"", ""Coffee store"", ""Espresso bar""]","101 Manning Dr, Chapel Hill, NC 27514",(984) 215-3676,https://www.starbucks.com/store-locator/store/18719,4.1,364.0,$1–10,Open · Closes 9 PM,"""Open \u00b7 Closes 9\u202fPM""","{""tuesday"": ""5:30\u202fAM\u20139\u202fPM"", ""wednesday"": ""5:30\u202fAM\u20139\u202fPM"", ""thursday"": ""5:30\u202fAM\u20139\u202fPM"", ""friday"": ""5:30\u202fAM\u20139\u202fPM"", ""saturday"": ""5:30\u202fAM\u20139\u202fPM"", ""sunday"": ""5:30\u202fAM\u20139\u202fPM"", ""monday"": ""5:30\u202fAM\u20139\u202fPM""}","{""dine_in"": true, ""drive_through"": true, ""delivery"": false}","Iconic coffeehouse chain. Welcoming coffeehouse with handcrafted coffee, espresso & tea, plus breakfast, lunch & pastries.",https://lh3.googleusercontent.com/gps-cs-s/APNQkAHMTvr3tQLoo09GI3PJdN1VGOrmuE-KHEyRNA8TYbVZZenU0iKLI6DOoi9vbMe0U3G20gSivaRb1ZNrZfrkSrxPAZLkb8IZbfXYrxW2SeI-qnYeZP6T4-913Dr8MShXORsZbTS-=w1000-h1000-c-n,35.90396,-79.04939,0.1179,True,3
199120,University of North Carolina at Chapel Hill,coffee,ChIJq6pq5OXCrIkRYDJeAEloCsc,0x89acc2e5e46aaaab:0xc70a6849005e3260,Saladelia - FedEx Global Education Center @ UNC,Coffee shop,"[""Coffee shop"", ""Cafe"", ""Restaurant""]","301 Pittsboro St, Chapel Hill, NC 27516",(919) 489-5776,https://www.saladelia.com/location/saladelia-fedex-global/,5.0,2.0,,Closed · Opens 8 AM Wed,"""Closed \u00b7 Opens 8\u202fAM Wed""","{""tuesday"": ""8\u202fAM\u20132\u202fPM"", ""wednesday"": ""8\u202fAM\u20132\u202fPM"", ""thursday"": ""8\u202fAM\u20132\u202fPM"", ""friday"": ""8\u202fAM\u20132\u202fPM"", ""saturday"": ""Closed"", ""sunday"": ""Closed"", ""monday"": ""8\u202fAM\u20132\u202fPM""}","{""dine_in"": true, ""takeout"": true, ""delivery"": false}","Mediterranean food, pastries & coffee. Cafe & coffee bar offering traditional Mediterranean fare, housemade baked goods & weekend brunch.",https://lh3.googleusercontent.com/gps-cs-s/APNQkAGHLs8TnmRG-HekanhuB8gOYVn49f9sz2k2dwaR4_UT0_L25OuAfeph7RGyFYuqctSnXHiaEpRhxfRlbPv3pw8kciv13OJZDHbi-uXiZrPHD_TK3IYbEr2pQKJyed2c_AWzps7d=w1000-h1000-c-n,35.907827999999995,-79.0541772,0.408,True,3
199120,University of North Carolina at Chapel Hill,coffee,ChIJEfYnF0XDrIkROQLHaLljQto,0x89acc3451727f611:0xda4263b968c70239,Le Macaron French Pastries Chapel Hill,Cafe,"[""Cafe"", ""Bakery"", ""Cafeteria"", ""Chocolate shop"", ""Coffee store"", ""Sweets and dessert buffet"", ""Dessert shop"", ""Ice cream shop"", ""Pastry shop"", ""Soft drinks shop""]","140 W Franklin St #120, Chapel Hill, NC 27516",(984) 234-3023,https://lemacaronchapelhill.com/,4.3,76.0,$1–10,Closed · Opens 11 AM Wed,"""Closed \u00b7 Opens 11\u202fAM Wed""","{""tuesday"": ""Closed"", ""wednesday"": ""11\u202fAM\u20137\u202fPM"", ""thursday"": ""11\u202fAM\u20137\u202fPM"", ""friday"": ""11\u202fAM\u20137\u202fPM"", ""saturday"": ""11\u202fAM\u20137\u202fPM"", ""sunday"": ""12\u20137\u202fPM"", ""monday"": ""Closed""}","{""dine_in"": true, ""curbside_pickup"": true, ""no_contact_delivery"": true}",,https://lh3.googleusercontent.com/gps-cs-s/APNQkAE0LKFu2RywlU589hx2x-nBmZSpuGj2_4OjFL1akBBxi7i0sTyBWzC1j0pComfw2djD2dtxurv5DWyl0K25hQEOdtAf3vcQemwC_6WTlnPj8ZHLBrz9itDbQaqmLLReSQtMclM=w1000-h1000-c-n,35.912527,-79.0578274,0.7654,True,3
199120,University of North Carolina at Chapel Hill,coffee,ChIJ-0aJsfrCrIkR8tzNTEU7sNY,0x89acc2fab18946fb:0xd6b03b454ccddcf2,Saladelia - Marsico Hall @ UNC,Cafe,"[""Cafe""]","125 Mason Farm Rd, Chapel Hill, NC 27514",(919) 967-0537,http://www.saladelia.com/,4.1,35.0,$10–20,Closed · Opens 8 AM Wed,"""Closed \u00b7 Opens 8\u202fAM Wed""","{""tuesday"": ""8\u202fAM\u20133\u202fPM"", ""wednesday"": ""8\u202fAM\u20133\u202fPM"", ""thursday"": ""8\u202fAM\u20133\u202fPM"", ""friday"": ""8\u202fAM\u20133\u202fPM"", ""saturday"": ""Closed"", ""sunday"": ""Closed"", ""monday"": ""8\u202fAM\u20133\u202fPM""}","{""dine_in"": true, ""takeout"": true, ""delivery"": false}",,https://lh3.googleusercontent.com/gps-cs-s/APNQkAGNNv34UVdkIxlkffdznhxm4wXzHhA6veHm9Ju3A_FtcYWRkMXt4pU_cPQreeiWIFx1kvtVtkQc3jX2_VuMsMo3oBvszgCjSB-2jYqWxbb8gaZcATK1CPTwoN-c5f8jgflPXPrL=w1000-h1000-c-n,35.9023944,-79.0537749,0.3832,True,3
199120,University of North Carolina at Chapel Hill,coffee,ChIJ7zx0hufCrIkRYysiymMBM5Y,0x89acc2e786743cef:0x96330163ca222b63,Starbucks Coffee Company,Coffee shop,"[""Coffee shop"", ""Breakfast restaurant"", ""Cafe"", ""Coffee store"", ""Espresso bar"", ""Internet cafe""]","100 E Franklin St, Chapel Hill, NC 27514",(919) 932-3824,https://www.starbucks.com/store-locator/store/15341/,4.2,372.0,$10–20,Open · Closes 9 PM,"""Open \u00b7 Closes 9\u202fPM""","{""tuesday"": ""5\u202fAM\u20139\u202fPM"", ""wednesday"": ""5\u202fAM\u20139\u202fPM"", ""thursday"": ""5\u202fAM\u20139\u202fPM"", ""friday"": ""5\u202fAM\u20139\u202fPM"", ""saturday"": ""5\u202fAM\u20139\u202fPM"", ""sunday"": ""5\u202fAM\u20139\u202fPM"", ""monday"": ""5\u202fAM\u20139\u202fPM""}","{""dine_in"": true, ""drive_through"": true, ""delivery"": true}","Iconic coffeehouse chain. Welcoming coffeehouse with handcrafted coffee, espresso & tea, plus breakfast, lunch & pastries.",https://lh3.googleusercontent.com/gps-proxy/ALd4DhF6Bs3L-V1Tgu4yYE4cEpi_ZGnlCoGyMtgPsasRX4L6TjrnHN87MX4Hoi-_sSql3oOGUmis4xWC7A7Djfah8I_Te_9q8EzNwbqKOlJIy2NiqHmNf_2-dQcs_OjKpK4H70CzGejX686JbbG5weMrJy7R1nzeCF4tbHRbVc7w9CKg_fcxDAOcwjU=w1000-h1000-c-n,35.91302,-79.05547,0.7006,True,3
199120,University of North Carolina at Chapel Hill,coffee,ChIJvYjXTjDDrIkRc0qqfF5M7W8,0x89acc3304ed788bd:0x6fed4c5e7caa4a73,Prologue Rare & Used Books,Cafe,"[""Cafe"", ""Book store"", ""Used book store""]","109 E Franklin St #100, Chapel Hill, NC 27514",(919) 913-5055,http://epiloguebookcafe.com/,4.6,7.0,,Open · Closes 8 PM,"""Open \u00b7 Closes 8\u202fPM""","{""tuesday"": ""8\u202fAM\u20138\u202fPM"", ""wednesday"": ""8\u202fAM\u20138\u202fPM"", ""thursday"": ""8\u202fAM\u20138\u202fPM"", ""friday"": ""8\u202fAM\u20138\u202fPM"", ""saturday"": ""8\u202fAM\u20138\u202fPM"", ""sunday"": ""8\u202fAM\u20138\u202fPM"", ""monday"": ""8\u202fAM\u20138\u202fPM""}","{""in_store_shopping"": true, ""in_store_pickup"": true}",,https://lh3.googleusercontent.com/gps-cs-s/APNQkAEqfq3O60Yp6J4dVOtKOJ-20bBzjz_0WMe4VcTmx2Wh1Jth-9vZPCEou2P6GACzEyKKMLcO2kjAsQ34oHb6POQOhVJjGwK_WZl7TUg4xee7gzRuDcfN9m3CuOvb1QGjS6EeC_Q5=w1000-h1000-c-n,35.913517899999995,-79.0553015,0.7225,True,3
199120,University of North Carolina at Chapel Hill,coffee,ChIJi5Yn-5zDrIkRkcfMwilPrWg,0x89acc39cfb27968b:0x68ad4f29c2ccc791,The Mad Hatter's Cafe @ UNC Beach,Coffee shop,"[""Coffee shop"", ""Cafe""]","160 Medical Dr, Chapel Hill, NC 27514",(919) 491-2938,https://www.madhatterbakeshop.com/,3.7,18.0,$1–10,Closed · Opens 7 AM Wed,"""Closed \u00b7 Opens 7\u202fAM Wed""","{""tuesday"": ""7\u202fAM\u20133\u202fPM"", ""wednesday"": ""7\u202fAM\u20133\u202fPM"", ""thursday"": ""7\u202fAM\u20133\u202fPM"", ""friday"": ""7\u202fAM\u20133\u202fPM"", ""saturday"": ""Closed"", ""sunday"": ""Closed"", ""monday"": ""7\u202fAM\u20133\u202fPM""}","{""dine_in"": true, ""takeout"": true, ""delivery"": false}",,https://lh3.googleusercontent.com/gps-cs-s/APNQkAE2Lg8VVXERuRL_repVOtFpiEC9NlORlYVYvW7nM_cQZ6gCAohhzpUi0nJjANpy1CrO62acfiVgyPAoWFvnwVXCQHYEoxT5m6yRm28jaX06EM1DAK9-5htbeApm3S18wzwyWpgY=w1000-h1000-c-n,35.9059906,-79.0518417,0.2381,True,3
199120,University of North Carolina at Chapel Hill,coffee,ChIJn92o15LDrIkRXAi3EUKy9t4,0x89acc392d7a8dd9f:0xdef6b24211b7085c,The Lift,Coffee shop,"[""Coffee shop"", ""Sweets and dessert buffet""]","102 S Merritt Mill Rd, Chapel Hill, NC 27516",(919) 430-5921,,,,,Closed · Opens 8:30 AM Fri,"""Closed \u00b7 Opens 8:30\u202fAM Fri""","{""tuesday"": ""8:30\u202fAM\u20133\u202fPM"", ""wednesday"": ""Closed"", ""thursday"": ""Closed"", ""friday"": ""8:30\u202fAM\u20133\u202fPM, 6:30\u201310:30\u202fPM"", ""saturday"": ""Closed"", ""sunday"": ""Closed"", ""monday"": ""8:30\u202fAM\u20133\u202fPM""}","{""curbside_pickup"": true, ""dine_in"": false}",,https://lh3.googleusercontent.com/gps-proxy/ALd4DhEzlTuLLc69Oy79AxP6ra7DLkIEbCkHFZ8n2jJ2F5RKcpEAlG5jvk7Ql5ARQ5hNAmbmXxJWoD4GKty1pwzW_23gjiKlZvuqgej3zu_3ikyKyFIPe64yGWC3v_JYNNyMnQuSD0EoqWe9voU4H94cFejxgkpjB_vhNs2xK0QZq9AzsGMkkzkjBvlj8g=w1000-h1000-c-n,35.9093647,-79.0651558,1.0188,True,3
199120,University of North Carolina at Chapel Hill,coffee,ChIJVSaLMOfCrIkRilzaML7NVuw,0x89acc2e7308b2655:0xec56cdbe30da5c8a,Panera Bread,Coffee shop,"[""Coffee shop"", ""Bakery"", ""Breakfast restaurant"", ""Caterer"", ""Cafe"", ""Delivery service"", ""Takeout Restaurant"", ""Salad shop"", ""Sandwich shop"", ""Soup restaurant""]","213 W Franklin St, Chapel Hill, NC 27516",(919) 929-9189,https://www.panerabread.com/en-us/cafe/locations/nc/chapel-hill/213-w-franklin-st?utm_medium=local&utm_source=google&utm_campaign=dpm-dist&utm_term=601646&utm_content=main,3.6,637.0,$10–20,Open · Closes 9 PM,"""Open \u00b7 Closes 9\u202fPM""","{""tuesday"": ""6\u202fAM\u20139\u202fPM"", ""wednesday"": ""6\u202fAM\u20139\u202fPM"", ""thursday"": ""6\u202fAM\u20139\u202fPM"", ""friday"": ""6\u202fAM\u20139\u202fPM"", ""saturday"": ""7\u202fAM\u20139\u202fPM"", ""sunday"": ""7\u202fAM\u20139\u202fPM"", ""monday"": ""6\u202fAM\u20139\u202fPM""}","{""dine_in"": true, ""takeout"": true, ""no_contact_delivery"": true}","Bakery/cafe chain with free WiFi. Counter-serve bakery/cafe chain serving sandwiches, salads & more, known for its bread & free WiFi.",https://lh3.googleusercontent.com/gps-cs-s/APNQkAGiJPBs6gySVyOGWMTsToZ7-VzoozGwvTOvTG08p51cfmz-Ckjp7RxBl4z0aQDRELn9rFrMp_4ReQjxe2QcA_AWONCqx1VNQ59tnaPE_MDRDoYKsSsD5giZ6OuA42ZnBLZHT8SJ=w1000-h1000-c-n,35.9113783,-79.05898289999999,0.7662,True,3
199120,University of North Carolina at Chapel Hill,coffee,ChIJQ4Yq_wPDrIkRu1cK_C-fGS4,0x89acc303ff2a8643:0x2e199f2ffc0a57bb,Saturni | Fusion Bistro & Coffee Lounge @ Chapel Hill,Coffee shop,"[""Coffee shop"", ""Bar"", ""Bistro"", ""Cafe"", ""Coffee store"", ""Restaurant""]","431 W Franklin St #120, Chapel Hill, NC 27517",(984) 234-3497,http://saturni-nc.com/,4.4,99.0,$10–20,Temporarily closed,"""Temporarily closed""",{},"{""outdoor_seating"": true, ""delivery"": true, ""onsite_services"": true, ""takeout"": true, ""dine_in"": true}",,https://lh3.googleusercontent.com/gps-cs-s/APNQkAE2Mo1eoD3wvkhX8QPKaVtrDdY41y4Z7s1WljGJvuFqFUc3VZL2RmgkZVFez8IdI_h7RMFDCyzOZkfS8uTFLp5RlEDe-_0Tow8jbZsKgf_4nPzbqRy6a1Qmbj5BRaO7N52mfFE=w1000-h1000-c-n,35.9097386,-79.0626314,0.8938,True,3
234076,University of Virginia-Main Campus,coffee,ChIJp4DTquGN2mERGEg5w0v9_o8,0x61da8de1aad380a7:0x8ffefd4bc3394818,Aerial Resupply Coffee,Coffee shop,"[""Coffee shop"", ""Coffee roastery"", ""Coffee wholesaler"", ""Internet shop""]","705 Dale Ave E, Charlottesville, VA 22903",(434) 529-7620,http://www.aerialresupplycoffee.com/,4.9,51.0,,Closed · Opens 8:30 AM Wed,"""Closed \u00b7 Opens 8:30\u202fAM Wed""","{""tuesday"": ""8:30\u202fAM\u20132:30\u202fPM"", ""wednesday"": ""8:30\u202fAM\u20132:30\u202fPM"", ""thursday"": ""8:30\u202fAM\u20132:30\u202fPM"", ""friday"": ""8:30\u202fAM\u20132:30\u202fPM"", ""saturday"": ""Closed"", ""sunday"": ""Closed"", ""monday"": ""8:30\u202fAM\u20132:30\u202fPM""}","{""onsite_services"": true, ""delivery"": false}",,https://lh3.googleusercontent.com/gps-cs-s/APNQkAH3AmCvYq06mw5NYCy3dPqvRuGbH3p08u4fZos3iA0tALJQlC5nCmVi1AtTOVwjv5morWTPU_7euQamDgjVyre2Z_bXe2ciquNs94yV0FuimNT-Cmuf-LR6mRTsKPNvOY3zx9r3=w1000-h1000-c-n,38.0367558,-78.486049,0.9089,True,3
234076,University of Virginia-Main Campus,coffee,ChIJ7WgWOeeHs4kRBf78kYlHHhY,0x89b387e7391668ed:0x161e478991fcfe05,The Café at The Doyle Hotel,Coffee shop,"[""Coffee shop""]","501 W Main St, Charlottesville, VA 22902",(434) 290-0609,https://sizzlingsteakconcepts.com/charlottesville-cafe/,4.6,38.0,$10–20,Closed · Opens 7 AM Wed,"""Closed \u00b7 Opens 7\u202fAM Wed""","{""tuesday"": ""7\u202fAM\u20133\u202fPM"", ""wednesday"": ""7\u202fAM\u20133\u202fPM"", ""thursday"": ""7\u202fAM\u20133\u202fPM"", ""friday"": ""7\u202fAM\u20133\u202fPM"", ""saturday"": ""7\u202fAM\u20133\u202fPM"", ""sunday"": ""7\u202fAM\u20133\u202fPM"", ""monday"": ""7\u202fAM\u20133\u202fPM""}","{""dine_in"": true, ""takeout"": true, ""delivery"": false}",,https://lh3.googleusercontent.com/gps-cs-s/APNQkAESK0CKjD7NM5fD8c4XUgUIuWPx0Eh_CBmIyXmyR_fZ9MyT1RzTEIK2jjKtqwGSdy4qh8KUxmnh_58lps1xciAcpwTzGRgoExH5DGGy9kg44ub3ddaLFqOQYuldwj-2Xo6hzBTJ=w1000-h1000-c-n,38.0311226,-78.48757049999999,0.9203,True,3
234076,University of Virginia-Main Campus,coffee,ChIJW6BpyPGHs4kRYWfI1Mr-uMU,0x89b387f1c869a05b:0xc5b8fecad4c86761,Camellias Coffee & Tea,Coffee shop,"[""Coffee shop"", ""Bakery"", ""Tea store""]","116 10th St NW, Charlottesville, VA 22903",(434) 442-2362,https://www.camelliascville.com/,4.4,19.0,$1–10,Open · Closes 5 PM,"""Open \u00b7 Closes 5\u202fPM""","{""tuesday"": ""8\u202fAM\u20135\u202fPM"", ""wednesday"": ""8\u202fAM\u20135\u202fPM"", ""thursday"": ""8\u202fAM\u20135\u202fPM"", ""friday"": ""8\u202fAM\u20135\u202fPM"", ""saturday"": ""8\u202fAM\u20135\u202fPM"", ""sunday"": ""8\u202fAM\u20135\u202fPM"", ""monday"": ""8\u202fAM\u20135\u202fPM""}","{""dine_in"": true, ""takeout"": true, ""delivery"": true}",,https://lh3.googleusercontent.com/gps-proxy/ALd4DhHfTbetprM_26AJOw7s_eb1_86zrSMF_fTu2_ZKVTZAomNuf1vasRTa8G3NQ85GRXmuar4d2Y8t38ah-YFXR8Vdv5386SmntnXfFd11VdThIymG2uvnIIQhfMM5XJj4roT-9ycqnW-fszc5X-bJlsf0tHMITtMOqn1x1RUyZF7gcShjGlCMxlDi=w1000-h1000-c-n,38.0333222,-78.49398649999999,0.5402,True,3
234076,University of Virginia-Main Campus,coffee,ChIJL4sYNwCHs4kRSpWmJ38MgZk,0x89b3870037188b2f:0x99810c7f27a6954a,Kafe Mont Bleu,Coffee shop,"[""Coffee shop""]","946 Grady Ave, Charlottesville, VA 22903",,,5.0,2.0,,,{},{},{},,https://lh3.googleusercontent.com/gps-cs-s/APNQkAFHFXJ5TE2lJLLHW-Covebdme4-FaD6Q6oLcsbvOEcLhAONHl0B01YjF6d9G89qiGg2vb5y4TTeeVzfvmwC36l1guUdnptQyLV3Iy7NoItTFXBsvw_hg35mYlXfJPTqJkGTGHh7xdDhkU7U=w1000-h1000-c-n,38.0379685,-78.4912437,0.6296,True,3
234076,University of Virginia-Main Campus,coffee,ChIJWVZhiVSGs4kR4s5JuLhaVrY,0x89b3865489615659:0xb6565ab8b849cee2,Shenandoah Joe Ivy,Coffee shop,"[""Coffee shop"", ""Store""]","2214 Ivy Rd, Charlottesville, VA 22903",(434) 923-4563,http://shenandoahjoe.com/,4.6,245.0,$1–10,Open · Closes 6 PM,"""Open \u00b7 Closes 6\u202fPM""","{""tuesday"": ""6:30\u202fAM\u20136\u202fPM"", ""wednesday"": ""6:30\u202fAM\u20136\u202fPM"", ""thursday"": ""6:30\u202fAM\u20136\u202fPM"", ""friday"": ""6:30\u202fAM\u20136\u202fPM"", ""saturday"": ""7:30\u202fAM\u20136\u202fPM"", ""sunday"": ""8\u202fAM\u20134\u202fPM"", ""monday"": ""6:30\u202fAM\u20136\u202fPM""}","{""dine_in"": true, ""takeout"": true, ""delivery"": false}",,https://lh3.googleusercontent.com/gps-cs-s/APNQkAEbt19EA_-BioUWnEYxVelOmVuPBL1l5lDfal7x4e5o32m3_PE8IrOlja9WEp1NGd-AQ9uZNl-oNJ360ffrBbLgxMNNOxG7HcSTfkzUEVuPuGaGf081w03fdJEDlLe1E85YlfY=w1000-h1000-c-n,38.0448681,-78.5169615,0.9455,True,3
234076,University of Virginia-Main Campus,coffee,ChIJ49XhgbaHs4kRfH8J7GW3Ips,0x89b387b681e1d5e3:0x9b22b765ec097f7c,Greenberry's Coffee Co.,Coffee shop,"[""Coffee shop"", ""Breakfast restaurant"", ""Cafe"", ""Coffee roastery"", ""Lunch restaurant"", ""Pastry shop""]","1049 Emmet St N, Charlottesville, VA 22903",(434) 984-0200,https://greenberrys.com/,4.2,349.0,$1–10,Open · Closes 6 PM,"""Open \u00b7 Closes 6\u202fPM""","{""tuesday"": ""6:30\u202fAM\u20136\u202fPM"", ""wednesday"": ""6:30\u202fAM\u20136\u202fPM"", ""thursday"": ""6:30\u202fAM\u20136\u202fPM"", ""friday"": ""6:30\u202fAM\u20136\u202fPM"", ""saturday"": ""7\u202fAM\u20136\u202fPM"", ""sunday"": ""7\u202fAM\u20136\u202fPM"", ""monday"": ""6:30\u202fAM\u20136\u202fPM""}","{""dine_in"": true, ""takeout"": true, ""delivery"": true}",Artisanal coffee drinks & cafe eats. Modern cafe for coffee & tea drinks with a menu of baked goods & sandwiches for breakfast or lunch.,https://lh3.googleusercontent.com/gps-cs-s/APNQkAHcfwLGVOB7FP5cAlzRFhPrGx-WURKIKU6Ag6dhlWcuLN4NCu2DYlmSsonDiyTHFNgxEHjrOXAuRQM3APL0C7oCqXuO7lFO_ZorwYe18OTMkRSNtn-fsA4VFZ_mp4OFcsqZvTrW=w1000-h1000-c-n,38.0514901,-78.50191869999999,1.0023,True,3
234076,University of Virginia-Main Campus,coffee,ChIJiY-wSQCHs4kRCA9kQa1O3kY,0x89b3870049b08f89:0x46de4ead41640f08,Sbrocco’s Donuts and Espresso,Coffee shop,"[""Coffee shop"", ""Donut shop""]","115a Maury Ave, Charlottesville, VA 22903",(434) 202-1010,https://www.sbroccos.com/,4.8,179.0,$10–20,Closed · Opens 7 AM Wed,"""Closed \u00b7 Opens 7\u202fAM Wed""","{""tuesday"": ""7\u202fAM\u20132\u202fPM"", ""wednesday"": ""7\u202fAM\u20132\u202fPM"", ""thursday"": ""7\u202fAM\u20132\u202fPM"", ""friday"": ""7\u202fAM\u20132\u202fPM"", ""saturday"": ""7\u202fAM\u20132\u202fPM"", ""sunday"": ""7\u202fAM\u20132\u202fPM"", ""monday"": ""7\u202fAM\u20132\u202fPM""}","{""dine_in"": true, ""takeout"": true, ""delivery"": false}",,https://lh3.googleusercontent.com/gps-cs-s/APNQkAEXPlc73K9jEthiDm57_Wjz7nsK3JQGyecsprRJOFVAF0bshdwF6IGRWn0UGrSuO7Uwi59eMPCFkqoDZMS7ipmUQIKuSHM-boPMNhfV9c9RYAzVcbp1-HN2lREBdwH6K5bau_8=w1000-h1000-c-n,38.0266779,-78.515787,1.0061,True,3
234076,University of Virginia-Main Campus,coffee,ChIJHUdqIKlPemYRQIrkcOiUiCI,0x667a4fa9206a471d:0x228894e870e48a40,Maresca's Coffee Counter,Coffee stand,"[""Coffee stand""]","100 E Water St, Charlottesville, VA 22903",(571) 698-9247,http://www.marescas.coffee/,5.0,22.0,$1–10,,{},{},"{""dine_in"": true, ""takeout"": true, ""delivery"": true}",,https://lh3.googleusercontent.com/gps-cs-s/APNQkAFCDyII54etY3iR-q4rcfClGQGtV7GApPlnVBiUT7WED0_C_Jyfkgz5xcRyz5EJCjay5kUxCRoSC__pYSQWB5MXuZplhDDtSBOI5jdRuqFLMAlwWFvbJA4MonorZipoYSL0XFX6=w1000-h1000-c-n,38.029332,-78.48161669999999,1.2661,True,3
234076,University of Virginia-Main Campus,coffee,ChIJqUucetd3tIkReKvKBUS2mtw,0x89b477d77a9c4ba9:0xdc9ab64405caab78,Guajiros Miami Eatery,Coffee shop,"[""Coffee shop"", ""Breakfast restaurant"", ""Caribbean restaurant"", ""Latin American restaurant""]","114 10th St NW, Charlottesville, VA 22903",(434) 465-2108,http://www.guajiroscville.com/,4.8,950.0,$10–20,Closed · Opens 8 AM Wed,"""Closed \u00b7 Opens 8\u202fAM Wed""","{""tuesday"": ""8\u202fAM\u20133\u202fPM"", ""wednesday"": ""8\u202fAM\u20138\u202fPM"", ""thursday"": ""8\u202fAM\u20138\u202fPM"", ""friday"": ""8\u202fAM\u20138\u202fPM"", ""saturday"": ""8\u202fAM\u20138\u202fPM"", ""sunday"": ""8\u202fAM\u20133\u202fPM"", ""monday"": ""8\u202fAM\u20133\u202fPM""}","{""dine_in"": true, ""takeout"": true, ""delivery"": false}",,https://lh3.googleusercontent.com/gps-cs-s/APNQkAFf3GdSBCWvef7kY4guRYRwSyN9S8tWqn_wv27hblRvKgTN8GoPUPy0lx9vYEUyXOFHc7tmKbpyxP0qu63Dd-x4_4lX0J7VwngCWis47b4FFO0sYZ56KnqFj-YFS1Pg93VZK35-Lw=w1000-h1000-c-n,38.0332218,-78.4941515,0.5357,True,3
234076,University of Virginia-Main Campus,coffee,ChIJ9y7KmUSGs4kRp4VyaH4-MjY,0x89b3864499ca2ef7:0x36323e7e687285a7,Oakhurst Café,Coffee shop,"[""Coffee shop"", ""Breakfast restaurant"", ""Brunch restaurant"", ""Cafe""]","1616 Jefferson Park Ave, Charlottesville, VA 22903",(434) 872-0100 ext. 2,https://www.oakhurstinncafe.com/?utm_source=google&utm_medium=organic&utm_campaign=oakhurst_inn_cafe_business_listing,4.5,368.0,$10–20,Closed · Opens 7 AM Wed,"""Closed \u00b7 Opens 7\u202fAM Wed""","{""tuesday"": ""7\u202fAM\u20132\u202fPM"", ""wednesday"": ""7\u202fAM\u20132\u202fPM"", ""thursday"": ""7\u202fAM\u20132\u202fPM"", ""friday"": ""7\u202fAM\u20132\u202fPM"", ""saturday"": ""8\u202fAM\u20132\u202fPM"", ""sunday"": ""8\u202fAM\u20132\u202fPM"", ""monday"": ""7\u202fAM\u20132\u202fPM""}","{""dine_in"": true, ""takeout"": true, ""delivery"": false}","Quaint breakfast & lunch spot at a hotel. Coffee drinks, breakfast & lunch in a homey building with a patio at the Oakhurst Inn.",https://lh3.googleusercontent.com/gps-cs-s/APNQkAEgqHZWX2LnbfYwFbCCpD6Ot3u5WR1MTkV6DkUU-k5tUm_y5R_dxzKquEETyuTkRfiZoyzAy4rxZm4Aek3PD8kevR19wtyVPYrgpctcG-HpWEKWgrjM37cd82-CzSGWnyoCQRv8Kw=w1000-h1000-c-n,38.031325,-78.5076361,0.4738,True,3
234076,University of Virginia-Main Campus,coffee,ChIJR7eLTsmHs4kRDAYrz4FbgV4,0x89b387c94e8bb747:0x5e815b81cf2b060c,the bardo,Cafe,"[""Cafe"", ""Art gallery""]","313 2nd St SE # 100, Charlottesville, VA 22902",,http://www.inthebardo.com/,5.0,9.0,,Closed · Opens 8 AM Wed,"""Closed \u00b7 Opens 8\u202fAM Wed""","{""tuesday"": ""8\u202fAM\u20133\u202fPM"", ""wednesday"": ""8\u202fAM\u20133\u202fPM"", ""thursday"": ""8\u202fAM\u20133\u202fPM"", ""friday"": ""8\u202fAM\u20133\u202fPM"", ""saturday"": ""8\u202fAM\u20133\u202fPM"", ""sunday"": ""Closed"", ""monday"": ""8\u202fAM\u20133\u202fPM""}","{""onsite_services"": true}",,https://lh3.googleusercontent.com/gps-cs-s/APNQkAGyGUEfUV2lPxSIvVQ8Jz2I20wB3L9wEGYdJzjMdLXMXubzeUJi5HOIAkR9mqbtxEHVTd6GPyP-j25cWVNCX9NzidX75T_mEmNhs4cnQUSGPpyL6O3R2_F040VSVhjSUzSXU12J1C7SFPkI=w1000-h1000-c-n,38.0288697,-78.4809205,1.314,True,3
234076,University of Virginia-Main Campus,coffee,ChIJje1A-SqGs4kRw6wPxQmlS_c,0x89b3862af940ed8d:0xf74ba509c50facc3,Great Harvest Bakery & Cafe,Cafe,"[""Cafe"", ""Bakery"", ""Caterer"", ""Sandwich shop""]","1701 Allied Ln, Charlottesville, VA 22903",(434) 202-7813,https://great-harvest-bakery-cafe-cville.square.site/,4.7,218.0,$10–20,Open · Closes 6 PM,"""Open \u00b7 Closes 6\u202fPM""","{""tuesday"": ""9\u202fAM\u20136\u202fPM"", ""wednesday"": ""9\u202fAM\u20136\u202fPM"", ""thursday"": ""9\u202fAM\u20136\u202fPM"", ""friday"": ""9\u202fAM\u20136\u202fPM"", ""saturday"": ""9\u202fAM\u20135\u202fPM"", ""sunday"": ""10\u202fAM\u20133\u202fPM"", ""monday"": ""9\u202fAM\u20136\u202fPM""}","{""dine_in"": true, ""curbside_pickup"": true, ""no_contact_delivery"": true}",Bakery chain serving whole-grain breads. Bakery chain specializing in whole-grain breads & muffins made with Montana wheat.,https://lh3.googleusercontent.com/gps-cs-s/APNQkAHEDMtzDNBzyMCjrnI8UF5u0XES07KYjmzTeRHQJEuNXoOB45vfT_3FPYfPNTl6HV5yEd_OIhmsWKnmJ1Dfn1xf4ruOsoAn-QgMfPY_zGCpywkmOmgp1pJMpM9yS4YDXQpmpVzR=w1000-h1000-c-n,38.0412763,-78.47737169999999,1.4122,True,3
234076,University of Virginia-Main Campus,coffee,ChIJVSLEM-OHs4kRgkKypab71aQ,0x89b387e333c42255:0xa4d5fba6a5b24282,Belle Restaurant and Bakery,Coffee shop,"[""Coffee shop"", ""Bakery"", ""Cafe"", ""Restaurant""]","407 Monticello Rd, Charlottesville, VA 22902",(434) 328-8755,https://www.bellecville.com/,4.6,312.0,$10–20,Closed · Opens 8 AM Wed,"""Closed \u00b7 Opens 8\u202fAM Wed""","{""tuesday"": ""8\u202fAM\u20132\u202fPM"", ""wednesday"": ""8\u202fAM\u20138\u202fPM"", ""thursday"": ""8\u202fAM\u20138\u202fPM"", ""friday"": ""8\u202fAM\u20138\u202fPM"", ""saturday"": ""8\u202fAM\u20138\u202fPM"", ""sunday"": ""8\u202fAM\u20132\u202fPM"", ""monday"": ""8\u202fAM\u20132\u202fPM""}","{""dine_in"": true, ""takeout"": true, ""delivery"": true}",,https://lh3.googleusercontent.com/gps-cs-s/APNQkAF5FCekIdE5-lqx3jJ8oMdtBu5EUG5VjmZ0yhb_KR5v5H6y9IyFMUUYVqevSKuj4tTIkj6Y0YeupMGJiwXaikqf68SkXF768b9k7zPMywYC71BY-63bKBO5cMYcvSP6lJjdFTMj=w1000-h1000-c-n,38.0248883,-78.4752932,1.7125,True,3
234076,University of Virginia-Main Campus,coffee,ChIJNa2jhlOGs4kRavPSmPPGEog,0x89b3865386a3ad35:0x8812c6f398d2f36a,Ivy Provisions,Coffee shop,"[""Coffee shop"", ""Beer store"", ""Breakfast restaurant"", ""Deli"", ""Restaurant"", ""Sandwich shop"", ""Wine store""]","2206 Ivy Rd, Charlottesville, VA 22903",(434) 202-1308,http://www.ivyprovisions.com/,4.6,414.0,$10–20,Closed · Opens 9 AM Wed,"""Closed \u00b7 Opens 9\u202fAM Wed""","{""tuesday"": ""9\u202fAM\u20133\u202fPM"", ""wednesday"": ""9\u202fAM\u20133\u202fPM"", ""thursday"": ""9\u202fAM\u20133\u202fPM"", ""friday"": ""9\u202fAM\u20133\u202fPM"", ""saturday"": ""8\u202fAM\u20133\u202fPM"", ""sunday"": ""8\u202fAM\u20133\u202fPM"", ""monday"": ""9\u202fAM\u20133\u202fPM""}","{""dine_in"": true, ""curbside_pickup"": true, ""no_contact_delivery"": true}",,https://lh3.googleusercontent.com/gps-proxy/ALd4DhGPI_ai-pKnFP4mtoLb3bGsWRHfZd2RYLzW368fynJEkbX8U83U4OMc1bYhf0nJnmKDZwV4lUrbbQC8Ck1bfac2h5FQo4Ektx7r8cJvPRXsjmrz5Pvv6s6BpPkD6aTIngdZeeEDFnGHkoeJhBc3nSr9eURMrB_D3R6F0v7RH2B5QM22QFSIfMYx6Q=w1000-h1000-c-n,38.044212,-78.51474449999999,0.8213,True,3
234076,University of Virginia-Main Campus,coffee,ChIJzzddtzKHs4kR6CfAc1_sr5I,0x89b38732b75d37cf:0x92afec5f73c027e8,Cafe Frank,Restaurant,"[""Restaurant"", ""Cocktail bar"", ""French restaurant""]","317 E Main St, Charlottesville, VA 22902",(434) 825-9496,https://www.cafefrankcville.com/,4.5,231.0,$30–90,Closed · Opens 4 PM Thu,"""Closed \u00b7 Opens 4\u202fPM Thu""","{""tuesday"": ""Closed"", ""wednesday"": ""Closed"", ""thursday"": ""4\u201310\u202fPM"", ""friday"": ""4\u201310\u202fPM"", ""saturday"": ""4\u201310\u202fPM"", ""sunday"": ""4\u201310\u202fPM"", ""monday"": ""4\u201310\u202fPM""}","{""dine_in"": true, ""takeout"": false, ""delivery"": false}",,https://lh3.googleusercontent.com/gps-cs-s/APNQkAHbeEqTa-rTWjbucdu_avkOfNmCPT05A00z7kka67vUBLW7M9V_gigPU7gs1EUm5tqbcBm6sBpot6Go4wV_F2UqkORmNpwH3skQ51JvL09Np4JJtukST8PC1777RRVlUe-VOEDk=w1000-h1000-c-n,38.0302929,-78.4795441,1.3451,True,3
234076,University of Virginia-Main Campus,coffee,ChIJtxkozGmHs4kR7yEQSA2Y4fI,0x89b38769cc2819b7:0xf2e1980d481021ef,Pikasso Swig,Craft store,"[""Craft store"", ""Art cafe"", ""Bar"", ""Event venue"", ""Restaurant"", ""Wine bar""]","333 2nd St SE, Charlottesville, VA 22902",(434) 253-6003,http://www.pikassoswig.com/,4.9,154.0,,Open · Closes 6 PM,"""Open \u00b7 Closes 6\u202fPM""","{""tuesday"": ""10\u202fAM\u20136\u202fPM"", ""wednesday"": ""10\u202fAM\u20136\u202fPM"", ""thursday"": ""10\u202fAM\u20138\u202fPM"", ""friday"": ""10\u202fAM\u20138\u202fPM"", ""saturday"": ""10\u202fAM\u20138\u202fPM"", ""sunday"": ""12\u20135\u202fPM"", ""monday"": ""Closed""}","{""dine_in"": true, ""takeout"": true, ""delivery"": false}",,https://lh3.googleusercontent.com/gps-cs-s/APNQkAE6kEYLOMqDdHaqCUnW6zbAhS0JX3UVUDfQjFWNG0ciI6epM3SSL3qgOPzUv9QNSERidvOxIh0PtyqmV17B9tDo1G_ZHFlgDHn65wYJg-GWz-7pinZotERL9z0n-uX8qtnxZMEgPRRmtUeO=w1000-h1000-c-n,38.0285287,-78.4813811,1.3018,True,3
234076,University of Virginia-Main Campus,coffee,ChIJzakmMDuGs4kR49Nry3xweRE,0x89b3863b3026a9cd:0x1179707ccb6bd3e3,Feast Market & Café,Cafe,"[""Cafe"", ""Grocery store"", ""Catering food and drink supplier"", ""Cheese shop"", ""Deli"", ""Gift basket store"", ""Gift shop"", ""Grocery delivery service"", ""Health food store""]","416 W Main St suite h, Charlottesville, VA 22903",(434) 244-7800,https://www.feastvirginia.com/,4.5,255.0,$$,Open · Closes 5 PM,"""Open \u00b7 Closes 5\u202fPM""","{""tuesday"": ""10\u202fAM\u20135\u202fPM"", ""wednesday"": ""10\u202fAM\u20135\u202fPM"", ""thursday"": ""10\u202fAM\u20135\u202fPM"", ""friday"": ""10\u202fAM\u20135\u202fPM"", ""saturday"": ""10\u202fAM\u20135\u202fPM"", ""sunday"": ""Closed"", ""monday"": ""10\u202fAM\u20135\u202fPM""}","{""dine_in"": true, ""takeout"": true, ""no_contact_delivery"": true}","Rustic deli & gourmet grocery store. Sandwiches, soups & salads, plus upscale groceries & wine sold in a shop built with reclaimed wood.",https://lh3.googleusercontent.com/gps-cs-s/APNQkAHqQpPn_jI5Dp_PMklA4nuBf0h-32CXa47kFPcbIVDZ5SvJlG82trkKwgZrwI6bRPnYbV6QIflZ-oS2XeEeh-iKbh3le4GXydqheJpOSewS0IgRDKEvy8SwVJmTV4IzunpHgt5V=w1000-h1000-c-n,38.0304142,-78.4872613,0.9577,True,3
234076,University of Virginia-Main Campus,coffee,ChIJTwxBhQVvtIkRlsyQ9FKMSbM,0x89b46f0585410c4f:0xb3498c52f490cc96,Sombrero's Cafe,Coffee shop,"[""Coffee shop"", ""Mexican restaurant""]","112 W Main St #1, Charlottesville, VA 22902",(434) 320-3696,http://sombreroscafe.com/,4.7,245.0,$10–20,Closes soon · 4:30 PM · Opens 7:30 AM Wed,"""Closes soon \u00b7 4:30\u202fPM \u00b7 Opens 7:30\u202fAM Wed""","{""tuesday"": ""7:30\u202fAM\u20134:30\u202fPM"", ""wednesday"": ""7:30\u202fAM\u20134:30\u202fPM"", ""thursday"": ""7:30\u202fAM\u20134:30\u202fPM"", ""friday"": ""7:30\u202fAM\u20137\u202fPM"", ""saturday"": ""7:30\u202fAM\u20137\u202fPM"", ""sunday"": ""8:30\u202fAM\u20133\u202fPM"", ""monday"": ""7:30\u202fAM\u20134:30\u202fPM""}","{""dine_in"": true, ""takeout"": true, ""no_contact_delivery"": true}",,https://lh3.googleusercontent.com/gps-proxy/ALd4DhEfYeZcNCZoh2p6XLgadqydzMPdI55xmjpsmEJo5XUuym6nqjlD5MEdI2uEgwmLunLKB5hEEmBF5zH4vhoQiIxQuzbd7SYn2IXmKTvt3Lpiq_E9O2vFnFcx0z6H_bq6MYjMjwaV2PFYdIJy41Xm6HgbpnCqxvferpmvAEVBJEz9fKkQjHZPpiQ1VQ=w1000-h1000-c-n,38.0307108,-78.48203199999999,1.2082,True,3
234076,University of Virginia-Main Campus,coffee,ChIJc7CGDFWHs4kRmIlKPLkE62Q,0x89b387550c86b073:0x64eb04b93c4a8998,Saxbys at University of Virginia,Coffee shop,"[""Coffee shop"", ""Breakfast restaurant"", ""Lunch restaurant""]","The Edgar Shannon Library, 160 McCormick Rd Second Floor, Charlottesville, VA 22903",,https://www.saxbyscoffee.com/,4.4,8.0,,Closed,"""Closed""","{""tuesday"": ""Closed"", ""wednesday"": ""Closed"", ""thursday"": ""Closed"", ""friday"": ""Closed"", ""saturday"": ""Closed"", ""sunday"": ""Closed"", ""monday"": ""Closed""}","{""dine_in"": true, ""takeout"": true, ""delivery"": false}",,https://lh3.googleusercontent.com/gps-cs-s/APNQkAG0m39GF4fTDXwJUZgFcbD6BjgHd8YS1FOUIRKkgyq4k8Gr250DMwQE0tsgYvMmKNQd4lijYXSMQEP78dV-t2EM-h0u8DvzoaMspaMaosy1fxquVUN9tketsBNS8vGt1eJQcsmldjEUCS37=w1000-h1000-c-n,38.0368398,-78.505118,0.1295,True,3
234076,University of Virginia-Main Campus,coffee,ChIJX7tYiCaGs4kRsW1_HVeOKTI,0x89b386268858bb5f:0x32298e571d7f6db1,Chaps Ice Cream,Coffee shop,"[""Coffee shop"", ""Ice cream shop"", ""Dessert shop""]","223 E Main St, Charlottesville, VA 22902",(434) 977-4139,http://www.chapsicecream.com/,4.5,573.0,$,Open · Closes 10 PM,"""Open \u00b7 Closes 10\u202fPM""","{""tuesday"": ""11:30\u202fAM\u201310\u202fPM"", ""wednesday"": ""11:30\u202fAM\u201310\u202fPM"", ""thursday"": ""11:30\u202fAM\u201310\u202fPM"", ""friday"": ""11:30\u202fAM\u201310:30\u202fPM"", ""saturday"": ""11:30\u202fAM\u201310:30\u202fPM"", ""sunday"": ""11:30\u202fAM\u201310\u202fPM"", ""monday"": ""11:30\u202fAM\u201310\u202fPM""}","{""dine_in"": true, ""takeout"": true, ""delivery"": true}","Frozen treats, savory cafe fare & coffee. Retro setting for housemade ice cream & soda fountain classics plus breakfast & lunch with coffee.",https://lh3.googleusercontent.com/gps-cs-s/APNQkAEDuoDu28q7p4Ig8NNVCkxihM2R2Ns4pmBOys7iiVrqm1F-OBp_I73HuOpI40KOaVC9w4tyrgsa7aZ7Q5dxKcS_5rmRcKQA07-rCD530VYfcpm_ewwBwUY_L_h4a2NO4DT879kG=w1000-h1000-c-n,38.030467,-78.480113,1.3119,True,3
234076,University of Virginia-Main Campus,coffee,ChIJAVkb6WiHs4kRs3TxbQVmpT8,0x89b38768e91b5901:0x3fa566056df174b3,Poindexter Coffee,Coffee shop,"[""Coffee shop"", ""Cafe""]","1309 W Main St, Charlottesville, VA 22903",(434) 295-4333,https://www.hilton.com/en/hotels/chogcgu-graduate-charlottesville/dining/?y_source=1_MTA2Njc4ODcyMS03MTUtbG9jYXRpb24ud2Vic2l0ZQ%3D%3D,3.5,4.0,,Closed · Opens 6 AM Wed,"""Closed \u00b7 Opens 6\u202fAM Wed""","{""tuesday"": ""6\u202fAM\u20131\u202fPM"", ""wednesday"": ""6\u202fAM\u20131\u202fPM"", ""thursday"": ""6\u202fAM\u20131\u202fPM"", ""friday"": ""6\u202fAM\u20131\u202fPM"", ""saturday"": ""6\u202fAM\u20131\u202fPM"", ""sunday"": ""6\u202fAM\u20131\u202fPM"", ""monday"": ""6\u202fAM\u20131\u202fPM""}","{""dine_in"": true, ""takeout"": true, ""delivery"": false}",,https://lh3.googleusercontent.com/gps-cs-s/APNQkAEzWHqusoImnTgMLv7Tu5FYfHfHa-cbHb3i4EKpjkBko1V3zH18kFiruWPvkrUt3ZjubxFidqOl2sNfuH5QcW2e3fFiFSwkiNGLJA0edDgxHYTFnRKfJ7aBCk9p5r15t0fVBB6f=w1000-h1000-c-n,38.033823,-78.49847799999999,0.3196,True,3
234076,University of Virginia-Main Campus,coffee,ChIJ_1jhFnOHs4kR5JBn0vtwLyI,0x89b3877316e158ff:0x222f70fbd26790e4,Tenth Street Warehouses,Coffee shop,"[""Coffee shop"", ""Apartment building"", ""Architecture firm"", ""Bakery"", ""Historical landmark"", ""Health and beauty shop"", ""Restaurant"", ""Sauna""]","134 10th St NW, Charlottesville, VA 22903",(434) 284-3923,http://tenthstreetwarehouses.com/,,,,Open 24 hours,"""Open 24 hours""","{""tuesday"": ""Open 24 hours"", ""wednesday"": ""Open 24 hours"", ""thursday"": ""Open 24 hours"", ""friday"": ""Open 24 hours"", ""saturday"": ""Open 24 hours"", ""sunday"": ""Open 24 hours"", ""monday"": ""Open 24 hours""}",{},,https://lh3.googleusercontent.com/gps-cs-s/APNQkAEGuPzTYBdjLs0EolNMGp-bikDmAazegsAe7xPNHifPJpOQHVCxQlWwDf_t_Xxf7xS1RAbKNnHv4kVvVSY0_Z4Mi9U90X0wOSoB5SKdkHHcVvXLpzxwxPtZE8a-aFQMs5VhOWp-=w1000-h1000-c-n,38.0338662,-78.4938631,0.5297,True,3
234076,University of Virginia-Main Campus,coffee,ChIJ2-RgTX6Hs4kRRGr06OFRuPc,0x89b3877e4d60e4db:0xf7b851e1e8f46a44,Corner Juice,Cafe,"[""Cafe"", ""Juice shop"", ""Restaurant""]","201 E Main St Suite A, Charlottesville, VA 22902",(434) 260-3160,http://www.cornerjuice.com/?utm_source=google&utm_medium=wix_google_business_profile&utm_campaign=2261739413445276573,4.6,74.0,$10–20,Open · Closes 5 PM,"""Open \u00b7 Closes 5\u202fPM""","{""tuesday"": ""9:30\u202fAM\u20135\u202fPM"", ""wednesday"": ""9:30\u202fAM\u20135\u202fPM"", ""thursday"": ""9:30\u202fAM\u20135\u202fPM"", ""friday"": ""9:30\u202fAM\u20135\u202fPM"", ""saturday"": ""9:30\u202fAM\u20135\u202fPM"", ""sunday"": ""9:30\u202fAM\u20135\u202fPM"", ""monday"": ""9:30\u202fAM\u20135\u202fPM""}","{""dine_in"": true, ""takeout"": true, ""delivery"": false}",,https://lh3.googleusercontent.com/gps-cs-s/APNQkAE4ZxN57C62SsKhN3T8aBrUiZQxcM9_ZeE9d58tpOuz68258YE2a_Q_OUaywfq7a_If6Z0J19wMldziy5Hj7x4SZGrN4Aq0Hc0r3yHcurq4BXcBDH1iDStpkbrh_nMk3cOxr6zY=w1000-h1000-c-n,38.0306672,-78.4803594,1.2945,True,3
234076,University of Virginia-Main Campus,coffee,ChIJTb54ClyHs4kRvGK7J-qRv18,0x89b3875c0a78be4d:0x5fbf91ea27bb62bc,Starbucks Coffee Company,Coffee shop,"[""Coffee shop"", ""Cafe"", ""Coffee store"", ""Espresso bar""]","180 McCormick Rd, Charlottesville, VA 22903",(804) 590-8790,https://www.starbucks.com/store-locator/store/1022699,3.1,62.0,$1–10,Closed · Opens 6 AM Fri,"""Closed \u00b7 Opens 6\u202fAM Fri""","{""tuesday"": ""Closed"", ""wednesday"": ""Closed"", ""thursday"": ""Closed"", ""friday"": ""6\u202fAM\u20132\u202fPM"", ""saturday"": ""6\u202fAM\u20132\u202fPM"", ""sunday"": ""6\u202fAM\u20132\u202fPM"", ""monday"": ""Closed""}","{""dine_in"": true, ""takeout"": true, ""delivery"": false}","Iconic coffeehouse chain. Welcoming coffeehouse with handcrafted coffee, espresso & tea, plus breakfast, lunch & pastries.",https://lh3.googleusercontent.com/gps-cs-s/APNQkAHhzCMoqbLrsTNTITopCC7JY6TcFUIbRR_bly1imcu6cji_xbLUOZr7UzBBkaqfufGSNhfHrSRhRydhaGXC0STEJL0odZ1VFb2RlqU4NyAdsR_Qiyk-HDy1lBqIZwqsOmgCFSXDnw=w1000-h1000-c-n,38.0354,-78.50663,0.2384,True,3
234076,University of Virginia-Main Campus,coffee,ChIJURSI9YGHs4kRos_4h-0qM3k,0x89b38781f5881451:0x79332aed87f8cfa2,Chaps Ice Cream - UVA Corner,Coffee shop,"[""Coffee shop"", ""Ice cream shop"", ""Dessert shop""]","104 14th St NW #1, Charlottesville, VA 22903",(434) 202-2665,http://www.chapsicecream.com/,4.3,52.0,$,Closed · Opens 6 PM,"""Closed \u00b7 Opens 6\u202fPM""","{""tuesday"": ""6\u201310:30\u202fPM"", ""wednesday"": ""6\u201310:30\u202fPM"", ""thursday"": ""6\u202fPM\u201312\u202fAM"", ""friday"": ""12:30\u202fPM\u201312\u202fAM"", ""saturday"": ""12:30\u202fPM\u201312\u202fAM"", ""sunday"": ""12:30\u201310:30\u202fPM"", ""monday"": ""6\u201310:30\u202fPM""}","{""onsite_services"": true}",,https://lh3.googleusercontent.com/gps-cs-s/APNQkAF8JmvDed3eP2sZmU36n8hfi-btNtuIrTS6J5249j13NYm_7yIX4f33kfPzV3jjBXX-pgg91r2xRpEmzdNIAs3NwBa2oOhY3Sng0ZD13ovP9hs3vhXNc_qyANqhdWQSk2F6Ispnf0MYghM=w1000-h1000-c-n,38.0342362,-78.498948,0.2814,True,3
234076,University of Virginia-Main Campus,coffee,ChIJcbK5xCaHs4kRnUAdrcUMedM,0x89b38726c4b9b271:0xd3790cc5ad1d409d,Maple & Bean Café,Coffee shop,"[""Coffee shop"", ""Cafe"", ""Tea house""]","119 Burnet Way, Charlottesville, VA 22902",(571) 224-2189,,,,,Open · Closes 5 PM,"""Open \u00b7 Closes 5\u202fPM""","{""tuesday"": ""9\u202fAM\u20135\u202fPM"", ""wednesday"": ""9\u202fAM\u20135\u202fPM"", ""thursday"": ""9\u202fAM\u20135\u202fPM"", ""friday"": ""9\u202fAM\u20135\u202fPM"", ""saturday"": ""9\u202fAM\u20135\u202fPM"", ""sunday"": ""9\u202fAM\u20135\u202fPM"", ""monday"": ""9\u202fAM\u20135\u202fPM""}","{""dine_in"": true, ""curbside_pickup"": true, ""no_contact_delivery"": true}",,https://lh3.googleusercontent.com/gps-cs-s/APNQkAFle-YM8DGf2aHATUaFTqJ2rIodRqab_W3U-48h3tvqgSPaZbFm6Pc2YmfsyLyXvWZ6Jr1tB7II0oCdF7g4dxahDoemLPeP6YOcEvzow4aRBD9U9HF5wh1-uYLDw3PppKh2e6MG_h0WvEA=w1000-h1000-c-n,38.0231495,-78.48886379999999,1.2193,True,3
234076,University of Virginia-Main Campus,coffee,ChIJBVZqAcSHs4kR0XL9CK3kmdY,0x89b387c4016a5605:0xd699e4ad08fd72d1,Starbucks Coffee Company,Coffee shop,"[""Coffee shop"", ""Breakfast restaurant"", ""Cafe"", ""Coffee store"", ""Espresso bar"", ""Internet cafe""]","1001 W Main St, Charlottesville, VA 22903",(434) 885-0819,https://www.starbucks.ca/store-locator/store/1033181/pickup-1001-w-main-st-1001-w-main-st-charlottesville-va-22903-us,4.1,55.0,$1–10,Open · Closes 8 PM,"""Open \u00b7 Closes 8\u202fPM""","{""tuesday"": ""5\u202fAM\u20138\u202fPM"", ""wednesday"": ""5\u202fAM\u20138\u202fPM"", ""thursday"": ""5\u202fAM\u20138\u202fPM"", ""friday"": ""5\u202fAM\u20138\u202fPM"", ""saturday"": ""5\u202fAM\u20138\u202fPM"", ""sunday"": ""5\u202fAM\u20138\u202fPM"", ""monday"": ""5\u202fAM\u20138\u202fPM""}","{""dine_in"": true, ""takeout"": true, ""delivery"": true}","Iconic coffeehouse chain. Welcoming coffeehouse with handcrafted coffee, espresso & tea, plus breakfast, lunch & pastries.",https://lh3.googleusercontent.com/gps-proxy/ALd4DhE0HTKjpovrtbAVTobh_VYTd9ILRVK9INRS3qqf5sepcfs8hh4YuPkXAufLbsPkRwXPYrXODLcRfJ_mpwxGE878CRUTWSl99LcxTTMvtiJRzZrP7Ipy0XDsL6qunBgTNtZDyC8GcvXxAmzj6DQ11OvoSMDWGlCXng7RanS9xEyE3UNX5zFj8KYC-w=w1000-h1000-c-n,38.03291,-78.49494,0.5102,True,3
234076,University of Virginia-Main Campus,coffee,ChIJr7c4zqmHs4kRRLVHKzvHnzs,0x89b387a9ce38b7af:0x3b9fc73b2b47b544,Starbucks Coffee Company,Coffee shop,"[""Coffee shop"", ""Breakfast restaurant"", ""Cafe"", ""Coffee store"", ""Espresso bar"", ""Internet cafe""]","1617 Emmet St N, Charlottesville, VA 22901",(434) 365-8297,https://www.starbucks.ca/store-locator/store/1030053/,4.1,312.0,$1–10,Open · Closes 10 PM,"""Open \u00b7 Closes 10\u202fPM""","{""tuesday"": ""5\u202fAM\u201310\u202fPM"", ""wednesday"": ""5\u202fAM\u201310\u202fPM"", ""thursday"": ""5\u202fAM\u201310\u202fPM"", ""friday"": ""5\u202fAM\u201310\u202fPM"", ""saturday"": ""5\u202fAM\u201310\u202fPM"", ""sunday"": ""5\u202fAM\u201310\u202fPM"", ""monday"": ""5\u202fAM\u201310\u202fPM""}","{""dine_in"": true, ""drive_through"": true, ""delivery"": true}","Iconic coffeehouse chain. Welcoming coffeehouse with handcrafted coffee, espresso & tea, plus breakfast, lunch & pastries.",https://lh3.googleusercontent.com/gps-proxy/ALd4DhFV5-FoLUo2q1AxcvV3yYVi437NjQq2582tTqmQwIp8PrGFz3249bcNPgG-qBSTMEXUFF4LhEzuAH9UOAheBFKhJVF7xf9JbtHnMmJj9oAbn12gxQMiRzLSyivmT9_HSFicc-nf3lrygX1jvEcvV1tWvu7JQEkUPkVFKkygyGdIVTvxaxKs-pMl=w1000-h1000-c-n,38.05865,-78.49494,1.5551,True,3
234076,University of Virginia-Main Campus,coffee,ChIJowOzqbaHs4kRprwtyi7UQjU,0x89b387b6a9b303a3:0x3542d42eca2dbca6,Starbucks Coffee Company,Coffee shop,"[""Coffee shop"", ""Cafe"", ""Coffee store"", ""Espresso bar""]","975 Emmet St N, Charlottesville, VA 22903",(434) 984-2900,https://www.starbucks.com/store-locator/store/14276,3.8,96.0,$1–10,Open · Closes 7 PM,"""Open \u00b7 Closes 7\u202fPM""","{""tuesday"": ""6\u202fAM\u20137\u202fPM"", ""wednesday"": ""6\u202fAM\u20137\u202fPM"", ""thursday"": ""6\u202fAM\u20137\u202fPM"", ""friday"": ""6\u202fAM\u20137\u202fPM"", ""saturday"": ""6\u202fAM\u20137\u202fPM"", ""sunday"": ""6\u202fAM\u20137\u202fPM"", ""monday"": ""6\u202fAM\u20137\u202fPM""}","{""dine_in"": true, ""drive_through"": true, ""delivery"": false}","Iconic coffeehouse chain. Welcoming coffeehouse with handcrafted coffee, espresso & tea, plus breakfast, lunch & pastries.",https://lh3.googleusercontent.com/gps-cs-s/APNQkAEdEWIhbajP5b7KgTZzv7orGk89L12gKVjqu-bCYFjwFYztcESdJ4Q_iFMaNTFP_-EX634cxzE8uF7yn9Hoy7_vykVnbug22ailo7PGMpnUDACfRKMQm96S81urxfOp3VRINTgTeg=w1000-h1000-c-n,38.050282,-78.50439949999999,0.9222,True,3
234076,University of Virginia-Main Campus,coffee,ChIJXwEHLb6Hs4kR7cr6M0U6pdc,0x89b387be2d07015f:0xd7a53a4533facaed,Grit Coffee,Coffee shop,"[""Coffee shop""]","University of Virginia, Department of Politics, 1540 Jefferson Park Ave, Charlottesville, VA 22903",(434) 243-9054,http://gritcoffee.com/,4.8,87.0,$1–10,Temporarily closed,"""Temporarily closed""",{},"{""onsite_services"": true, ""takeout"": true, ""dine_in"": true, ""delivery"": false}",,https://lh3.googleusercontent.com/gps-cs-s/APNQkAGYP20tKRSVPBHXy_oH5bWqmN2kezjyEX9eYfJZXPD33IlYM8kp1Ihc73gp-KuXuBHBHxAFz-dFY_TMbPM-3DWOZFOSlGLYyehtgMq2HqOFYMycUcQKxzJAx9r2OJquihd7nSo=w1000-h1000-c-n,38.0315967,-78.505382,0.3998,True,3
234076,University of Virginia-Main Campus,coffee,ChIJV8f6jEyGs4kRpKGACIQJ8Bo,0x89b3864c8cfac757:0x1af009840880a1a4,Einstein Bros. Bagels,Coffee shop,"[""Coffee shop"", ""Bakery"", ""Breakfast restaurant"", ""Cafe"", ""Bagel shop""]","85 Engineer's Way, Charlottesville, VA 22903",(434) 924-4423,https://locations.einsteinbros.com/us/va/charlottesville/85-engineers-way?y_source=1_OTA1MDEyMy03MTUtbG9jYXRpb24ud2Vic2l0ZQ%3D%3D,3.7,56.0,$1–10,Closed · Opens 8 AM Wed,"""Closed \u00b7 Opens 8\u202fAM Wed""","{""tuesday"": ""8\u202fAM\u20132\u202fPM"", ""wednesday"": ""8\u202fAM\u20132\u202fPM"", ""thursday"": ""8\u202fAM\u20132\u202fPM"", ""friday"": ""8\u202fAM\u20132\u202fPM"", ""saturday"": ""Closed"", ""sunday"": ""Closed"", ""monday"": ""8\u202fAM\u20132\u202fPM""}","{""dine_in"": true, ""takeout"": true, ""delivery"": true}",,https://lh3.googleusercontent.com/gps-cs-s/APNQkAE6-FYze-lUJ_5t03ZuTOMy3yuz2h2JOHwIFMQbzl0fR9H0N2GHZovuoGOOZ2aHx9AiEVNuaEcUvLCucz0hxj1paBGRpQ0zguazgl9LD_yWM3RKT0cTl7ozNKp3JSQvDu4h_3g5=w1000-h1000-c-n,38.0316188,-78.51084589999999,0.5766,True,3
234076,University of Virginia-Main Campus,coffee,ChIJ5RSf7bOHs4kR6MeC2Rr0V5Y,0x89b387b3ed9f14e5:0x9657f41ad982c7e8,Starbucks,Coffee shop,"[""Coffee shop""]","975 Emmet St N, Charlottesville, VA 22903",(434) 984-2900,"https://www.starbucks.com/store-locator?map=38.10916,-78.57936,10z&place=975%20Emmet%20St,Charlottesville,VA,US,22903,,",,,,Open · Closes 6:30 PM,"""Open \u00b7 Closes 6:30\u202fPM""","{""tuesday"": ""6\u202fAM\u20136:30\u202fPM"", ""wednesday"": ""6\u202fAM\u20136:30\u202fPM"", ""thursday"": ""6\u202fAM\u20136:30\u202fPM"", ""friday"": ""6\u202fAM\u20136:30\u202fPM"", ""saturday"": ""6\u202fAM\u20136\u202fPM"", ""sunday"": ""6\u202fAM\u20136:30\u202fPM"", ""monday"": ""6\u202fAM\u20136:30\u202fPM""}","{""dine_in"": true, ""takeout"": true}","Iconic coffeehouse chain. Welcoming coffeehouse with handcrafted coffee, espresso & tea, plus breakfast, lunch & pastries.",https://streetviewpixels-pa.googleapis.com/v1/thumbnail?panoid=jOFX-5c-aBOll9RyLZ5nCw&cb_client=search.gws-prod.gps&w=80&h=92&yaw=306.07788&pitch=0&thumbfov=100,38.050282,-78.50439949999999,0.9222,True,3
123961,University of Southern California,coffee,ChIJVREEft7HwoAR6NQSsrC7OX8,0x80c2c7de7e041155:0x7f39bbb0b212d4e8,Seree's Coffee Shop,Coffee shop,"[""Coffee shop"", ""Breakfast restaurant"", ""Cafe""]","2800 S Grand Ave, Los Angeles, CA 90007",(213) 747-8233,,4.8,120.0,$10–20,Open · Closes 3 PM,"""Open \u00b7 Closes 3\u202fPM""","{""tuesday"": ""7\u202fAM\u20133\u202fPM"", ""wednesday"": ""7\u202fAM\u20133\u202fPM"", ""thursday"": ""7\u202fAM\u20133\u202fPM"", ""friday"": ""7\u202fAM\u20133\u202fPM"", ""saturday"": ""7\u202fAM\u20133\u202fPM"", ""sunday"": ""Closed"", ""monday"": ""7\u202fAM\u20133\u202fPM""}","{""dine_in"": true, ""takeout"": true, ""delivery"": false}",American basics & homestyle Asian fare. Unpretentious daytime diner serving classic American grub & simple Asian dishes such as fried rice.,https://lh3.googleusercontent.com/gps-cs-s/APNQkAF2UbWeR4RFR8YOShgnJSsSeZwpiEVuvt4AsalT1gRX-nU5bztrxF2hxphNtU7IJ0_3BV8DaABfajUGYmQKm164J1pz8TCkylN9HyrC_OUZzZXsYGon_fuWszzbJxb1mzXFjWId=w1000-h1000-c-n,34.0244996,-118.2731924,0.6483,True,3
110680,University of California-San Diego,coffee,ChIJCd1VSNQA3IARKzMudQtBP1c,0x80dc00d44855dd09:0x573f410b752e332b,MOM's Café (aka Muir Woods Coffee House),Coffee shop,"[""Coffee shop""]","9500 Gilman Dr, La Jolla, CA 92093",,,4.7,130.0,$1–10,Open · Closes 8 PM,"""Open \u00b7 Closes 8\u202fPM""","{""tuesday"": ""7:30\u202fAM\u20138\u202fPM"", ""wednesday"": ""7:30\u202fAM\u20138\u202fPM"", ""thursday"": ""7:30\u202fAM\u20138\u202fPM"", ""friday"": ""7:30\u202fAM\u20137\u202fPM"", ""saturday"": ""10\u202fAM\u20134\u202fPM"", ""sunday"": ""10\u202fAM\u20134\u202fPM"", ""monday"": ""7:30\u202fAM\u20138\u202fPM""}","{""dine_in"": true, ""takeout"": true, ""delivery"": false}",,https://lh3.googleusercontent.com/gps-cs-s/APNQkAFNzTksMDmzqe7wuLj4x0SGPHmDxkYiCzbm6nw5_-uV69AYDUFXmeY2W520Nrjq5Z7UWxV3H1MBy9KMCTtSa7NwbLM0v4bWZCgbeNN8w_3KLzvviMTwjea852RcPqecdQROvNs7PA=w1000-h1000-c-n,32.8787929,-117.2426465,0.6693,True,3
110680,University of California-San Diego,coffee,ChIJPZvwQlgH3IARbGd1aJdHvaw,0x80dc075842f09b3d:0xacbd47976875676c,Brick & Bell,Cafe,"[""Cafe""]","9850 Genesee Ave, La Jolla, CA 92037",(858) 551-0928,,5.0,11.0,$1–10,Open · Closes 4 PM,"""Open \u00b7 Closes 4\u202fPM""","{""tuesday"": ""7\u202fAM\u20134\u202fPM"", ""wednesday"": ""7\u202fAM\u20134\u202fPM"", ""thursday"": ""7\u202fAM\u20134\u202fPM"", ""friday"": ""7\u202fAM\u20134\u202fPM"", ""saturday"": ""Closed"", ""sunday"": ""Closed"", ""monday"": ""7\u202fAM\u20134\u202fPM""}","{""dine_in"": true, ""takeout"": true, ""delivery"": false}",,https://lh3.googleusercontent.com/gps-cs-s/APNQkAHEN6OP5FcM-edqjdf5jTgJ6sn44ttWEiRttyxyaEtfUkAObfuZSpL6BxhCiuzJGhVBF2KR7HVWeetAJSSzX11gIcSIyEGfEU6JqutSdAijVpPTNdJ7csQHIunjuwLXU1KuKi35Rz-f2cJI=w1000-h1000-c-n,32.8830741,-117.2263088,0.3849,True,3
110680,University of California-San Diego,coffee,ChIJ9dveDOIH3IAR1CvOp9LaV8g,0x80dc07e20cdedbf5:0xc857dad2a7ce2bd4,Bird Rock Coffee Roasters,Coffee shop,"[""Coffee shop""]","9500 Gilman Dr, La Jolla, CA 92093",(619) 272-0203,https://birdrockcoffee.com/cafes/ucsd/,4.5,39.0,$1–10,Open · Closes 4 PM,"""Open \u00b7 Closes 4\u202fPM""","{""tuesday"": ""7\u202fAM\u20134\u202fPM"", ""wednesday"": ""7\u202fAM\u20134\u202fPM"", ""thursday"": ""7\u202fAM\u20134\u202fPM"", ""friday"": ""7\u202fAM\u20134\u202fPM"", ""saturday"": ""Closed"", ""sunday"": ""Closed"", ""monday"": ""7\u202fAM\u20134\u202fPM""}","{""dine_in"": true, ""takeout"": true, ""delivery"": false}",,https://lh3.googleusercontent.com/gps-cs-s/APNQkAG9wlime7wTpTXUw5fBjPhCHNMHv2RVyYQCPRwhqLaucw2x-IWhRR4Kr73dfhd-tDWK8hD82IYofTX1PzZMP3wEMLHsFGlQq1FAFURqLr_ohJs-uuEB864sdqW8B10mE-ZGtCxq=w1000-h1000-c-n,32.879030799999995,-117.2325748,0.0854,True,3
110680,University of California-San Diego,coffee,ChIJLa2FKdUH3IARnQSDKQKIeA8,0x80dc07d52985ad2d:0xf7888022983049d,The Trading Post Café & Bar,Coffee shop,"[""Coffee shop""]","9700 N Torrey Pines Rd, La Jolla, CA 92037",(858) 964-6502,https://www.estancialajolla.com/the-trading-post-cafe-bar/?utm_source=gmb-tradingpost&utm_medium=organic&utm_campaign=gmb,4.4,5.0,,Open · Closes 9 PM,"""Open \u00b7 Closes 9\u202fPM""","{""tuesday"": ""6\u202fAM\u20139\u202fPM"", ""wednesday"": ""6\u202fAM\u20139\u202fPM"", ""thursday"": ""6\u202fAM\u20139\u202fPM"", ""friday"": ""6\u202fAM\u20139\u202fPM"", ""saturday"": ""6\u202fAM\u20139\u202fPM"", ""sunday"": ""6\u202fAM\u20139\u202fPM"", ""monday"": ""6\u202fAM\u20139\u202fPM""}","{""dine_in"": true, ""takeout"": true, ""delivery"": false}",,https://lh3.googleusercontent.com/gps-cs-s/APNQkAFMww_j3zDfSMEwepHXinHD9Jkbh49TfkxFoPuwEypsIq7xq0OEPKrAi6BZYaGFPGFT6LFgpuzjwh6RXN5pvtwepLDU-_QIbsUvGtStjA4lacQE9CWR0IhqYcxGwklrfMlYh8r0=w1000-h1000-c-n,32.8841624,-117.2451292,0.8808,True,3
110680,University of California-San Diego,coffee,ChIJE2E5a_oH3IARbZCum11uuhw,0x80dc07fa6b396113:0x1cba6e5d9bae906d,TEC Cafe,Coffee shop,"[""Coffee shop""]","9500 Gilman Dr, La Jolla, CA 92093",(858) 822-6983,https://www.instagram.com/teccafeucsd/?hl=en,4.4,13.0,,Open · Closes 4:30 PM,"""Open \u00b7 Closes 4:30\u202fPM""","{""tuesday"": ""7:30\u202fAM\u20134:30\u202fPM"", ""wednesday"": ""7:30\u202fAM\u20134:30\u202fPM"", ""thursday"": ""7:30\u202fAM\u20134:30\u202fPM"", ""friday"": ""7:30\u202fAM\u20131:30\u202fPM"", ""saturday"": ""Closed"", ""sunday"": ""Closed"", ""monday"": ""7:30\u202fAM\u20134:30\u202fPM""}","{""dine_in"": true, ""takeout"": true, ""delivery"": false}",,https://lh3.googleusercontent.com/gps-cs-s/APNQkAFdWypSJH0SWhUceaMOckKFgJc0LlpYsC1Q3ZQ5EFs2wbGQsXymHCheJ_VEutAPuUl2cI5kxG51bO8Dz4eOVyfMEI4pPF8R08b5p1_gNfWTzaKZCJGgDRNyVq37RZD4VmM16yQsQQ=w1000-h1000-c-n,32.8857804,-117.2404806,0.7062,True,3
110680,University of California-San Diego,coffee,ChIJMTpAa9QG3IARxNMioKqTKb0,0x80dc06d46b403a31:0xbd2993aaa022d3c4,Market La Jolla,Coffee shop,"[""Coffee shop"", ""Cafe""]","3777 La Jolla Village Dr, San Diego, CA 92122",(858) 552-1234,https://www.hyatt.com/en-US/hotel/california/hyatt-regency-la-jolla-at-aventine/jolla/dining,4.3,3.0,,Open · Closes 10 PM,"""Open \u00b7 Closes 10\u202fPM""","{""tuesday"": ""6\u202fAM\u201310\u202fPM"", ""wednesday"": ""6\u202fAM\u201310\u202fPM"", ""thursday"": ""6\u202fAM\u201310\u202fPM"", ""friday"": ""6\u202fAM\u201311\u202fPM"", ""saturday"": ""6\u202fAM\u201311\u202fPM"", ""sunday"": ""6\u202fAM\u201310\u202fPM"", ""monday"": ""6\u202fAM\u201310\u202fPM""}","{""dine_in"": true, ""takeout"": true, ""delivery"": false}",,https://lh3.googleusercontent.com/gps-cs-s/APNQkAHbijGN_vY2vjaQpUGAWO9lBACnIhwLIiFhBJobMtyNDJOQJSInBUBQMkArJ8o_sKbnkFjA4cJjVCCNRZs1fEkpCF6guSpJOYcvlnsIE38ZOVNuIe2_Pn2PvB_xOcHV4Y2IZfaCTA=w1000-h1000-c-n,32.8706189,-117.2254923,0.6797,True,3
110680,University of California-San Diego,coffee,ChIJq3SFDNIG3IAR3VO3GUuBVKM,0x80dc06d20c8574ab:0xa354814b19b753dd,Philz Coffee,Coffee shop,"[""Coffee shop"", ""Cafe""]","8849 Villa La Jolla Dr, La Jolla, CA 92037",(858) 242-5070,https://philzcoffee.com/locations/la-jolla?utm_source=gmb&utm_medium=yext,4.3,793.0,$1–10,Open · Closes 7 PM,"""Open \u00b7 Closes 7\u202fPM""","{""tuesday"": ""5\u202fAM\u20137\u202fPM"", ""wednesday"": ""5\u202fAM\u20137\u202fPM"", ""thursday"": ""5\u202fAM\u20137\u202fPM"", ""friday"": ""5\u202fAM\u20138\u202fPM"", ""saturday"": ""5:30\u202fAM\u20138\u202fPM"", ""sunday"": ""5:30\u202fAM\u20138\u202fPM"", ""monday"": ""5\u202fAM\u20137\u202fPM""}","{""dine_in"": true, ""takeout"": true, ""delivery"": false}","Custom coffee in a casual setting. San Diego-based chain offering custom coffee, teas, specialty drinks, and pastries.",https://lh3.googleusercontent.com/gps-cs-s/APNQkAFRf0-e--oFMFqOYqYKWCyt1bh_IJbnjurrYH442SrYfujtHkyto_AjNrJqBbcYTdYAYI49flEEIHW8G8Jr01jJZ5GlQOedG3_jZKsqANhRd8d8DT1saXX1tOQX3jhfqsnT2lQ=w1000-h1000-c-n,32.8693502,-117.2319586,0.6853,True,3
134130,University of Florida,coffee,ChIJ7_qnDJ-j6IgREoFuRI9_iiQ,0x88e8a39f0ca7faef:0x248a7f8f446e8112,Opus Coffee - UF Health East Tower,Coffee shop,"[""Coffee shop""]","1505 SW Archer Rd, Gainesville, FL 32608",,http://www.opuscoffee.com/,4.6,98.0,$1–10,Open · Closes 8 PM,"""Open \u00b7 Closes 8\u202fPM""","{""tuesday"": ""6:20\u202fAM\u20138\u202fPM"", ""wednesday"": ""6:20\u202fAM\u20138\u202fPM"", ""thursday"": ""6:20\u202fAM\u20138\u202fPM"", ""friday"": ""6:20\u202fAM\u20138\u202fPM"", ""saturday"": ""7\u202fAM\u20134\u202fPM"", ""sunday"": ""Closed"", ""monday"": ""6:20\u202fAM\u20138\u202fPM""}","{""dine_in"": true, ""takeout"": true, ""delivery"": false}",,https://lh3.googleusercontent.com/gps-cs-s/APNQkAF_n9jP_d6wUvSAVqsb5rKdUEabrCaY5IVpelqtNADZUpYphzRFNkAaIEfvjKo_ZCV4jbnJeb9I7xeqRLe_7UwaFkjArjNLh73IHPaGzLPWPdk8pbBl2_ak8Krp37kdyOwiN2y2Zw=w1000-h1000-c-n,29.6394045,-82.34135619999999,0.6974,True,3
134130,University of Florida,coffee,ChIJTbgFM42j6IgR_PZ-IHnxMb8,0x88e8a38d3305b84d:0xbf31f179207ef6fc,Maude's Cafe,Coffee shop,"[""Coffee shop""]","101 SE 2nd Pl, Gainesville, FL 32601",(352) 336-9646,https://www.facebook.com/maudescafe/,4.2,546.0,$1–20,Open · Closes 6 PM,"""Open \u00b7 Closes 6\u202fPM""","{""tuesday"": ""7\u202fAM\u20136\u202fPM"", ""wednesday"": ""7\u202fAM\u20136\u202fPM"", ""thursday"": ""7\u202fAM\u20136\u202fPM"", ""friday"": ""7\u202fAM\u20136\u202fPM"", ""saturday"": ""8\u202fAM\u20138\u202fPM"", ""sunday"": ""9\u202fAM\u20136\u202fPM"", ""monday"": ""7\u202fAM\u20136\u202fPM""}","{""dine_in"": true, ""takeout"": true, ""no_contact_delivery"": true}","Chill coffee shop with a large patio. Longtime coffeehouse with a cool, arty vibe offering light bites, board games & a spacious patio.",https://lh3.googleusercontent.com/gps-cs-s/APNQkAHPpEd6K84f_XwfVPL-Mjf1e43xNk3ycjmSWj_Bs4w519aBFSQTqWfyBrBKPEeHNtUcbZtSm6i2oUvEXxiqInNTRL7gGo_ZG6W3z7_bgEhtkMvhWp6pwi2EYCsoclY10-dZlDstyw=w1000-h1000-c-n,29.6495952,-82.32365639999999,0.9735,True,3
134130,University of Florida,coffee,ChIJr6MHWdmj6IgRu1kTMByZ_KU,0x88e8a3d95907a3af:0xa5fc991c301359bb,Foxtail Coffee & Kelly's Ice Cream - The Hub,Coffee shop,"[""Coffee shop""]","309 NW 13th St Suite 90, Gainesville, FL 32601",(352) 792-6202,https://www.foxtailcoffee.com/,4.7,25.0,$1–10,Closed · Opens 7 AM Wed,"""Closed \u00b7 Opens 7\u202fAM Wed""","{""tuesday"": ""7\u202fAM\u20133\u202fPM"", ""wednesday"": ""7\u202fAM\u20133\u202fPM"", ""thursday"": ""7\u202fAM\u20133\u202fPM"", ""friday"": ""7\u202fAM\u20133\u202fPM"", ""saturday"": ""7\u202fAM\u20133\u202fPM"", ""sunday"": ""7\u202fAM\u20133\u202fPM"", ""monday"": ""7\u202fAM\u20133\u202fPM""}","{""dine_in"": true, ""takeout"": true, ""delivery"": true}",,https://lh3.googleusercontent.com/gps-proxy/ALd4DhHDLVGsrKz9VDnei5w6UoLXJOMKPtiGCrtbTXjfavAaubutO-x0QGD7c9e1MShEOSGbZugSpMhLyw7OgFWKWY6BKochaSXXHWsUnv8ZY15j5X3x7bfW40jU_g-0OH7TkVQeJpt0Ohc02AErbWNnJUM27Pe674R84rSWBDeCtCT-MKpzwwQpBJOtqA=w1000-h1000-c-n,29.654487,-82.3390477,0.3539,True,3
134130,University of Florida,coffee,ChIJk3n4unOj6IgRcpg0VcnZBYQ,0x88e8a373baf87993:0x8405d9c955349872,Opus Coffee - UF Health ER South Tower,Coffee shop,"[""Coffee shop""]","1515 SW Archer Rd, Gainesville, FL 32608",,http://opuscoffee.com/,5.0,15.0,$1–10,Open · Closes 5 PM,"""Open \u00b7 Closes 5\u202fPM""","{""tuesday"": ""6:20\u202fAM\u20135\u202fPM"", ""wednesday"": ""6:20\u202fAM\u20135\u202fPM"", ""thursday"": ""6:20\u202fAM\u20135\u202fPM"", ""friday"": ""6:20\u202fAM\u20135\u202fPM"", ""saturday"": ""7\u202fAM\u20131\u202fPM"", ""sunday"": ""Closed"", ""monday"": ""6:20\u202fAM\u20135\u202fPM""}","{""dine_in"": true, ""takeout"": true, ""delivery"": false}",,https://lh3.googleusercontent.com/gps-cs-s/APNQkAH_ZfRyY0lqe-cL1SH4B6gxAeobUDOqUNgTj97OtSfALidkY4zaf8UGCk1IDivKPL9M2YdZLhmp3Vd-xh8kvfa8RLYJAHFuLrFw1zc_KUh6qLu5t4PycyX0cvE_DluP2tQXh5RW=w1000-h1000-c-n,29.6389546,-82.34228929999999,0.7372,True,3
134130,University of Florida,coffee,ChIJ-d828cSj6IgRka46139Wrj8,0x88e8a3c4f136dff9:0x3fae567fd73aae91,House Of Waking Life - HOWL,Coffee shop,"[""Coffee shop"", ""Art cafe"", ""Brunch restaurant"", ""Tea house"", ""Live music venue"", ""Meditation center""]","109 SE 4th Ave, Gainesville, FL 32601",(352) 363-1989,http://houseofwakinglife.com/,5.0,121.0,,Closed · Opens 10 AM Wed,"""Closed \u00b7 Opens 10\u202fAM Wed""","{""tuesday"": ""Closed"", ""wednesday"": ""10\u202fAM\u20135\u202fPM"", ""thursday"": ""10\u202fAM\u20135\u202fPM"", ""friday"": ""10\u202fAM\u20135\u202fPM"", ""saturday"": ""10\u202fAM\u20135\u202fPM"", ""sunday"": ""10\u202fAM\u20135\u202fPM"", ""monday"": ""Closed""}","{""dine_in"": true, ""delivery"": false}",,https://lh3.googleusercontent.com/gps-cs-s/APNQkAFR8nbR5NGRQ4FaojHEzVCkX0WN5OizQCcLCY5RV-PbDD-ZLvR2NoqRhdwmHmosIlS7lh6vfugY0vZC-dXzIslPelcksmE_fE_mYYbwMmz6IlWSj90J40mosoRvvRwoLdySOI8=w1000-h1000-c-n,29.6482286,-82.32372699999999,0.9727,True,3
134130,University of Florida,coffee,ChIJkVxb3Uqj6IgRZzneANZ2dGA,0x88e8a34add5b5c91:0x607476d600de3967,Opus Coffee - Innovation,Coffee shop,"[""Coffee shop""]","800 SW 2nd Ave Suite 1, Gainesville, FL 32601",,http://opuscoffee.com/,4.6,158.0,$1–10,Open · Closes 6 PM,"""Open \u00b7 Closes 6\u202fPM""","{""tuesday"": ""7\u202fAM\u20136\u202fPM"", ""wednesday"": ""7\u202fAM\u20136\u202fPM"", ""thursday"": ""7\u202fAM\u20136\u202fPM"", ""friday"": ""7\u202fAM\u20136\u202fPM"", ""saturday"": ""7\u202fAM\u20136\u202fPM"", ""sunday"": ""7\u202fAM\u20136\u202fPM"", ""monday"": ""7\u202fAM\u20136\u202fPM""}","{""dine_in"": true, ""takeout"": true, ""delivery"": false}",,https://lh3.googleusercontent.com/gps-cs-s/APNQkAFd-6N3nfIIPtKV_Ew8EobuuAL04kILWtpYT-9WWAJVT8IjckNsph0cKLs6DO5QlTJBZJdFGmI1JlMag7_GYsS141-XEjeEUCvGdoiaRF6T1AgGixEJpp6-C4iKFujUhqxbtaLCAw=w1000-h1000-c-n,29.6504785,-82.3334473,0.3925,True,3
134130,University of Florida,coffee,ChIJ9-5ZSgCj6IgRF0HTQxulD0Y,0x88e8a3004a59eef7:0x460fa51b43d34117,The Third Place,Coffee shop,"[""Coffee shop"", ""Coworking space"", ""Lounge bar""]","60 SW 2nd St, Gainesville, FL 32601",,http://www.thirdplacegnv.com/,4.5,13.0,$1–10,Closed · Opens 10 AM Thu,"""Closed \u00b7 Opens 10\u202fAM Thu""","{""tuesday"": ""Closed"", ""wednesday"": ""Closed"", ""thursday"": ""10\u202fAM\u20134\u202fPM"", ""friday"": ""10\u202fAM\u20134\u202fPM"", ""saturday"": ""10\u202fAM\u20134\u202fPM"", ""sunday"": ""Closed"", ""monday"": ""Closed""}","{""dine_in"": true, ""curbside_pickup"": true, ""delivery"": false}",,https://lh3.googleusercontent.com/gps-cs-s/APNQkAHcpP0gn-jvtKWxij6GI1Ku6tQQINOjnIvY9t_T72Sivgo6tNw9Lf2xZbpjb_9oS1tX9xMHjTlb6pghVGpZV7isHjCHAKuPX_TRzDsRj6972hwS7MshagVdsux0f-NDHc7vZcgunw=w1000-h1000-c-n,29.6509738,-82.3267824,0.7931,True,3
134130,University of Florida,coffee,ChIJU66uvIWj6IgR_T3rKgn_tGY,0x88e8a385bcaeae53:0x66b4ff092aeb3dfd,Karma Cream,Coffee shop,"[""Coffee shop"", ""Breakfast restaurant"", ""Cafe"", ""Dessert shop"", ""Vegan restaurant""]","607 W University Ave, Gainesville, FL 32601",,http://www.karmacream.com/,4.6,1130.0,$10–20,Open · Closes 7 PM,"""Open \u00b7 Closes 7\u202fPM""","{""tuesday"": ""8\u202fAM\u20137\u202fPM"", ""wednesday"": ""8\u202fAM\u20137\u202fPM"", ""thursday"": ""8\u202fAM\u20137\u202fPM"", ""friday"": ""8\u202fAM\u20138\u202fPM"", ""saturday"": ""10\u202fAM\u20138\u202fPM"", ""sunday"": ""10\u202fAM\u20134\u202fPM"", ""monday"": ""8\u202fAM\u20137\u202fPM""}","{""dine_in"": true, ""curbside_pickup"": true, ""delivery"": false}",Vegan cafe serving coffee & ice cream. Counter-serve operation turning out organic coffee plus vegan sandwiches & ice cream.,https://lh3.googleusercontent.com/gps-cs-s/APNQkAH1CDXxGzN9JR7XmY7c8XCQOtA0PWShQOfJfNSZTbXtlHU0uDLR8zv5vMvMGv7Wr3Dvx9BfZp3x7VAFKXLVXUaRqnFofAhdhX5ynRD8PoULadKZb8931sIVsX_cpWEwf5o0OkVVTW3P8H6q=w1000-h1000-c-n,29.6519139,-82.33114619999999,0.5514,True,3
134130,University of Florida,coffee,ChIJidCpQp6j6IgRWzK2pZxhcyM,0x88e8a39e42a9d089:0x2373619ca5b6325b,Opus Coffee - UF Health Atrium,Coffee shop,"[""Coffee shop"", ""Cafe"", ""Internet cafe""]","University of Florida, 1600 SW Archer Rd, Gainesville, FL 32610",,http://opuscoffee.com/,4.3,122.0,$1–10,Open · Closes 5 PM,"""Open \u00b7 Closes 5\u202fPM""","{""tuesday"": ""6:20\u202fAM\u20135\u202fPM"", ""wednesday"": ""6:20\u202fAM\u20135\u202fPM"", ""thursday"": ""6:20\u202fAM\u20135\u202fPM"", ""friday"": ""6:20\u202fAM\u20135\u202fPM"", ""saturday"": ""7\u202fAM\u20134\u202fPM"", ""sunday"": ""7\u202fAM\u20131\u202fPM"", ""monday"": ""6:20\u202fAM\u20135\u202fPM""}","{""dine_in"": true, ""takeout"": true, ""delivery"": false}",,https://lh3.googleusercontent.com/gps-cs-s/APNQkAHgpoM2WXmKGmdWeHTpayTQn2-xFof7x1mui9hQQpIDyIPhXwzCeowKvAjRmkpGe3sV9VJj9YS6Ow5sK89A0qQ2w3jTLU2u7XB3s-z3N5HfmYtD0o6HdVvwOCiNhooZl9zxQlcr=w1000-h1000-c-n,29.6399303,-82.3435942,0.6925,True,3
134130,University of Florida,coffee,ChIJ03clhW-j6IgRXjG5RO8vbUc,0x88e8a36f852577d3:0x476d2fef44b9315e,7 Brew Coffee,Coffee shop,"[""Coffee shop""]","1593 SW 13th St, Gainesville, FL 32608",(479) 358-9274,https://7brew.com/,4.5,235.0,$1–10,Open · Closes 10 PM,"""Open \u00b7 Closes 10\u202fPM""","{""tuesday"": ""5:30\u202fAM\u201310\u202fPM"", ""wednesday"": ""5:30\u202fAM\u201310\u202fPM"", ""thursday"": ""5:30\u202fAM\u201310\u202fPM"", ""friday"": ""5:30\u202fAM\u201311\u202fPM"", ""saturday"": ""5:30\u202fAM\u201311\u202fPM"", ""sunday"": ""5:30\u202fAM\u201310\u202fPM"", ""monday"": ""5:30\u202fAM\u201310\u202fPM""}","{""dine_in"": true, ""drive_through"": true}",,https://lh3.googleusercontent.com/gps-cs-s/APNQkAEwxNOTQ8Y-zSUCRcajJTNxyf4FA3uQEVX1LyUPRqrY-VQecD7JKEfp9fkKiaL6nnIUDKZIguG_ksTFWPtqxwtEaHCzDNKtP0Tc-A5mVZ-hpAsTa9MknLejT7MDN5zhXohKbn3am52Mq3BZ=w1000-h1000-c-n,29.6365459,-82.33927299999999,0.8899,True,3
134130,University of Florida,coffee,ChIJd6ujXYyj6IgRTFvNsEK9Yf8,0x88e8a38c5da3ab77:0xff61bd42b0cd5b4c,Flaco's,Coffee shop,"[""Coffee shop"", ""Bakery"", ""Beer store"", ""Cuban restaurant"", ""Colombian restaurant"", ""Sandwich shop""]","200 W University Ave, Gainesville, FL 32601",(352) 371-2000,https://www.facebook.com/gainesvilleflacos/,4.5,1402.0,$10–20,Open · Closes 2:30 AM,"""Open \u00b7 Closes 2:30\u202fAM""","{""tuesday"": ""11\u202fAM\u20132:30\u202fAM"", ""wednesday"": ""11\u202fAM\u20132:30\u202fAM"", ""thursday"": ""11\u202fAM\u20132:30\u202fAM"", ""friday"": ""11\u202fAM\u20132:30\u202fAM"", ""saturday"": ""11\u202fAM\u20132:30\u202fAM"", ""sunday"": ""Closed"", ""monday"": ""Closed""}","{""dine_in"": true, ""curbside_pickup"": true, ""no_contact_delivery"": true}","Basic Cuban place with late-night hours. Cuban sandwiches, arepas, pastries & more served in an unpretentious counter-serve place open late.",https://lh3.googleusercontent.com/gps-cs-s/APNQkAFSvU7nr9zNG197f0-qbztloeeXmls95vD568hGSSLzPulVxEbCtq26k1ueZVP5m1Ebw2w_Miih3RFR5wRASQsFuG-0B_KJBNg-bdETGOoombGlvenYLzhV0vsJgiNzUHY-3YY=w1000-h1000-c-n,29.6521375,-82.3266788,0.814,True,3
134130,University of Florida,coffee,ChIJvRBbDoSj6IgRXvMpHLxx8_Q,0x88e8a3840e5b10bd:0xf4f371bc1c29f35e,Starbucks Coffee Company,Coffee shop,"[""Coffee shop"", ""Cafe"", ""Coffee store"", ""Espresso bar""]","203 NW 13th St, Gainesville, FL 32601",(352) 375-2775,https://www.starbucks.com/store-locator/store/1018495,4.4,241.0,$1–10,Open · Closes 10 PM,"""Open \u00b7 Closes 10\u202fPM""","{""tuesday"": ""7\u202fAM\u201310\u202fPM"", ""wednesday"": ""7\u202fAM\u201310\u202fPM"", ""thursday"": ""7\u202fAM\u201310\u202fPM"", ""friday"": ""7\u202fAM\u201310\u202fPM"", ""saturday"": ""7\u202fAM\u201310\u202fPM"", ""sunday"": ""7\u202fAM\u201310\u202fPM"", ""monday"": ""7\u202fAM\u201310\u202fPM""}","{""dine_in"": true, ""takeout"": true, ""delivery"": false}","Iconic coffeehouse chain. Welcoming coffeehouse with handcrafted coffee, espresso & tea, plus breakfast, lunch & pastries.",https://lh3.googleusercontent.com/gps-cs-s/APNQkAEyMUV8bUwt05m_2tPAXwz66nzYFaVOIJ24aX8hWqUc2hKoNFOYFujQZqqmroOIQIg99jn3mQL46t3fB8-8SM6qco3XusOGWfuT0W2IVmmmdkMYXNqcEsQaAwvwjhuNiqlAmuzEJA=w1000-h1000-c-n,29.65337,-82.33895,0.2788,True,3
134130,University of Florida,coffee,ChIJ7_ZotXSj6IgRwcIuWZQfK8I,0x88e8a374b568f6ef:0xc22b1f94592ec2c1,Opus Coffee - UF Health Medical Plaza,Coffee shop,"[""Coffee shop""]","2000 SW Archer Rd, Gainesville, FL 32610",,http://www.opuscoffee.com/,4.1,50.0,$1–10,Closes soon · 4 PM · Opens 7 AM Wed,"""Closes soon \u00b7 4\u202fPM \u00b7 Opens 7\u202fAM Wed""","{""tuesday"": ""7\u202fAM\u20134\u202fPM"", ""wednesday"": ""7\u202fAM\u20134\u202fPM"", ""thursday"": ""7\u202fAM\u20134\u202fPM"", ""friday"": ""7\u202fAM\u20134\u202fPM"", ""saturday"": ""Closed"", ""sunday"": ""Closed"", ""monday"": ""7\u202fAM\u20134\u202fPM""}","{""dine_in"": true, ""takeout"": true, ""delivery"": false}",,https://lh3.googleusercontent.com/gps-cs-s/APNQkAG0Er2dwMlh7947ztQ0qc68d6plpuD3ds3K4tYdErW5oGe6nyl1WmOjBkO74sejwVIcsmat6hErEgDOnNW5yztJT79VF4H2k44ImW2EnbF16RSCOrMmdULAE6KxM_aAC5HWUt4=w1000-h1000-c-n,29.637629,-82.349301,0.992,True,3
134130,University of Florida,coffee,ChIJ26NQOB-j6IgR1mR4ZpiKMZM,0x88e8a31f3850a3db:0x93318a98667864d6,Crescent Moon Coffee,Cafe,"[""Cafe""]","10 SW 2nd Ave, Gainesville, FL 32601",,,,,,,{},{},"{""dine_in"": true, ""delivery"": false}",,https://streetviewpixels-pa.googleapis.com/v1/thumbnail?panoid=bED0VNThc4WvvDt1-KTejA&cb_client=search.gws-prod.gps&w=80&h=92&yaw=42.35893&pitch=0&thumbfov=100,29.650438,-82.32523049999999,0.8817,True,3
134130,University of Florida,coffee,ChIJJ8i7cQKj6IgRdd7An-CJq0Y,0x88e8a30271bbc827:0x46ab89e09fc0de75,COFFEEBOTIC,Coffee shop,"[""Coffee shop"", ""Automation company""]","1604 W University Ave, Gainesville, FL 32603",(941) 348-6939,,,,,,{},{},"{""dine_in"": true}",,https://streetviewpixels-pa.googleapis.com/v1/thumbnail?panoid=ZENyWAwbA-oQMi8ghdoMSg&cb_client=search.gws-prod.gps&w=80&h=92&yaw=353.19055&pitch=0&thumbfov=100,29.6524196,-82.34347559999999,0.3001,True,3
134130,University of Florida,coffee,ChIJX9MUMo2j6IgR0QTtYZMk3ms,0x88e8a38d3214d35f:0x6bde249361ed04d1,Starbucks (Licensed) @ Union Street,Coffee shop,"[""Coffee shop"", ""Breakfast restaurant"", ""Cafe"", ""Coffee store"", ""Espresso bar"", ""Internet cafe"", ""Lunch restaurant"", ""Restaurant"", ""Tea store""]","201 SE 1st St Ste 107/108, Gainesville, FL 32601",(352) 451-4568,https://www.starbucks.com/store-locator/store/1031802/union-street-station-starbucks-201-se-first-st-gainesville-fl-32601-us,4.2,428.0,$1–10,Open · Closes 6 PM,"""Open \u00b7 Closes 6\u202fPM""","{""tuesday"": ""5\u202fAM\u20136\u202fPM"", ""wednesday"": ""5\u202fAM\u20136\u202fPM"", ""thursday"": ""5\u202fAM\u20136\u202fPM"", ""friday"": ""5\u202fAM\u20136\u202fPM"", ""saturday"": ""5\u202fAM\u20136\u202fPM"", ""sunday"": ""5\u202fAM\u20136\u202fPM"", ""monday"": ""5\u202fAM\u20136\u202fPM""}","{""dine_in"": true, ""takeout"": true, ""delivery"": true}","Iconic coffeehouse chain. Welcoming coffeehouse with handcrafted coffee, espresso & tea, plus breakfast, lunch & pastries.",https://lh3.googleusercontent.com/gps-cs-s/APNQkAFYCoT0obg_a84S9CikdDaHmFppZ-_xT9kqEzTpUBPsuZeI0mOhnCIF364AHhFEWr874i15_DZykO5CGYJRrUS2vb3r94nL57-AHA1h4a9kVyIc2eDlY8AGg9Bq6rie6yaGadthnQ=w1000-h1000-c-n,29.6497152,-82.3237948,0.9653,True,3
134130,University of Florida,coffee,ChIJDYCC-4Kj6IgRVH16Bai3Z0Q,0x88e8a382fb82800d:0x4467b7a8057a7d54,Starbucks Coffee Company,Coffee shop,"[""Coffee shop"", ""Cafe"", ""Coffee store"", ""Espresso bar""]","1545 W University Ave, Gainesville, FL 32603",(352) 392-3463,https://www.starbucks.com/store-locator/store/9857,3.8,136.0,$1–10,Open · Closes 5 PM,"""Open \u00b7 Closes 5\u202fPM""","{""tuesday"": ""8\u202fAM\u20135\u202fPM"", ""wednesday"": ""8\u202fAM\u20135\u202fPM"", ""thursday"": ""8\u202fAM\u20135\u202fPM"", ""friday"": ""8\u202fAM\u20135\u202fPM"", ""saturday"": ""10\u202fAM\u20136\u202fPM"", ""sunday"": ""10\u202fAM\u201312\u202fAM"", ""monday"": ""8\u202fAM\u20135\u202fPM""}","{""dine_in"": true, ""drive_through"": true, ""delivery"": false}","Iconic coffeehouse chain. Welcoming coffeehouse with handcrafted coffee, espresso & tea, plus breakfast, lunch & pastries.",https://lh3.googleusercontent.com/gps-cs-s/APNQkAErGaj5HxXidYaK7-c0PkaMQSufjbwL2hAt9tI5Jig3GG4mq2VNefJZKHWugp3ccVAv67GrRyULZCZRvS4rprU3bbz9ZXA-8RC8u17J4p_iyijef3poBAGBHN8V9fK-8JLFR58L=w1000-h1000-c-n,29.65121,-82.34289,0.2198,True,3
134130,University of Florida,coffee,ChIJQZKgh3aj6IgRhnFNJ6s3Qck,0x88e8a37687a09241:0xc94137ab274d7186,Starbucks Coffee Company,Coffee shop,"[""Coffee shop"", ""Cafe"", ""Coffee store"", ""Espresso bar""]","1600 SW Archer Rd, Gainesville, FL 32608",(352) 392-3463,https://www.starbucks.com/store-locator/store/20215,4.3,103.0,$1–10,Open · Closes 5 PM,"""Open \u00b7 Closes 5\u202fPM""","{""tuesday"": ""7:30\u202fAM\u20135\u202fPM"", ""wednesday"": ""7:30\u202fAM\u20135\u202fPM"", ""thursday"": ""7:30\u202fAM\u20135\u202fPM"", ""friday"": ""7:30\u202fAM\u20135\u202fPM"", ""saturday"": ""7:30\u202fAM\u20135\u202fPM"", ""sunday"": ""7:30\u202fAM\u20135\u202fPM"", ""monday"": ""7:30\u202fAM\u20135\u202fPM""}","{""dine_in"": true, ""drive_through"": true, ""delivery"": false}","Iconic coffeehouse chain. Welcoming coffeehouse with handcrafted coffee, espresso & tea, plus breakfast, lunch & pastries.",https://lh3.googleusercontent.com/gps-cs-s/APNQkAHEewvTUNoq4kxEvbwMr7iyJ4EMFr8kEmG5yCQHq1pEKC059JM2QlhcBPRAE8_sUZgRXpeTtl7W-x4UjuM0LXwIyoiIPQ6w2wXDkduzSG6BEvuzXIRAAY-0pZCNQS6dTQ4cQX7v=w1000-h1000-c-n,29.6399631,-82.3440213,0.6991,True,3
228778,The University of Texas at Austin,coffee,ChIJZfoTcuy1RIYRuMhexzgIBPo,0x8644b5ec7213fa65:0xfa040838c75ec8b8,Idlewild Coffee,Coffee shop,"[""Coffee shop""]","1400 Lavaca St, Austin, TX 78701",,http://idlewildcoffee.com/,4.8,87.0,$1–10,Closes soon · 3 PM · Opens 8 AM Wed,"""Closes soon \u00b7 3\u202fPM \u00b7 Opens 8\u202fAM Wed""","{""tuesday"": ""8\u202fAM\u20133\u202fPM"", ""wednesday"": ""8\u202fAM\u20133\u202fPM"", ""thursday"": ""8\u202fAM\u20133\u202fPM"", ""friday"": ""8\u202fAM\u20133\u202fPM"", ""saturday"": ""Closed"", ""sunday"": ""Closed"", ""monday"": ""8\u202fAM\u20133\u202fPM""}","{""dine_in"": true, ""curbside_pickup"": true, ""no_contact_delivery"": true}",,https://lh3.googleusercontent.com/gps-cs-s/APNQkAGQIeqcTg5r1OfuidUE-d5gl9FLZck9oj_SuYS0I5YFAe9lWuBklcHwVlsV3pDtFrHbChsDADtkCTUurdJc65EV9mNI-biRKlR-z5jfPTN9A0Y6SUzzl0o92ZXPK3YP_ayIPJ8=w1000-h1000-c-n,30.2769247,-97.7423811,0.6573,True,3
228778,The University of Texas at Austin,coffee,ChIJK1vgC3i1RIYRsSCz9uP0hkQ,0x8644b5780be05b2b:0x4486f4e3f6b320b1,Lucky Lab Coffee Co.,Coffee shop,"[""Coffee shop""]","2421 San Antonio St, Austin, TX 78705",(512) 420-6950,http://www.luckylabcoffee.com/,4.4,618.0,$10–20,Open · Closes 5 PM,"""Open \u00b7 Closes 5\u202fPM""","{""tuesday"": ""6:30\u202fAM\u20135\u202fPM"", ""wednesday"": ""6:30\u202fAM\u20135\u202fPM"", ""thursday"": ""6:30\u202fAM\u20135\u202fPM"", ""friday"": ""6:30\u202fAM\u20135\u202fPM"", ""saturday"": ""6:30\u202fAM\u20135\u202fPM"", ""sunday"": ""6:30\u202fAM\u20135\u202fPM"", ""monday"": ""6:30\u202fAM\u20135\u202fPM""}","{""dine_in"": true, ""takeout"": true, ""delivery"": true}",Shop with patio for handcrafted coffee. Spot for handcrafted coffee & iced beverages with pet-friendly outdoor patio & courtyard.,https://lh3.googleusercontent.com/gps-cs-s/APNQkAHjUUWOslgHdMwrAfyoBaBASkigSjBVxq95QYzRuAkIMTOtZcy1CLuqHPnTO4LcK49u8kdGlNyNTjf075uGoO3PwOhN-iBLQeY8Cm3ToXfRQgq197VW-6GDoi2lmwmXEUXf4_R4Qg=w1000-h1000-c-n,30.2885615,-97.7420686,0.2364,True,3
228778,The University of Texas at Austin,coffee,ChIJ92lEduy1RIYRRXWlV1r_mxg,0x8644b5ec764469f7:0x189bff5a57a57545,LazyDaze,Coffee shop,"[""Coffee shop"", ""Cafe""]","3101 Speedway, Austin, TX 78705",(512) 305-3464,https://www.lazydazeshop.com/,4.8,50.0,$10–20,Open · Closes 10 PM,"""Open \u00b7 Closes 10\u202fPM""","{""tuesday"": ""8\u202fAM\u201310\u202fPM"", ""wednesday"": ""8\u202fAM\u201310\u202fPM"", ""thursday"": ""8\u202fAM\u201310\u202fPM"", ""friday"": ""8\u202fAM\u201310\u202fPM"", ""saturday"": ""8\u202fAM\u201310\u202fPM"", ""sunday"": ""8\u202fAM\u201310\u202fPM"", ""monday"": ""8\u202fAM\u201310\u202fPM""}","{""dine_in"": true, ""curbside_pickup"": true, ""no_contact_delivery"": true}",,https://lh3.googleusercontent.com/gps-cs-s/APNQkAFzcu4VST8LYYKnmRgCc2Hzn2Hr8U4FF5iThzhkC3D3ZFFACW-qWpeEuCljTBpWi5LMXKbss8HMN58QCC-uI18zmMcKLMzaSI9S6tbPLS3C6cEuZ8ZGG6LE9dOCeraM84sz61KjpRVVZT8=w1000-h1000-c-n,30.2953381,-97.7365673,0.6615,True,3
228778,The University of Texas at Austin,coffee,ChIJYT7kOnO1RIYRmSNPwVvF1Sw,0x8644b5733ae43e61:0x2cd5c55bc14f2399,Idlewild Coffee,Coffee shop,"[""Coffee shop"", ""Coffee roastery""]","824 W 12th St, Austin, TX 78701",(512) 804-0472,https://www.idlewildcoffee.com/,4.8,286.0,$1–10,Open · Closes 6 PM,"""Open \u00b7 Closes 6\u202fPM""","{""tuesday"": ""8\u202fAM\u20136\u202fPM"", ""wednesday"": ""8\u202fAM\u20136\u202fPM"", ""thursday"": ""8\u202fAM\u20136\u202fPM"", ""friday"": ""8\u202fAM\u20136\u202fPM"", ""saturday"": ""8\u202fAM\u20136\u202fPM"", ""sunday"": ""8\u202fAM\u20136\u202fPM"", ""monday"": ""8\u202fAM\u20136\u202fPM""}","{""dine_in"": true, ""takeout"": true, ""delivery"": false}",,https://lh3.googleusercontent.com/gps-cs-s/APNQkAFpDyzGhbAojsUmERKCaOskrHTbrI96PGXBuVB8GVa3cboV5wXqTvcsjKzsRNvE-OGcuA61MTbx5ue0zW41JIwUuH5LQUzfCmD0JtmgIrSeks6ZY2cSoBPRPPtIo4Vs7u6DJCoRLw=w1000-h1000-c-n,30.2766549,-97.7493944,0.8845,True,3
228778,The University of Texas at Austin,coffee,ChIJkQFudYq1RIYRbtPbPDTu2js,0x8644b58a756e0191:0x3bdaee343cdbd36e,Brother Friend Coffee at Pease,Coffee shop,"[""Coffee shop""]","1100 Kingsbury St, Austin, TX 78703",(901) 590-8500,https://brotherfriend.com/pages/coffee-at-pease-park?srsltid=AfmBOoqIjhN38nQ-GAAzdKjwAow73bnYu_0zbjPSSFUijovNAVfj1A0Y,5.0,21.0,$1–10,Closed · Opens 9 AM Wed,"""Closed \u00b7 Opens 9\u202fAM Wed""","{""tuesday"": ""Closed"", ""wednesday"": ""9\u202fAM\u20132\u202fPM"", ""thursday"": ""9\u202fAM\u20132\u202fPM"", ""friday"": ""9\u202fAM\u20132\u202fPM"", ""saturday"": ""9\u202fAM\u20132\u202fPM"", ""sunday"": ""9\u202fAM\u20132\u202fPM"", ""monday"": ""Closed""}","{""dine_in"": true, ""takeout"": true, ""delivery"": false}",,https://lh3.googleusercontent.com/gps-cs-s/APNQkAFoCJZS26oTepQWHDC4VePGbP5TOHOmBr95KMx7hS-UO0I2HzFkXjW987BOXV1hFahbRQEpOe5B6BfQ7QiHSxDLtBIEtSS1f1J5wr7LatGP1LZaJ-ZGVGpvfXBT6ChGIs2tzAyDzU_dmbI=w1000-h1000-c-n,30.2822538,-97.7527041,0.8392,True,3
139755,Georgia Institute of Technology-Main Campus,coffee,ChIJsZEJ9mcE9YgRDTcnhgVcVaI,0x88f50467f60991b1:0xa2555c058627370d,Dancing Goats Midtown,Coffee shop,"[""Coffee shop"", ""Cafe"", ""Coffee store""]","33 Peachtree Pl NE, Atlanta, GA 30309",(404) 600-6547,https://www.dancinggoats.com/pages/the-dancing-goats-coffee-bar-midtown,4.5,1014.0,$1–10,Open · Closes 7 PM,"""Open \u00b7 Closes 7\u202fPM""","{""tuesday"": ""6:30\u202fAM\u20137\u202fPM"", ""wednesday"": ""6:30\u202fAM\u20137\u202fPM"", ""thursday"": ""6:30\u202fAM\u20137\u202fPM"", ""friday"": ""6:30\u202fAM\u20137\u202fPM"", ""saturday"": ""7\u202fAM\u20137\u202fPM"", ""sunday"": ""7\u202fAM\u20137\u202fPM"", ""monday"": ""6:30\u202fAM\u20137\u202fPM""}","{""dine_in"": true, ""takeout"": true}","Hip coffeehouse in a modern setting. Cool cafe with espresso, single-origin coffee & more inside a sleek, contemporary space.",https://lh3.googleusercontent.com/gps-cs-s/APNQkAG4Ul3k7ir8iNRjyZ9KXkqdEYu-b3uMQjhd8tKrxqrUD6kBTLbvlmQQmsvJVVhkVl_caQ7DGKCJcb2bGQILNl8-z3MwJL_BHkkdUA_SMH4vd3OdctS0vtftZ9mC2rNLWKdWL7L3Ow=w1000-h1000-c-n,33.7804277,-84.3868304,0.7159,True,3
139755,Georgia Institute of Technology-Main Campus,coffee,ChIJT9zIslIF9YgRDkyUb3OQd_Q,0x88f50552b2c8dc4f:0xf47790736f944c0e,Daydreamer Coffee,Coffee shop,"[""Coffee shop""]","859 Spring St NW, Atlanta, GA 30308",,https://www.daydreamer.coffee/,4.3,154.0,$1–10,Closed · Opens 8 AM Wed,"""Closed \u00b7 Opens 8\u202fAM Wed""","{""tuesday"": ""8\u202fAM\u20132\u202fPM"", ""wednesday"": ""8\u202fAM\u20132\u202fPM"", ""thursday"": ""8\u202fAM\u20132\u202fPM"", ""friday"": ""8\u202fAM\u20132\u202fPM"", ""saturday"": ""8\u202fAM\u20132\u202fPM"", ""sunday"": ""8\u202fAM\u20132\u202fPM"", ""monday"": ""8\u202fAM\u20132\u202fPM""}","{""dine_in"": true, ""takeout"": true, ""delivery"": false}",,https://lh3.googleusercontent.com/gps-cs-s/APNQkAGirl7VZtbP2UxdMw4Do1UOdsYgqNCQwQlSCp-JDDH-7q0BIL5MPY3EsNfUaiRWHrg_3ni6y782eDzmJN1g9Z-4cJhqidHuZ7Kory6C8Jrwk5GA0fGL0i-KTs8sIbIV57YzSMfwf3gYyNE=w1000-h1000-c-n,33.7781484,-84.3885975,0.5295,True,3
139755,Georgia Institute of Technology-Main Campus,coffee,ChIJIx1Jh9IF9YgR8Cj4pueHI-Y,0x88f505d287491d23:0xe62387e7a6f828f0,San Francisco Coffee Roasting Company: Gold & Bold,Coffee shop,"[""Coffee shop""]","Gold & Bold, 315 Ferst Dr NW Suite 1, Atlanta, GA 30332",,https://www.sanfranciscocoffeeroastingco.com/,4.5,35.0,$10–20,Closes soon · 4 PM · Opens 8 AM Wed,"""Closes soon \u00b7 4\u202fPM \u00b7 Opens 8\u202fAM Wed""","{""tuesday"": ""8\u202fAM\u20134\u202fPM"", ""wednesday"": ""8\u202fAM\u20134\u202fPM"", ""thursday"": ""8\u202fAM\u20134\u202fPM"", ""friday"": ""8\u202fAM\u20134\u202fPM"", ""saturday"": ""Closed"", ""sunday"": ""Closed"", ""monday"": ""8\u202fAM\u20134\u202fPM""}","{""dine_in"": true, ""takeout"": true, ""delivery"": false}",,https://lh3.googleusercontent.com/gps-cs-s/APNQkAHM4EZJUPUTimDnY8N1moiGj3ir7bcdCrwmOZhyEZM_TgXO4Yps9dEpHA4Ofah_RyM2tTbnHSJM6EjE7aUwhWErOnfj-fLVSW7fg5JnZAw85OLhkvEsxkadjZTWuTdFM_OlCO_-bQ=w1000-h1000-c-n,33.7808213,-84.39840559999999,0.6367,True,3
139755,Georgia Institute of Technology-Main Campus,coffee,ChIJZ5k4OW8E9YgROS1uk1fIHfE,0x88f5046f39389967:0xf11dc857936e2d39,Land of a Thousand Hills Coffee,Coffee shop,"[""Coffee shop"", ""Bakery"", ""Cafe"", ""Coffee wholesaler""]","715 Peachtree St NE #101, Atlanta, GA 30308",,https://landofathousandhills.com/,4.4,307.0,$1–10,Open · Closes 5 PM,"""Open \u00b7 Closes 5\u202fPM""","{""tuesday"": ""7\u202fAM\u20135\u202fPM"", ""wednesday"": ""7\u202fAM\u20135\u202fPM"", ""thursday"": ""7\u202fAM\u20135\u202fPM"", ""friday"": ""7\u202fAM\u20135\u202fPM"", ""saturday"": ""8\u202fAM\u20132\u202fPM"", ""sunday"": ""8\u202fAM\u20132\u202fPM"", ""monday"": ""7\u202fAM\u20135\u202fPM""}","{""dine_in"": true, ""takeout"": true, ""delivery"": false}",,https://lh3.googleusercontent.com/gps-cs-s/APNQkAFLKmFQhqraXKvmM9PJXRiFRrCrbo5q-Af6S-27lnwD0qnrfu2yEwfNTVCLWGUIz1UfhFnkA-4pbho7EHBRaV1n8dRdH3dKY1siU2WN_L8WYcbr4J6m-drzgjrgyoA_k9ndt2TzTQ=w1000-h1000-c-n,33.7740592,-84.3844903,0.5852,True,3
139755,Georgia Institute of Technology-Main Campus,coffee,ChIJJ4zk1kkF9YgRTQADNYRtTn0,0x88f50549d6e48c27:0x7d4e6d843503004d,Illy Coffee Bar at Rowdy Tiger,Coffee shop,"[""Coffee shop""]","866 W Peachtree St NW, Atlanta, GA 30308",(678) 412-2402,https://www.rowdytigeratlanta.com/,5.0,1.0,,Closed · Opens 6:30 AM Wed,"""Closed \u00b7 Opens 6:30\u202fAM Wed""","{""tuesday"": ""6:30\u202fAM\u20133\u202fPM"", ""wednesday"": ""6:30\u202fAM\u20133\u202fPM"", ""thursday"": ""6:30\u202fAM\u20133\u202fPM"", ""friday"": ""6:30\u202fAM\u20133\u202fPM"", ""saturday"": ""7\u202fAM\u20133\u202fPM"", ""sunday"": ""7\u202fAM\u20133\u202fPM"", ""monday"": ""6:30\u202fAM\u20133\u202fPM""}","{""dine_in"": true, ""takeout"": true, ""delivery"": false}",,https://lh3.googleusercontent.com/gps-cs-s/APNQkAFXsg8rHWk7SkuT7oWP4zNwIUlserv9ljQ2kYBV2ZiGTgGANNEfpIu6AXpXvkVumBbFlTrsfkuyY8lnOrCbh0XcuUZ71msWXaHtx5oR0ylMWXaxAEbvPrGdd0lf-Lp625tSxhSakx-WXD-S=w1000-h1000-c-n,33.7782431,-84.3882896,0.5458,True,3
193900,New York University,coffee,ChIJD7LwAXpZwokR_qmGocyhRJQ,0x89c2597a01f0b20f:0x9444a1cca186a9fe,787 Coffee,Coffee shop,"[""Coffee shop"", ""Cafe""]","101 2nd Ave, New York, NY 10003",(646) 838-9890,https://www.787coffee.com/,4.9,2821.0,$1–10,Open · Closes 6 PM,"""Open \u00b7 Closes 6\u202fPM""","{""tuesday"": ""7:30\u202fAM\u20136\u202fPM"", ""wednesday"": ""7:30\u202fAM\u20136\u202fPM"", ""thursday"": ""7:30\u202fAM\u20136\u202fPM"", ""friday"": ""7:30\u202fAM\u20136\u202fPM"", ""saturday"": ""7:30\u202fAM\u20136\u202fPM"", ""sunday"": ""7:30\u202fAM\u20136\u202fPM"", ""monday"": ""7:30\u202fAM\u20136\u202fPM""}","{""dine_in"": true, ""takeout"": true, ""delivery"": true}",,https://lh3.googleusercontent.com/gps-cs-s/APNQkAEF78rPnQ9h1bRUNaaVJXiV2zbO9poXnMG4SPpSu30bqDIEP0weYUkp6xqRrbaaYXixsB2G_GRzin8-7lce8atsNBm4GNEJZ_a0SpgRsOMM9dOw5D-DZL7Jwi3WRNTFR38GVhdo=w1000-h1000-c-n,40.7274023,-73.98884079999999,0.4604,True,3
193900,New York University,coffee,ChIJs88PkWVZwokR2jF02LIXkw0,0x89c25965910fcfb3:0xd9317b2d87431da,787 Coffee,Coffee shop,"[""Coffee shop""]","310 W 14th St, New York, NY 10014",(646) 649-3538,http://www.787coffee.com/,4.9,3756.0,$10–20,Open · Closes 7 PM,"""Open \u00b7 Closes 7\u202fPM""","{""tuesday"": ""7\u202fAM\u20137\u202fPM"", ""wednesday"": ""7\u202fAM\u20137\u202fPM"", ""thursday"": ""7\u202fAM\u20137\u202fPM"", ""friday"": ""7\u202fAM\u20137\u202fPM"", ""saturday"": ""7\u202fAM\u20137\u202fPM"", ""sunday"": ""7\u202fAM\u20137\u202fPM"", ""monday"": ""7\u202fAM\u20137\u202fPM""}","{""dine_in"": true, ""takeout"": true, ""delivery"": false}",,https://lh3.googleusercontent.com/gps-cs-s/APNQkAHoQi880qg4xiKP06VrPYhkNSE3_amftrrXJkEMdjSQ0EK3gGVdM9UvhD868q3iETiBaKRFPY6M0G1Oa_ggtwAYYHJwGCImWuRQbOlmJPUmKNGqCXhgzEuh2YH1YDPQOGVK70tB=w1000-h1000-c-n,40.7399113,-74.003287,0.7909,True,3
193900,New York University,coffee,ChIJcQM_C4FZwokR0xEGxV7HeVM,0x89c259810b3f0371:0x5379c75ec50611d3,Now or Never Coffee,Coffee shop,"[""Coffee shop""]","30 Grand St, New York, NY 10013",(347) 556-8312,http://nowornevercoffee.com/,4.6,415.0,$1–20,Closes soon · 4 PM · Opens 8 AM Wed,"""Closes soon \u00b7 4\u202fPM \u00b7 Opens 8\u202fAM Wed""","{""tuesday"": ""8\u202fAM\u20134\u202fPM"", ""wednesday"": ""8\u202fAM\u20134\u202fPM"", ""thursday"": ""8\u202fAM\u20134\u202fPM"", ""friday"": ""8\u202fAM\u20134\u202fPM"", ""saturday"": ""8\u202fAM\u20134\u202fPM"", ""sunday"": ""8\u202fAM\u20134\u202fPM"", ""monday"": ""8\u202fAM\u20134\u202fPM""}","{""dine_in"": true, ""takeout"": true, ""delivery"": true}","Chill locale for breakfast & coffee. Easygoing, industrial-style coffee shop supplying breakfast bites, coffee & specialty drinks.",https://lh3.googleusercontent.com/gps-cs-s/APNQkAEAPiTHd1zEr4Wc2kzDZY2X4-yv_X8XjQ6sAI9rApf35vNDsRBq56HEcA3txN8QMUejs0t-HWNG4FZeKhGgPQzbCX8ClvpVVxcWoeGZK7-Wr18nhg92EOumSCyj2jIqCbqoAH2D=w1000-h1000-c-n,40.7229055,-74.0045789,0.5931,True,3
193900,New York University,coffee,ChIJ7c9s1JZZwokRs_zFHYCtNDA,0x89c25996d46ccfed:0x3034ad801dc5fcb3,Stumptown Coffee Roasters,Coffee shop,"[""Coffee shop"", ""Cafe"", ""Coffee store"", ""Tea store""]","30 W 8th St, New York, NY 10011",(347) 414-7802,https://www.stumptowncoffee.com/pages/new-york-greenwich-village-cafe,4.4,1467.0,$1–10,Open · Closes 7 PM,"""Open \u00b7 Closes 7\u202fPM""","{""tuesday"": ""6:30\u202fAM\u20137\u202fPM"", ""wednesday"": ""6:30\u202fAM\u20137\u202fPM"", ""thursday"": ""6:30\u202fAM\u20137\u202fPM"", ""friday"": ""6:30\u202fAM\u20137\u202fPM"", ""saturday"": ""7\u202fAM\u20137\u202fPM"", ""sunday"": ""7\u202fAM\u20137\u202fPM"", ""monday"": ""6:30\u202fAM\u20137\u202fPM""}","{""dine_in"": true, ""takeout"": true, ""delivery"": false}","Coffee bar serving direct-trade java. Coffee bar chain offering house-roasted direct-trade coffee, along with brewing gear & whole beans",https://lh3.googleusercontent.com/gps-cs-s/APNQkAGE_O5clL1y1EWHM_kG4pgLfV9GyEpelZ5-0Gj88G6kdAtwIHcQvVoX13CmxO8QC6NnVl8xlIWeHnpCgFR4eoUWaX_OBfDXTHT0f0J08PlwhAN2Is_mA2z9diZlph51HfOZfjNl=w1000-h1000-c-n,40.7328275,-73.9979664,0.2381,True,3
193900,New York University,coffee,ChIJR6rSfzdbwokRqxjfFh0tj4I,0x89c25b377fd2aa47:0x828f2d1d16df18ab,787 Coffee,Coffee shop,"[""Coffee shop""]","93 Worth St, New York, NY 10013",(917) 444-1196,http://www.787coffee.com/,4.9,3661.0,$10–20,Open · Closes 6:30 PM,"""Open \u00b7 Closes 6:30\u202fPM""","{""tuesday"": ""7:30\u202fAM\u20136:30\u202fPM"", ""wednesday"": ""7:30\u202fAM\u20136:30\u202fPM"", ""thursday"": ""7:30\u202fAM\u20136:30\u202fPM"", ""friday"": ""7:30\u202fAM\u20136:30\u202fPM"", ""saturday"": ""7:30\u202fAM\u20136:30\u202fPM"", ""sunday"": ""7:30\u202fAM\u20136:30\u202fPM"", ""monday"": ""7:30\u202fAM\u20136:30\u202fPM""}","{""dine_in"": true, ""takeout"": true, ""delivery"": true}",,https://lh3.googleusercontent.com/gps-cs-s/APNQkAH_-GkXKhNI3ZBgCkY4JRBL4ooDWbR8lMbX7jNHiF7vIm_MJi4vN2FqoEZTFpeKGpzrdnQHAAVN6wuwd6TBzCTICFlh9c5Tpt_UDmZ1gCQtmKV27l5uNydh6Wl3CTFg_aheqk_TCyRbFgPn=w1000-h1000-c-n,40.7165872,-74.00480639999999,0.9722,True,3
193900,New York University,coffee,ChIJoZLve8JZwokRiI2HC6SgXpY,0x89c259c27bef92a1:0x965ea0a40b878d88,787 Coffee,Coffee shop,"[""Coffee shop"", ""Cafe"", ""Coffee roastery"", ""Coffee stand"", ""Coffee store"", ""Internet cafe"", ""Tea house""]","131 E 7th St, New York, NY 10009",(646) 649-2774,http://787coffee.com/,4.9,3332.0,$1–10,Open · Closes 7 PM,"""Open \u00b7 Closes 7\u202fPM""","{""tuesday"": ""7\u202fAM\u20137\u202fPM"", ""wednesday"": ""7\u202fAM\u20137\u202fPM"", ""thursday"": ""7\u202fAM\u20137\u202fPM"", ""friday"": ""7\u202fAM\u20137\u202fPM"", ""saturday"": ""7\u202fAM\u20137\u202fPM"", ""sunday"": ""7\u202fAM\u20137\u202fPM"", ""monday"": ""7\u202fAM\u20137\u202fPM""}","{""dine_in"": true, ""takeout"": true}","Farm to cup coffee experience. Beans grown, processed, and roasted on one farm in Puerto Rico are served at this hip coffee shop.",https://lh3.googleusercontent.com/gps-cs-s/APNQkAHokBQc1UHaXpPSleJLpRz49lC0JgPV_C5WFSX4-ESV5mvZ2_AYz9YJAaNB8IUcb_gmUknetvJYf59GlTu94LXQan9A-ZXeoMqhZctk6Nbki_YiAuDGzW9qHlTzX1iK4TpGknXF1g=w1000-h1000-c-n,40.7263237,-73.9838523,0.732,True,3
193900,New York University,coffee,ChIJ748f5D9ZwokRNXAVDq2Zzr0,0x89c2593fe41f8fef:0xbdce99ad0e157035,Haraz Coffee House,Coffee shop,"[""Coffee shop""]","210 Spring St, New York, NY 10012",(347) 917-4815,http://harazcoffeehouse.com/,4.6,683.0,$10–20,Open · Closes 12 AM,"""Open \u00b7 Closes 12\u202fAM""","{""tuesday"": ""8\u202fAM\u201312\u202fAM"", ""wednesday"": ""8\u202fAM\u201312\u202fAM"", ""thursday"": ""8\u202fAM\u201312\u202fAM"", ""friday"": ""8\u202fAM\u20131\u202fAM"", ""saturday"": ""8\u202fAM\u20131\u202fAM"", ""sunday"": ""8\u202fAM\u201312\u202fAM"", ""monday"": ""8\u202fAM\u201312\u202fAM""}","{""dine_in"": true, ""takeout"": true, ""no_contact_delivery"": true}",,https://lh3.googleusercontent.com/gps-cs-s/APNQkAHpJt7kjdff6AijMlc2NjaPjxQt4IwArUF9XbC0Y9o2O1V3OuMoUmZxWb0pWVK_l5cJHW2RohRxkSsmU9Sex1Ae0Zi8J8UyU0yOsm0RNSS7JHQ_gl7T4zE_gxISo_i1lsmzAFLpjNrmU3TT=w1000-h1000-c-n,40.7253393,-74.00377759999999,0.4448,True,3
193900,New York University,coffee,ChIJv6INkhtZwokR5Ol7iuc6TJc,0x89c2591b920da2bf:0x974c3ae78a7be9e4,Urban Backyard,Coffee shop,"[""Coffee shop""]","180 Mulberry St, New York, NY 10012",(646) 692-9957,http://www.urbanbackyardnyc.com/,4.8,730.0,$1–10,Open · Closes 6 PM,"""Open \u00b7 Closes 6\u202fPM""","{""tuesday"": ""7:30\u202fAM\u20136\u202fPM"", ""wednesday"": ""7:30\u202fAM\u20136\u202fPM"", ""thursday"": ""7:30\u202fAM\u20136\u202fPM"", ""friday"": ""7:30\u202fAM\u20136\u202fPM"", ""saturday"": ""8:30\u202fAM\u20137\u202fPM"", ""sunday"": ""8:30\u202fAM\u20137\u202fPM"", ""monday"": ""7:30\u202fAM\u20136\u202fPM""}","{""dine_in"": true, ""takeout"": true}","All-day coffee shop and café. Café with classic drinks and ornamental cupcakes in a verdant, rustic space.",https://lh3.googleusercontent.com/gps-cs-s/APNQkAEuCf6Uqx_RZgo1YKl5rCWvP4zR0YUkFuywDAJ1jdyFP7L8EFnvNOEFkqwc6rk2krosnQBIVeQz-WTq0KlcqXOAzhyzPj1Hyt9n86opgZktwGxV71Wcm3mLViVgjb1MJmT7POSZ5w=w1000-h1000-c-n,40.7208064,-73.9966015,0.5966,True,3
193900,New York University,coffee,ChIJt-lHueVZwokRQNSX5Vidm4M,0x89c259e5b947e9b7:0x839b9d58e597d440,Blue Bottle Coffee,Coffee shop,"[""Coffee shop"", ""Cafe""]","396 Broadway, New York, NY 10013",(510) 661-3510,https://bluebottlecoffee.com/us/eng/new-york-cafes?utm_source=google&utm_medium=organic&utm_campaign=cafe_business_listing_NY,4.3,474.0,$10–20,Open · Closes 6:30 PM,"""Open \u00b7 Closes 6:30\u202fPM""","{""tuesday"": ""6:30\u202fAM\u20136:30\u202fPM"", ""wednesday"": ""6:30\u202fAM\u20136:30\u202fPM"", ""thursday"": ""6:30\u202fAM\u20136:30\u202fPM"", ""friday"": ""6:30\u202fAM\u20136:30\u202fPM"", ""saturday"": ""6:30\u202fAM\u20136:30\u202fPM"", ""sunday"": ""6:30\u202fAM\u20136:30\u202fPM"", ""monday"": ""6:30\u202fAM\u20136:30\u202fPM""}","{""dine_in"": true, ""takeout"": true, ""delivery"": true}","Hip cafe for gourmet coffee & pastries. Trendy cafe chain offering upscale coffee drinks & pastries, plus beans & brewing equipment.",https://lh3.googleusercontent.com/gps-proxy/ALd4DhFUPQy9p2QUgm326Y7_RMliZXpHTpOGfJPv0Zna4NefQm2_V_EBvCJ-35fpE3YwQGYC1_rU37BcxxAHUDVqIALRspnbPTCXMQM-ZcR5jeevy7KLDQ5qRX01jfgOpJsbiGEPSxZym2pd3T-EkXnefZVoV6SgypSDIPCffuIWGySyUY_D0wtsWG2f=w1000-h1000-c-n,40.7184835,-74.002449,0.8043,True,3
193900,New York University,coffee,ChIJZ77sUzxbwokR_tqJzDm3zDs,0x89c25b3c53ecbe67:0x3bccb739cc89dafe,Koré Coffee,Coffee shop,"[""Coffee shop""]","26A Elizabeth St, New York, NY 10013",(929) 257-1255,http://korecoffee.nyc/,4.7,568.0,$1–10,Open · Closes 6 PM,"""Open \u00b7 Closes 6\u202fPM""","{""tuesday"": ""8\u202fAM\u20136\u202fPM"", ""wednesday"": ""8\u202fAM\u20136\u202fPM"", ""thursday"": ""8\u202fAM\u20136\u202fPM"", ""friday"": ""8\u202fAM\u20137\u202fPM"", ""saturday"": ""8\u202fAM\u20137\u202fPM"", ""sunday"": ""8\u202fAM\u20136\u202fPM"", ""monday"": ""8\u202fAM\u20136\u202fPM""}","{""dine_in"": true, ""takeout"": true, ""delivery"": false}",,https://lh3.googleusercontent.com/gps-cs-s/APNQkAEyo7OzPVrQqHUMinb-3dFK26fdd3UpUQg7Rla9RZTl9h9e_ABbg6unYyMV1ywGsqn-GAfRlaXE8emn9TlD5UWrNGIWwhLiUCSQ2jHjgqxaH9GRVPjWZeTa4s5svpYSInC0TbUOuw=w1000-h1000-c-n,40.7161808,-73.9970865,0.9154,True,3
193900,New York University,coffee,ChIJi7gKOIlbwokRoPYLopZaSwI,0x89c25b89380ab88b:0x24b5a96a20bf6a0,Sawada Coffee,Coffee shop,"[""Coffee shop""]","33 Cortlandt Alley, New York, NY 10013",(646) 217-0331,https://sawadacoffee.order.online/store/sawada-coffee-chicago-184190/?hideModal=true&pickup=true,4.6,234.0,$1–10,Closes soon · 4 PM · Opens 8 AM Wed,"""Closes soon \u00b7 4\u202fPM \u00b7 Opens 8\u202fAM Wed""","{""tuesday"": ""8\u202fAM\u20134\u202fPM"", ""wednesday"": ""8\u202fAM\u20134\u202fPM"", ""thursday"": ""8\u202fAM\u20134\u202fPM"", ""friday"": ""8\u202fAM\u20134\u202fPM"", ""saturday"": ""8\u202fAM\u20134\u202fPM"", ""sunday"": ""8\u202fAM\u20134\u202fPM"", ""monday"": ""8\u202fAM\u20134\u202fPM""}","{""dine_in"": true, ""takeout"": true, ""delivery"": true}",Hip cafe with espresso & matcha drinks. Chill coffeehouse with reclaimed wood & artful accents serving espresso- & matcha-based beverages.,https://lh3.googleusercontent.com/gps-cs-s/APNQkAHlcWD_chdhkmtKZKOXhCuhQtB0-NnUpmtbtv_pniy1-H5xyDOk0M0Wwk5WIhcjvdM3p0UF-BT5l9xJ9hRhftDpY0qQ5wi2--Y_vdDcT4RNv40DZYVKXlPQvAPccPxunZ4p9LHN=w1000-h1000-c-n,40.7181205,-74.00179419999999,0.8173,True,3
193900,New York University,coffee,ChIJMXRqFABbwokROtpA2HMbqL8,0x89c25b00146a7431:0xbfa81b73d840da3a,Derby Cup Coffee,Coffee shop,"[""Coffee shop""]","37 Elizabeth St, New York, NY 10013",,http://www.derbycupcoffee.com/,4.6,57.0,$1–10,Open · Closes 7 PM,"""Open \u00b7 Closes 7\u202fPM""","{""tuesday"": ""8\u202fAM\u20137\u202fPM"", ""wednesday"": ""8\u202fAM\u20137\u202fPM"", ""thursday"": ""8\u202fAM\u20137\u202fPM"", ""friday"": ""8\u202fAM\u20137\u202fPM"", ""saturday"": ""8\u202fAM\u20137\u202fPM"", ""sunday"": ""8\u202fAM\u20137\u202fPM"", ""monday"": ""8\u202fAM\u20137\u202fPM""}","{""dine_in"": true, ""takeout"": true}",,https://lh3.googleusercontent.com/gps-cs-s/APNQkAH4CgKxRpPZzReBNRznIJuCNKsKATfcLoi13yLbBTiUx-hZJl8OYNIF3yfOSYM8WxbbZ72W82x8lEbOGXiV0QIrMYtU77hDN6ynAHFNGFa4PrNwEts4c3vYJ7KxDFt4CQPEk_Vv_Xjtq9vd=w1000-h1000-c-n,40.7168275,-73.99692619999999,0.8708,True,3
193900,New York University,coffee,ChIJX47aWG1ZwokRIjKlhi5fcGI,0x89c2596d58da8e5f:0x62705f2e86a53222,Alden's Coffee,Coffee shop,"[""Coffee shop"", ""Cafe"", ""Coffee store""]","8 Spring St, New York, NY 10012",(646) 360-4859,https://aldenscoffee.com/,4.8,82.0,$1–10,Open · Closes 6 PM,"""Open \u00b7 Closes 6\u202fPM""","{""tuesday"": ""7\u202fAM\u20136\u202fPM"", ""wednesday"": ""7\u202fAM\u20136\u202fPM"", ""thursday"": ""7\u202fAM\u20136\u202fPM"", ""friday"": ""7\u202fAM\u20136\u202fPM"", ""saturday"": ""7\u202fAM\u20136\u202fPM"", ""sunday"": ""7\u202fAM\u20136\u202fPM"", ""monday"": ""7\u202fAM\u20136\u202fPM""}","{""onsite_services"": true, ""takeout"": true}",,https://lh3.googleusercontent.com/gps-cs-s/APNQkAGoMUGn6Ni-mAVlIRmbOs5e1ejwiMjIZEoksry0Z-v7n3wTjFUQGITu6skNsAPF5BpFbya6zSyM4mDar6jGiXAMaG2rbtOMeepH6rRNBGafzoAL2ARafsvYZpFM1NSQXqfAeBPq=w1000-h1000-c-n,40.7210001,-73.99450379999999,0.5995,True,3
193900,New York University,coffee,ChIJy5JIfwBZwokRax0td9_LgoA,0x89c259007f4892cb:0x8082cbdf772d1d6b,Manjul Coffee & Clothing,Coffee shop,"[""Coffee shop"", ""Clothing store""]","31 Howard St, New York, NY 10013",,https://manjul.co/,4.5,234.0,$10–20,Open · Closes 6 PM,"""Open \u00b7 Closes 6\u202fPM""","{""tuesday"": ""7\u202fAM\u20136\u202fPM"", ""wednesday"": ""7\u202fAM\u20136\u202fPM"", ""thursday"": ""7\u202fAM\u20136\u202fPM"", ""friday"": ""7\u202fAM\u20136\u202fPM"", ""saturday"": ""8\u202fAM\u20136\u202fPM"", ""sunday"": ""8\u202fAM\u20136\u202fPM"", ""monday"": ""7\u202fAM\u20136\u202fPM""}","{""dine_in"": true, ""takeout"": true}",,https://lh3.googleusercontent.com/gps-cs-s/APNQkAEZDh4Gzzv_DJSxEtBqSTnUOgPw6SxQc4u04jZz6RmCSzyZDbSnn_jr7XhgEM6l_yhfW9CiJlCGkDfZePPuL8cNh6TQa_tw4BXK4po49cA7aZ4rK4HYC3kgt8koAtuGRTPnaaU=w1000-h1000-c-n,40.7194481,-74.0008421,0.7152,True,3
193900,New York University,coffee,ChIJ064AVwtZwokRK_IbyKmCNBQ,0x89c2590b5700aed3:0x143482a9c81bf22b,La Cabra,Coffee shop,"[""Coffee shop"", ""Bakery""]","284 Lafayette St, New York, NY 10012",,https://us.lacabra.com/pages/soho,4.5,1028.0,$10–20,Open · Closes 8 PM,"""Open \u00b7 Closes 8\u202fPM""","{""tuesday"": ""7\u202fAM\u20138\u202fPM"", ""wednesday"": ""7\u202fAM\u20138\u202fPM"", ""thursday"": ""7\u202fAM\u20138\u202fPM"", ""friday"": ""7\u202fAM\u20138\u202fPM"", ""saturday"": ""8\u202fAM\u20138\u202fPM"", ""sunday"": ""8\u202fAM\u20138\u202fPM"", ""monday"": ""7\u202fAM\u20138\u202fPM""}","{""dine_in"": true, ""takeout"": true, ""delivery"": false}",,https://lh3.googleusercontent.com/gps-cs-s/APNQkAF3P4p_9KpoohpNfr0BWYpXj0Bed6m4Wt036MJTvjUZTsYzr4xbMRI5r6A7qcfAABWmZp-G5o7x3snxB_zciOKD5Y12Zfe-PNlvYCD96Z2HixIQAzusJqLW9vkipHkKD9vShZRCgrwKtm8=w1000-h1000-c-n,40.72431,-73.9962,0.3577,True,3
193900,New York University,coffee,ChIJI543h_RZwokRHVio-95cF8k,0x89c259f487379e23:0xc9175cdefba8581d,Blue Bottle Coffee,Coffee shop,"[""Coffee shop"", ""Cafe"", ""Coffee roastery""]","408 Greenwich St, New York, NY 10013",(510) 661-3510,https://bluebottlecoffee.com/us/eng/cafes/greenwich-street,4.3,31.0,$1–10,Open · Closes 5:30 PM,"""Open \u00b7 Closes 5:30\u202fPM""","{""tuesday"": ""6:30\u202fAM\u20135:30\u202fPM"", ""wednesday"": ""6:30\u202fAM\u20135:30\u202fPM"", ""thursday"": ""6:30\u202fAM\u20135:30\u202fPM"", ""friday"": ""6:30\u202fAM\u20135\u202fPM"", ""saturday"": ""8\u202fAM\u20134\u202fPM"", ""sunday"": ""8\u202fAM\u20134\u202fPM"", ""monday"": ""6:30\u202fAM\u20135:30\u202fPM""}","{""dine_in"": true, ""takeout"": true, ""delivery"": true}","Hip cafe for gourmet coffee & pastries. Trendy cafe chain offering upscale coffee drinks & pastries, plus beans & brewing equipment.",https://lh3.googleusercontent.com/gps-proxy/ALd4DhFUPQy9p2QUgm326Y7_RMliZXpHTpOGfJPv0Zna4NefQm2_V_EBvCJ-35fpE3YwQGYC1_rU37BcxxAHUDVqIALRspnbPTCXMQM-ZcR5jeevy7KLDQ5qRX01jfgOpJsbiGEPSxZym2pd3T-EkXnefZVoV6SgypSDIPCffuIWGySyUY_D0wtsWG2f=w1000-h1000-c-n,40.7216717,-74.0100449,0.8593,True,3
110644,University of California-Davis,coffee,ChIJ_RMr8T8ohYARtTd5kY9f8kQ,0x8085283ff12b13fd:0x44f25f8f917937b5,Mandro Teahouse,Tea house,"[""Tea house""]","1260 Lake Blvd, Davis, CA 95616",(530) 231-5073,https://mandro.muncho.ai/,4.2,339.0,$,Open · Closes 11 PM,"""Open \u00b7 Closes 11\u202fPM""","{""tuesday"": ""12:30\u201311\u202fPM"", ""wednesday"": ""12:30\u201311\u202fPM"", ""thursday"": ""12:30\u201311\u202fPM"", ""friday"": ""12:30\u201311\u202fPM"", ""saturday"": ""12:30\u201311\u202fPM"", ""sunday"": ""12:30\u201311\u202fPM"", ""monday"": ""12:30\u201311\u202fPM""}","{""dine_in"": true, ""takeout"": true, ""no_contact_delivery"": true}",Roomy bubble tea cafe with boardgames. Bubble tea & egg pudding are the specialties at this chill cafe with ample seating & boardgames.,https://lh3.googleusercontent.com/gps-proxy/ALd4DhF4xpTJxzcOUyboart71AuNtashUs3JBV0O9W97O7hdiq3vBZMoBPaCivQmaKhraRlgHWfwD-17n3NKxgOqPqzid15-fE2vYVTT4-hSp6XLUGokZQvH_a2pDY7TfWQJh1EvTBBZn-pJRD4W9YV-Ltb9soBRmWvC_wuLKr-uYdn7U03RUGcnssKG=w1000-h1000-c-n,38.5542245,-121.7869956,1.4264,True,3
110644,University of California-Davis,coffee,ChIJpR9YO84phYARdBB2Z0mjru0,0x808529ce3b581fa5:0xedaea34967761074,Jeremiah’s Pick Coffee and Espresso Bar,Coffee shop,"[""Coffee shop""]","Westlake Plaza, 1260 Lake Blvd #102, Davis, CA 95616",,,3.0,1.0,,,{},{},"{""takeout"": true, ""delivery"": false}",,https://streetviewpixels-pa.googleapis.com/v1/thumbnail?panoid=EY4fIz3pxNdLCqd9SRQkTQ&cb_client=search.gws-prod.gps&w=80&h=92&yaw=110.06628&pitch=0&thumbfov=100,38.5542822,-121.7869453,1.4307,True,3
110644,University of California-Davis,coffee,ChIJ3c68TTUohYARz_3c-iD87JY,0x808528354dbccedd:0x96ecfc20fadcfdcf,Peet's Coffee,Coffee shop,"[""Coffee shop""]","1411 W Covell Blvd #114 B, Davis, CA 95616",(530) 750-5085,"https://www.peets.com/pages/store-locator?stockist-query=Davis,%20CA,%20USA&selected=Davis",4.2,176.0,$1–10,Open · Closes 7 PM,"""Open \u00b7 Closes 7\u202fPM""","{""tuesday"": ""5:30\u202fAM\u20137\u202fPM"", ""wednesday"": ""5:30\u202fAM\u20137\u202fPM"", ""thursday"": ""5:30\u202fAM\u20137\u202fPM"", ""friday"": ""5:30\u202fAM\u20137\u202fPM"", ""saturday"": ""6\u202fAM\u20137\u202fPM"", ""sunday"": ""6\u202fAM\u20137\u202fPM"", ""monday"": ""5:30\u202fAM\u20137\u202fPM""}","{""dine_in"": true, ""takeout"": true, ""delivery"": true}","Coffeehouse chain also known for its tea. Berkeley-born chain featuring signature coffee, tea & blended drinks alongside baked goods.",https://lh3.googleusercontent.com/gps-cs-s/APNQkAHUtq1e5QY3mof1m9EfVXoV9ZYuX9VSy0RvYArTgcy4PZlHY74VHhNyEbFeVzL7mxEDDtuQr0YrtwKinXgH2iMknDTPN8TbVBEViT8RU922BKg7Ppk4S5DhgEr4aErP7Zc3E6IGedL8TJbp=w1000-h1000-c-n,38.5623336,-121.7652099,2.4072,True,3
110644,University of California-Davis,coffee,ChIJ7XcreX8phYARPFGShqtVTps,0x8085297f792b77ed:0x9b4e55ab8692513c,Peet’s Coffee,Coffee shop,"[""Coffee shop""]","420 Hutchison Dr, Davis, CA 95616",,,4.0,42.0,$1–10,Open · Closes 7 PM,"""Open \u00b7 Closes 7\u202fPM""","{""tuesday"": ""7\u202fAM\u20137\u202fPM"", ""wednesday"": ""7\u202fAM\u20137\u202fPM"", ""thursday"": ""7\u202fAM\u20137\u202fPM"", ""friday"": ""7\u202fAM\u20136\u202fPM"", ""saturday"": ""Closed"", ""sunday"": ""Closed"", ""monday"": ""7\u202fAM\u20137\u202fPM""}","{""dine_in"": true, ""takeout"": true, ""delivery"": false}","Coffeehouse chain also known for its tea. Berkeley-born chain featuring signature coffee, tea & blended drinks alongside baked goods.",https://lh3.googleusercontent.com/gps-cs-s/APNQkAFQZLABrNtw9yG7TMPZeUB4A52JMOomSgxNu9oSHXZahpVhiYtHpJjNoXnc3O4aTKoI9WZfNfXjUanF9ORMdp5bFtvtExph7ZmuWnGfU0AQvQX_bTzd8ZV7eXYYgzgxBjt0jMau=w1000-h1000-c-n,38.5387805,-121.7527738,2.0815,True,3
110644,University of California-Davis,coffee,ChIJ9SyiwAIphYARKfx4v0cgA28,0x80852902c0a22cf5:0x6f032047bf78fc29,Scrubs Cafe,Cafe,"[""Cafe"", ""Deli"", ""Restaurant""]","976 Garrod Dr, Davis, CA 95616",(530) 752-6994,http://scrubs.ucdavis.edu/,4.0,104.0,$10–20,Open · Closes 2:30 PM,"""Open \u00b7 Closes 2:30\u202fPM""","{""tuesday"": ""8\u202fAM\u20132:30\u202fPM"", ""wednesday"": ""8\u202fAM\u20132:30\u202fPM"", ""thursday"": ""8\u202fAM\u20132:30\u202fPM"", ""friday"": ""8\u202fAM\u20132:30\u202fPM"", ""saturday"": ""Closed"", ""sunday"": ""Closed"", ""monday"": ""8\u202fAM\u20132:30\u202fPM""}","{""dine_in"": true, ""takeout"": true, ""delivery"": false}",,https://lh3.googleusercontent.com/gps-cs-s/APNQkAH5RTz4t_ZS4X5ZZ8Ber3a5DdESn8X3v0aN0BI-gfbKfySc8wh3eim4383-kOAc3OBvoLps5_JXxHMsA6hOF20UwopaGMFXdGQAlCS7j_vFAxRPjGUpnY5yI2wBGR6hRFH8ypVPAA=w1000-h1000-c-n,38.5318612,-121.7619222,1.564,True,3
110644,University of California-Davis,coffee,ChIJA1sRQzQohYAR32E-163fK6A,0x8085283443115b03:0xa02bdfadd73e61df,Starbucks Coffee Company,Coffee shop,"[""Coffee shop"", ""Breakfast restaurant"", ""Cafe"", ""Coffee store"", ""Espresso bar"", ""Internet cafe""]","2038 Lyndell Terrace, Davis, CA 95616",(530) 753-4756,https://www.starbucks.com/store-locator/store/8817/,4.2,364.0,$1–20,Open · Closes 8 PM,"""Open \u00b7 Closes 8\u202fPM""","{""tuesday"": ""4:30\u202fAM\u20138\u202fPM"", ""wednesday"": ""4:30\u202fAM\u20138\u202fPM"", ""thursday"": ""4:30\u202fAM\u20138\u202fPM"", ""friday"": ""4:30\u202fAM\u20138\u202fPM"", ""saturday"": ""5\u202fAM\u20138\u202fPM"", ""sunday"": ""5\u202fAM\u20138\u202fPM"", ""monday"": ""4:30\u202fAM\u20138\u202fPM""}","{""dine_in"": true, ""drive_through"": true, ""delivery"": true}","Iconic coffeehouse chain. Welcoming coffeehouse with handcrafted coffee, espresso & tea, plus breakfast, lunch & pastries.",https://lh3.googleusercontent.com/gps-proxy/ALd4DhEh5H-a4u9KMowD9_cco6wJUS5xBrcIGnipkuSA4aKdQNBjw7AWwZfO9zBrQ9meQx_3BM8No8UA50qwOIXgrdFGTZUSW4pZ6pDoOHh6rPK51pux5IdgA1_pikgOfRzyKEPeXBAAWMbIOPr3ggB3Qs5h5pclGvha0Ris_SrU1WdRQOGH1KoxTjEO=w1000-h1000-c-n,38.5625,-121.76892,2.308,True,3
110644,University of California-Davis,coffee,ChIJ2zqYCjgphYARTEB3xvlGC-c,0x808529380a983adb:0xe70b46f9c677404c,Peet’s Coffee,Coffee shop,"[""Coffee shop""]","201 Sage St, Davis, CA 95616",,,3.7,3.0,$,Open · Closes 4 PM,"""Open \u00b7 Closes 4\u202fPM""","{""tuesday"": ""8\u202fAM\u20134\u202fPM"", ""wednesday"": ""8\u202fAM\u20134\u202fPM"", ""thursday"": ""8\u202fAM\u20134\u202fPM"", ""friday"": ""8\u202fAM\u20134\u202fPM"", ""saturday"": ""9\u202fAM\u20134\u202fPM"", ""sunday"": ""9\u202fAM\u20134\u202fPM"", ""monday"": ""8\u202fAM\u20134\u202fPM""}","{""dine_in"": true, ""takeout"": true}","Coffeehouse chain also known for its tea. Berkeley-born chain featuring signature coffee, tea & blended drinks alongside baked goods.",https://lh3.googleusercontent.com/gps-cs-s/APNQkAHViSuUxOzGivM-7ef65s8_OX7diTBLhk1cJqgKdmaRmaqNzU22ABL7UVxN5N-gV7uwzXHyNdjIeyV6_cImA5Fpoc8baCNw67oSpgGzaC470uT87O4uy3fDi70bWmwpATgNrl0v=w1000-h1000-c-n,38.5412308,-121.7718444,1.144,True,3
110644,University of California-Davis,coffee,ChIJ8W8vDn0phYARdgIxXFiMctk,0x8085297d0e2f6ff1:0xd9728c585c310276,Peet's Coffee,Coffee shop,"[""Coffee shop""]","232 Shields Ave, Davis, CA 95616",(530) 754-7549,https://housing.ucdavis.edu/dining/coffee/peets-coffee-at-the-arc/,3.0,28.0,$1–10,Open · Closes 10 PM,"""Open \u00b7 Closes 10\u202fPM""","{""tuesday"": ""7:30\u202fAM\u201310\u202fPM"", ""wednesday"": ""7:30\u202fAM\u201310\u202fPM"", ""thursday"": ""7:30\u202fAM\u201310\u202fPM"", ""friday"": ""7:30\u202fAM\u201310\u202fPM"", ""saturday"": ""9\u202fAM\u20139\u202fPM"", ""sunday"": ""9\u202fAM\u20139\u202fPM"", ""monday"": ""7:30\u202fAM\u201310\u202fPM""}","{""dine_in"": true, ""takeout"": true, ""delivery"": false}",,https://lh3.googleusercontent.com/gps-cs-s/APNQkAEt4at4D4ARtRUD1i1ZOrX_tOWdnZ2b8wqzVsPvzUR7PpvliZZM-9COln5E3q5_FjC9P_y4h-6dazgzHsNZuvjUeRxKOJuoDLfkXb9lzoigAAnWmtIx1ZcmXJCtUh3X=w1000-h1000-c-n,38.5424977,-121.7592665,1.805,True,3
110644,University of California-Davis,coffee,ChIJ3c68TTUohYARrHnw5EYEKx4,0x808528354dbccedd:0x1e2b0446e4f079ac,Noah's NY Bagels,Coffee shop,"[""Coffee shop"", ""Bakery"", ""Breakfast restaurant"", ""Cafe"", ""Bagel shop""]","1411 W Covell Blvd Suite 114 A, Davis, CA 95616",(530) 750-5163,https://locations.noahs.com/us/ca/davis/1411-w-covell-blvd?y_source=1_ODk4NTc0Ny03MTUtbG9jYXRpb24ud2Vic2l0ZQ%3D%3D,3.5,224.0,$1–20,Open · Closes 2 PM,"""Open \u00b7 Closes 2\u202fPM""","{""tuesday"": ""6\u202fAM\u20132\u202fPM"", ""wednesday"": ""6\u202fAM\u20132\u202fPM"", ""thursday"": ""6\u202fAM\u20132\u202fPM"", ""friday"": ""6\u202fAM\u20132\u202fPM"", ""saturday"": ""6\u202fAM\u20132\u202fPM"", ""sunday"": ""6\u202fAM\u20132\u202fPM"", ""monday"": ""6\u202fAM\u20132\u202fPM""}","{""dine_in"": true, ""takeout"": true, ""delivery"": true}",Bagel shop with sandwiches & light fare. Counter-serve chain specializing in bagels. Also sells breakfast sandwiches & pastries.,https://lh3.googleusercontent.com/gps-proxy/ALd4DhGd8UhBiKrWkhs7FpFjbI--5T1BJ3-685RVbi--0LgGYlbT7wVkRwkzYfGu5g8Jak5M1fJD526ECOYSGmZjZSBiat1IP4eRspC-egjR6WwgIXaMDXTdurYv8mRsMimO6fr3fmq4HZEb-VtUW4ZDR_KhoMENrPsHLY2oE_p_uZszb4DNGWCM0gzi=w1000-h1000-c-n,38.5624365,-121.7652395,2.4122,True,3
110644,University of California-Davis,coffee,ChIJF0Sp8QQphYARpVLCGeTGTaA,0x80852904f1a94417:0xa04dc6e419c252a5,Tercero Dining Commons,Cafe,"[""Cafe"", ""Buffet restaurant"", ""Cafeteria"", ""Diner"", ""Food court"", ""Restaurant""]","237 Tercero Hall Cir, Davis, CA 95616",(530) 752-6870,https://housing.ucdavis.edu/dining/dining-commons/tercero/,3.9,283.0,$10–20,Open · Closes 10 PM,"""Open \u00b7 Closes 10\u202fPM""","{""tuesday"": ""7\u202fAM\u201310\u202fPM"", ""wednesday"": ""7\u202fAM\u201310\u202fPM"", ""thursday"": ""7\u202fAM\u201310\u202fPM"", ""friday"": ""7\u202fAM\u201310\u202fPM"", ""saturday"": ""Closed"", ""sunday"": ""Closed"", ""monday"": ""7\u202fAM\u201310\u202fPM""}","{""dine_in"": true, ""delivery"": false}",,https://lh3.googleusercontent.com/gps-cs-s/APNQkAHHeZeu3dMC6vTTLaaGCqYeBf95Bwziw1COXG7RwU1MLv4o8is6VKb9Qwlaedux9bo6YNmtwxTTwaRZ7-WgD7lYQlpdrrZCZco0f1r3_R0TEABi-4TfrYhCon6496VXcv6pChUT=w1000-h1000-c-n,38.5361547,-121.7575059,1.8044,True,3
110644,University of California-Davis,coffee,ChIJRVqBYKkphYARtqdEpm-km60,0x808529a960815a45:0xad9ba46fa644a7b6,ampm,Coffee shop,"[""Coffee shop"", ""ATM"", ""Convenience store"", ""Fast food restaurant"", ""Gas station"", ""Supermarket"", ""Tobacco shop""]","705 Russell Blvd, Davis, CA 95616",(530) 753-1349,https://www.ampm.com/,1.9,34.0,$,Open 24 hours,"""Open 24 hours""","{""tuesday"": ""Open 24 hours"", ""wednesday"": ""Open 24 hours"", ""thursday"": ""Open 24 hours"", ""friday"": ""Open 24 hours"", ""saturday"": ""Open 24 hours"", ""sunday"": ""Open 24 hours"", ""monday"": ""Open 24 hours""}","{""in_store_shopping"": true}","Convenience store with coffee & hot eats. Convenience-store chain serving coffee drinks, donuts, hot dogs, burgers & other basic eats.",https://lh3.googleusercontent.com/gps-cs-s/APNQkAEht_TKZFhmaSugMs4r7JVFIxgxpnz8Ng8CFdNy5K0zIKxZ8uENoWb9h6_uUXSmFpKX_GlwVRA8I8s17rBTnDb2HUq56rrPM-XFv562PM7b-02gBF1fPIbPCJkKsh4Tz7kx46G7=w1000-h1000-c-n,38.5468524,-121.7593757,1.921,True,3
110653,University of California-Irvine,coffee,ChIJcSrfJUvf3IARvkDdvZrIppI,0x80dcdf4b25df2a71:0x92a6c89abddd40be,The Green Room,Cafe,"[""Cafe""]","712 Arts Quad, Irvine, CA 92697",,https://uci.campusdish.com/LocationsAndMenus/TheGreenRoom,4.8,5.0,$1–10,Open · Closes 6 PM,"""Open \u00b7 Closes 6\u202fPM""","{""tuesday"": ""7:30\u202fAM\u20136\u202fPM"", ""wednesday"": ""7:30\u202fAM\u20136\u202fPM"", ""thursday"": ""7:30\u202fAM\u20136\u202fPM"", ""friday"": ""7:30\u202fAM\u20135\u202fPM"", ""saturday"": ""Closed"", ""sunday"": ""Closed"", ""monday"": ""7:30\u202fAM\u20136\u202fPM""}","{""dine_in"": true, ""takeout"": true, ""delivery"": false}",,https://lh3.googleusercontent.com/gps-cs-s/APNQkAEGqp2y-mRM49TxiYDPbaDdroMCdfTAXKYT-xWU9WkZrqUc0kcppa2CqOV3ycnDcGxb3wz1FYFRi_JrVpG-z966wq3K7XfnWnVxNNQ6Qk78YwQ6Zc_0a9sdMCAZAwo7tb1XgDci=w1000-h1000-c-n,33.6497718,-117.8446797,0.1977,True,3
164924,Boston College,coffee,ChIJHZdQDWh544kRmrPtGox1U5I,0x89e379680d50971d:0x9253758c1aedb39a,Elizabeth Home Petal & Press Cafe,Coffee shop,"[""Coffee shop"", ""Flower market""]","242 Commonwealth Ave, Chestnut Hill, MA 02467",(617) 965-0069,http://www.elizabethhomedecor.com/,4.6,16.0,$1–10,Closes soon · 4 PM · Opens 9 AM Wed,"""Closes soon \u00b7 4\u202fPM \u00b7 Opens 9\u202fAM Wed""","{""tuesday"": ""9\u202fAM\u20134\u202fPM"", ""wednesday"": ""9\u202fAM\u20134\u202fPM"", ""thursday"": ""9\u202fAM\u20134\u202fPM"", ""friday"": ""9\u202fAM\u20134\u202fPM"", ""saturday"": ""Closed"", ""sunday"": ""Closed"", ""monday"": ""9\u202fAM\u20135\u202fPM""}","{""dine_in"": true, ""takeout"": true, ""delivery"": false}",,https://lh3.googleusercontent.com/gps-cs-s/APNQkAFpHiA1B9GyCvbwsAVZbIyKeqVyGxkGaWv8YeWEq3WngkcY-8w4ka-aa2eXOUwZSTCl3rc8MngSBiEet3ZbkgtUwbHVhyWet7LKE8Ey1mW8N3oVIoL-ekf6rjFelqioIkNlIlT60A=w1000-h1000-c-n,42.3369744,-71.1757396,0.5721,True,3
168148,Tufts University,coffee,ChIJz-jG47Fx44kRePBxoa6W11M,0x89e371b1e3c6e8cf:0x53d796aea171f078,Sidebar,Coffee shop,"[""Coffee shop""]","97 Locust St, Medford, MA 02155",,https://www.instagram.com/sidebar_medford/,4.8,22.0,$1–10,Closed · Opens 10 AM Wed,"""Closed \u00b7 Opens 10\u202fAM Wed""","{""tuesday"": ""Closed"", ""wednesday"": ""10\u202fAM\u20131\u202fPM"", ""thursday"": ""10\u202fAM\u20131\u202fPM"", ""friday"": ""Closed"", ""saturday"": ""Closed"", ""sunday"": ""Closed"", ""monday"": ""Closed""}","{""dine_in"": true, ""takeout"": true, ""delivery"": false}",,https://lh3.googleusercontent.com/gps-cs-s/APNQkAFYrxUgeBX-ibilb-54B0eW3o-Fe-C1xavtvDU4wN3AQTOt6n9HgvE89JD2Ymickj8kKzAxIsVnJI9uJkqGPOBVHm1bfsUlHsrwh7ncRlDFf-y9tVYqa9BCHcU7NbaBGnulLHfq3IB3eOc=w1000-h1000-c-n,42.4074519,-71.0945861,0.9613,True,3
168148,Tufts University,coffee,ChIJ6W7ZDPt344kRH58E2YThBIs,0x89e377fb0cd96ee9:0x8b04e184d9049f1f,Grounder Café,Cafe,"[""Cafe"", ""Restaurant"", ""Sandwich shop""]","394 B Main St, Medford, MA 02155",(781) 219-4929,https://groundercafe.com/,4.3,207.0,$10–20,Open · Closes 5 PM,"""Open \u00b7 Closes 5\u202fPM""","{""tuesday"": ""7\u202fAM\u20135\u202fPM"", ""wednesday"": ""7\u202fAM\u20135\u202fPM"", ""thursday"": ""7\u202fAM\u20135\u202fPM"", ""friday"": ""7\u202fAM\u20135\u202fPM"", ""saturday"": ""7\u202fAM\u20135\u202fPM"", ""sunday"": ""7\u202fAM\u20135\u202fPM"", ""monday"": ""7\u202fAM\u20135\u202fPM""}","{""dine_in"": true, ""takeout"": true, ""delivery"": true}",,https://lh3.googleusercontent.com/gps-cs-s/APNQkAHy2OXThvfHfyq_GwqzbPBknZGBKQc3B8ydW5rtFytL9F79i60ol3Ou-N7FldCI4gSnY0Tfkf1XMvttWcy68QADIY3EDxtYTKAulAsIYuT6a_SPqczW6MBxIN1VWkuwVT1I39KZ=w1000-h1000-c-n,42.4046975,-71.1074703,0.9511,True,3
168148,Tufts University,coffee,ChIJGeM0T7N344kRBZ_dvskI5wY,0x89e377b34f34e319:0x6e708c9bedd9f05,INspire Cafe - Medford,Coffee stand,"[""Coffee stand""]","111 High St Floor 2, Medford, MA 02155",,https://inspirecafe.org/,5.0,5.0,$1–20,Closed · Opens 10 AM Wed,"""Closed \u00b7 Opens 10\u202fAM Wed""","{""tuesday"": ""10\u202fAM\u20132:30\u202fPM"", ""wednesday"": ""10\u202fAM\u20132:30\u202fPM"", ""thursday"": ""10\u202fAM\u20132:30\u202fPM"", ""friday"": ""10\u202fAM\u20132:30\u202fPM"", ""saturday"": ""9\u202fAM\u20132:30\u202fPM"", ""sunday"": ""Closed"", ""monday"": ""Closed""}",{},,https://lh3.googleusercontent.com/gps-cs-s/APNQkAE6KFoN28QBDv5cJGRsJ0eZIBaZMm-j4r4TWmPU8pynd33INEW3und_Zb7OrOdyajTwVJ52Lf_pcjXx_e6tOLgccmiuy7Tx00x4xly1dI8oBo7IowewhmZS4Frh6VdLngQ48YzhJ2Q3jIM=w1000-h1000-c-n,42.4197384,-71.1135889,0.3894,True,3
168148,Tufts University,coffee,ChIJWX6KdrB344kR5vyPrkKLI2U,0x89e377b0768a7e59:0x65238b42ae8ffce6,Localito,Coffee shop,"[""Coffee shop"", ""Breakfast restaurant"", ""Cafe"", ""Caterer"", ""Pastry shop""]","30 Riverside Ave, Medford, MA 02155",(617) 390-0630,https://www.localitocafe.com/,4.7,58.0,$10–20,Closed · Opens 7 AM Wed,"""Closed \u00b7 Opens 7\u202fAM Wed""","{""tuesday"": ""7\u202fAM\u20133\u202fPM"", ""wednesday"": ""7\u202fAM\u20133\u202fPM"", ""thursday"": ""7\u202fAM\u20133\u202fPM"", ""friday"": ""7\u202fAM\u20133\u202fPM"", ""saturday"": ""7\u202fAM\u20133\u202fPM"", ""sunday"": ""7\u202fAM\u20133\u202fPM"", ""monday"": ""7\u202fAM\u20133\u202fPM""}","{""dine_in"": true, ""takeout"": true, ""delivery"": true}",,https://lh3.googleusercontent.com/gps-cs-s/APNQkAFfrjmGUA7wn1zSUQsRiw_usCvTKkhGr8GieKP-m0U_dL6nIlKNO8nDCesTTxpJwJ-aWBEbV-NBtYN0F7OelyVV9oShd0gZky7rBho2e8HATCbQ4zCP02eUKk86aqvHYYzlWnWMWF-89P20=w1000-h1000-c-n,42.4181754,-71.1087165,0.1314,True,3
168148,Tufts University,coffee,ChIJQXY-Feh244kRz5SOBb8a3yw,0x89e376e8153e7641:0x2cdf1abf058e94cf,Tasty Cafe & Kitchen,Cafe,"[""Cafe"", ""Breakfast restaurant"", ""Restaurant""]","321 Boston Ave, Medford, MA 02155",,https://www.tastymedford.com/,4.4,445.0,$10–20,Closes soon · 4 PM · Opens 7 AM Wed,"""Closes soon \u00b7 4\u202fPM \u00b7 Opens 7\u202fAM Wed""","{""tuesday"": ""7\u202fAM\u20134\u202fPM"", ""wednesday"": ""7\u202fAM\u20134\u202fPM"", ""thursday"": ""7\u202fAM\u20134\u202fPM"", ""friday"": ""7\u202fAM\u20134\u202fPM"", ""saturday"": ""7\u202fAM\u20134\u202fPM"", ""sunday"": ""8\u202fAM\u20134\u202fPM"", ""monday"": ""7\u202fAM\u20134\u202fPM""}","{""dine_in"": true, ""takeout"": true, ""no_contact_delivery"": true}",,https://lh3.googleusercontent.com/gps-cs-s/APNQkAH-jHRA8pE3f2UuuSJ-zarZvAxWYi9txhe8CdX2H9Cbb9DuEiO72VVg5XiKd7HhvMvn3zE98qjrDZdA4_CDtZdXxjmmXfJ61HZfvUm8dJ9HCG8lD7Zg9nMrQImJVKufyJLWgyPd=w1000-h1000-c-n,42.4116953,-71.12222679999999,0.9423,True,3
168148,Tufts University,coffee,ChIJM9OLNMR344kRJTaqbDC2svk,0x89e377c4348bd333:0xf9b2b6306caa3625,Goldilox Bagels,Bagel shop,"[""Bagel shop""]","186 Winthrop St, Medford, MA 02155",,http://www.goldiloxbagels.com/,4.7,452.0,$1–10,Closed · Opens 7 AM Fri,"""Closed \u00b7 Opens 7\u202fAM Fri""","{""tuesday"": ""Closed"", ""wednesday"": ""Closed"", ""thursday"": ""Closed"", ""friday"": ""7\u201311:30\u202fAM"", ""saturday"": ""8\u201311:30\u202fAM"", ""sunday"": ""8\u201311:30\u202fAM"", ""monday"": ""Closed""}","{""takeout"": true, ""dine_in"": false}",,https://lh3.googleusercontent.com/gps-cs-s/APNQkAH51cCJ3ZQ8h17cV9FSkIcHwyNvCF667Al5m8enbildGqmsVWL-pt6LJW92Jj-a4oFJfMvT2_Za5eW-0qJBiHornJTHVQPBbWWfWG0Zj7pTpwFj7OLw807GTQJc4xWCaC2-8l_qbw=w1000-h1000-c-n,42.4167822,-71.118466,0.6378,True,3
168148,Tufts University,coffee,ChIJV4KHItx244kROadUYG2Bd74,0x89e376dc22878257:0xbe77816d6054a739,Kindlevan Cafe,Cafe,"[""Cafe""]","200 College Ave, Medford, MA 02155",(617) 627-5748,https://dining.tufts.edu/where-to-eat/kindlevan-cafe,4.0,15.0,,Open · Closes 7 PM,"""Open \u00b7 Closes 7\u202fPM""","{""tuesday"": ""8\u202fAM\u20137\u202fPM"", ""wednesday"": ""8\u202fAM\u20137\u202fPM"", ""thursday"": ""8\u202fAM\u20137\u202fPM"", ""friday"": ""8\u202fAM\u20134\u202fPM"", ""saturday"": ""Closed"", ""sunday"": ""Closed"", ""monday"": ""8\u202fAM\u20137\u202fPM""}","{""dine_in"": true, ""takeout"": true, ""delivery"": false}",,https://lh3.googleusercontent.com/gps-cs-s/APNQkAF8lfnlAW2GTxPahatF6gDEzkwAzeSRFhwB8mUNBSmkn7z78KgQAuuEERxnbAA7B7Mm4k9WRqiBgP247tZp4dnlyIIQ90gjl4AFxmP6lDDCHvQSaq_JoeDbW7JGlfxQiExmQW4j=w1000-h1000-c-n,42.4061038,-71.11679099999999,1.0095,True,3
145637,University of Illinois Urbana-Champaign,coffee,ChIJL-RUMBTXDIgRq4QEFngxrXg,0x880cd7143054e42f:0x78ad3178160484ab,Espresso Royale Cafe - Oregon Street,Coffee shop,"[""Coffee shop"", ""Cafe""]","1117 W Oregon St, Urbana, IL 61801",(217) 337-6160,http://www.espressoroyalecu.com/,4.3,442.0,$10–20,Open · Closes 9 PM,"""Open \u00b7 Closes 9\u202fPM""","{""tuesday"": ""7\u202fAM\u20139\u202fPM"", ""wednesday"": ""7\u202fAM\u20139\u202fPM"", ""thursday"": ""7\u202fAM\u20139\u202fPM"", ""friday"": ""7\u202fAM\u20139\u202fPM"", ""saturday"": ""7\u202fAM\u20139\u202fPM"", ""sunday"": ""7\u202fAM\u20139\u202fPM"", ""monday"": ""7\u202fAM\u20139\u202fPM""}","{""dine_in"": true, ""takeout"": true, ""delivery"": false}","Coffeehouse with sustainable brews. Established coffeehouse chain with a laid-back retro feel, featuring fair-trade coffee.",https://lh3.googleusercontent.com/gps-cs-s/APNQkAFwE3RZdxDmLnD88mUSCoCM-ee10C3tCAkhCp5F-ddlFKxwVbGOpWXL7XGzBvI1HL1INC4jKsHX29-LCOr06xWMBHh8QUR3Dw_m7YezWAxbkOT4tX5GNkMU5o3kaDs9DZKtV4sthQ=w1000-h1000-c-n,40.1068074,-88.2236271,0.3667,True,3
145637,University of Illinois Urbana-Champaign,coffee,ChIJo_G2Fy3XDIgRvVpwcNhwEnk,0x880cd72d17b6f1a3:0x791270d870705abd,Espresso Royale Cafe,Coffee shop,"[""Coffee shop"", ""Cafe""]","1411 S Neil St, Champaign, IL 61820",(217) 600-7907,http://www.espressoroyalecu.com/,4.4,340.0,$1–10,Open · Closes 8 PM,"""Open \u00b7 Closes 8\u202fPM""","{""tuesday"": ""6:30\u202fAM\u20138\u202fPM"", ""wednesday"": ""6:30\u202fAM\u20138\u202fPM"", ""thursday"": ""6:30\u202fAM\u20138\u202fPM"", ""friday"": ""6:30\u202fAM\u20138\u202fPM"", ""saturday"": ""7\u202fAM\u20138\u202fPM"", ""sunday"": ""7\u202fAM\u20138\u202fPM"", ""monday"": ""6:30\u202fAM\u20138\u202fPM""}","{""dine_in"": true, ""drive_through"": true, ""delivery"": false}","Coffeehouse with sustainable brews. Established coffeehouse chain with a laid-back retro feel, featuring fair-trade coffee.",https://lh3.googleusercontent.com/gps-cs-s/APNQkAHJZ-Kfnzs_sY95E7KcwEWrxjkhrk4G-jD7fd8LA8Y5D1E2x8f1TdtrVVxGij6nrL5Richhjw2dad_7cemXEHHKBNVs-7kyLP4yVcq3dZUbZau3m-pjEimL7yoFj3hMxztDNBxq8oBuyHZZ=w1000-h1000-c-n,40.0994996,-88.2447329,1.0098,True,3
145637,University of Illinois Urbana-Champaign,coffee,ChIJm_iBvkHXDIgRf8HTqojE82U,0x880cd741be81f89b:0x65f3c488aad3c17f,Daily Byte,Cafe,"[""Cafe""]","306 S Wright St, Urbana, IL 61801",(217) 300-2992,https://ece.illinois.edu/about/dailybyte/,4.5,44.0,$1–10,Open · Closes 6 PM,"""Open \u00b7 Closes 6\u202fPM""","{""tuesday"": ""7:30\u202fAM\u20136\u202fPM"", ""wednesday"": ""7:30\u202fAM\u20136\u202fPM"", ""thursday"": ""7:30\u202fAM\u20136\u202fPM"", ""friday"": ""7:30\u202fAM\u20136\u202fPM"", ""saturday"": ""Closed"", ""sunday"": ""Closed"", ""monday"": ""7:30\u202fAM\u20136\u202fPM""}","{""dine_in"": true, ""takeout"": true, ""delivery"": false}",,https://lh3.googleusercontent.com/gps-cs-s/APNQkAFnDlM0sTgDz0x0K8JHfOmgnSOYCygl-dacN4gtb78M_mdkd6iAnBd2EiJltgi8mA_u5T6TXkgw7u1N-MOvBdV4yS8j3zBbNAfTMlLUg7louHM3ETNKoojtwQzxDJgTda6rynKA=w1000-h1000-c-n,40.1149515,-88.2281636,0.4338,True,3
145637,University of Illinois Urbana-Champaign,coffee,ChIJ63dgaBbXDIgRVfxOLv2ea0g,0x880cd716686077eb:0x486b9efd2e4efc55,Array Cafe,Cafe,"[""Cafe""]","1206 W Gregory Dr, Urbana, IL 61801",(217) 244-1113,,4.2,37.0,$1–10,Closes soon · 3:30 PM · Opens 8 AM Wed,"""Closes soon \u00b7 3:30\u202fPM \u00b7 Opens 8\u202fAM Wed""","{""tuesday"": ""8\u202fAM\u20133:30\u202fPM"", ""wednesday"": ""8\u202fAM\u20133:30\u202fPM"", ""thursday"": ""8\u202fAM\u20133:30\u202fPM"", ""friday"": ""8\u202fAM\u20133:30\u202fPM"", ""saturday"": ""Closed"", ""sunday"": ""Closed"", ""monday"": ""8\u202fAM\u20133:30\u202fPM""}","{""dine_in"": true, ""takeout"": true, ""delivery"": false}",,https://lh3.googleusercontent.com/gps-cs-s/APNQkAFyaXaxuYk2MjHYvfxQAP0nB8BhpLNBg158RjvayhGPVo4HUVpFZzfBpYBU5-X70OFrZNndIzULVZ0LhmIA6CdrJI1AmFOn7FewQX-N6I3hKGxx6ViL6pC9qnAkO9mz9zIa4EmDGdg9ViDl=w1000-h1000-c-n,40.1050249,-88.2254129,0.3594,True,3
145637,University of Illinois Urbana-Champaign,coffee,ChIJXX_HGx7XDIgR2M_9m44YWvo,0x880cd71e1bc77f5d:0xfa5a188e9bfdcfd8,Lazy Daisy Diner & Cafe,Coffee shop,"[""Coffee shop"", ""Breakfast restaurant"", ""Diner"", ""Lunch restaurant"", ""Vegetarian restaurant""]","140 Lincoln Square, Urbana, IL 61801",(217) 279-5299,http://lazydaisydiner.com/,4.5,165.0,$10–20,Closes soon · 3 PM · Opens 7 AM Wed,"""Closes soon \u00b7 3\u202fPM \u00b7 Opens 7\u202fAM Wed""","{""tuesday"": ""7\u202fAM\u20133\u202fPM"", ""wednesday"": ""7\u202fAM\u20133\u202fPM"", ""thursday"": ""7\u202fAM\u20133\u202fPM"", ""friday"": ""7\u202fAM\u20133\u202fPM"", ""saturday"": ""7\u202fAM\u20133\u202fPM"", ""sunday"": ""7\u202fAM\u20133\u202fPM"", ""monday"": ""7\u202fAM\u20133\u202fPM""}","{""dine_in"": true, ""takeout"": true, ""delivery"": true}",,https://lh3.googleusercontent.com/gps-cs-s/APNQkAE_VN24dEgMLlxmsuK2LkuK2zLZCEphVC1ZljgB_rLgjGXY2W2T075WGHbxflP5qRSbve_s2H5ras0P9buo9NAwwtTvcI9xPxBTLH0-N1gZMA_LMmBhEn4VXFSPrfMMJylX9b_fck6IG13X=w1000-h1000-c-n,40.1101033,-88.20706299999999,1.2172,True,3
145637,University of Illinois Urbana-Champaign,coffee,ChIJV-fEQoHXDIgR8cXrI48jCk8,0x880cd78142c4e757:0x4f0a238f23ebc5f1,Espresso Royale Cafe- GIES College of Business,Coffee shop,"[""Coffee shop""]","515 E Gregory Dr, Champaign, IL 61820",(217) 552-1220,https://www.espressoroyalecu.com/,2.9,31.0,$1–10,Open · Closes 5 PM,"""Open \u00b7 Closes 5\u202fPM""","{""tuesday"": ""7:30\u202fAM\u20135\u202fPM"", ""wednesday"": ""7:30\u202fAM\u20135\u202fPM"", ""thursday"": ""7:30\u202fAM\u20135\u202fPM"", ""friday"": ""7:30\u202fAM\u20134\u202fPM"", ""saturday"": ""Closed"", ""sunday"": ""Closed"", ""monday"": ""7:30\u202fAM\u20135\u202fPM""}","{""dine_in"": true, ""takeout"": true, ""delivery"": false}",,https://lh3.googleusercontent.com/gps-cs-s/APNQkAEGWaHmbSZUfm2Foy3v7r9COxydqeRRbso8gVSrfHHLeCw1b6-y23wVZyEjszcODGfcWJz5pDYL-LJhJlRecZNRFFtYcLLhEOYfE82GYkKSayq5ceeTYrQ2KoBJ29W1HzntBsoSymxEu4pZ=w1000-h1000-c-n,40.1036685,-88.23128059999999,0.3632,True,3
145637,University of Illinois Urbana-Champaign,coffee,ChIJSy6r8kHXDIgRQYRhBa-fOHA,0x880cd741f2ab2e4b:0x70389faf05618441,Ted's Café at the Beckman Institute,Coffee shop,"[""Coffee shop"", ""Cafe""]","Beckman Institute for Advanced Science and Technology, 405 N Mathews Ave, Urbana, IL 61801",(217) 244-1792,https://beckman.illinois.edu/teds-cafe/cafe,4.2,47.0,,Open · Closes 5 PM,"""Open \u00b7 Closes 5\u202fPM""","{""tuesday"": ""8\u202fAM\u20135\u202fPM"", ""wednesday"": ""8\u202fAM\u20135\u202fPM"", ""thursday"": ""8\u202fAM\u20135\u202fPM"", ""friday"": ""8\u202fAM\u20135\u202fPM"", ""saturday"": ""Closed"", ""sunday"": ""Closed"", ""monday"": ""8\u202fAM\u20135\u202fPM""}","{""dine_in"": true, ""delivery"": false}",,https://lh3.googleusercontent.com/gps-cs-s/APNQkAE43AEQBsb6ozf-YTa8AS21BA3qy_ynF89cerOPYxLqP3hej294unXgeeYhW_QgWnIbU6ZxPXmQDc97mKnlV0zTrzph67ZUEXr06h4QdxxIO7pH7rg7fQ64kIq1Pjuhrs1ST7Ju=w1000-h1000-c-n,40.1157476,-88.2278082,0.4917,True,3
145637,University of Illinois Urbana-Champaign,coffee,ChIJY2WhGEDXDIgR5sdyYYaOp3o,0x880cd74018a16563:0x7aa78e866172c7e6,Espresso Royale Cafe- Grainger Engineering Library,Coffee shop,"[""Coffee shop""]","Grainger Engineering Library, 1301 W Springfield Ave, Urbana, IL 61801",(217) 552-1263,https://www.espressoroyalecu.com/,3.2,69.0,$1–10,Open · Closes 12 AM,"""Open \u00b7 Closes 12\u202fAM""","{""tuesday"": ""7:30\u202fAM\u201312\u202fAM"", ""wednesday"": ""7:30\u202fAM\u201312\u202fAM"", ""thursday"": ""7:30\u202fAM\u201312\u202fAM"", ""friday"": ""7:30\u202fAM\u201310\u202fPM"", ""saturday"": ""11\u202fAM\u20138\u202fPM"", ""sunday"": ""11\u202fAM\u201312\u202fAM"", ""monday"": ""7:30\u202fAM\u201312\u202fAM""}","{""dine_in"": true, ""takeout"": true, ""delivery"": false}","Coffeehouse with sustainable brews. Established coffeehouse chain with a laid-back retro feel, featuring fair-trade coffee.",https://lh3.googleusercontent.com/gps-cs-s/APNQkAHCExMcw4bCRJXFk_qSrRbMHS-kSzky_7Uj91j4hbvp4_9gePJ_bsTrs51FV57GwF-sp2NnLHJHUPfFfXScXl04SZlGqCuuC6cDiivDFyEr5HSlisRrnb5wsIZVfiUEmRhmtnOLuNPos-oQ=w1000-h1000-c-n,40.1125412,-88.2267547,0.3091,True,3
145637,University of Illinois Urbana-Champaign,coffee,ChIJZZtAEU_XDIgRK9j5v_6ZNJE,0x880cd74f11409b65:0x913499febff9d82b,InfiniTEA,Coffee shop,"[""Coffee shop""]","1010 W Illinois St, Urbana, IL 61801",,,2.0,2.0,,Open · Closes 10:30 PM,"""Open \u00b7 Closes 10:30\u202fPM""","{""tuesday"": ""7\u202fAM\u201310:30\u202fPM"", ""wednesday"": ""7\u202fAM\u201310:30\u202fPM"", ""thursday"": ""7\u202fAM\u201310:30\u202fPM"", ""friday"": ""7\u202fAM\u201310:30\u202fPM"", ""saturday"": ""9\u202fAM\u201310:30\u202fPM"", ""sunday"": ""9\u202fAM\u201310:30\u202fPM"", ""monday"": ""7\u202fAM\u201310:30\u202fPM""}","{""dine_in"": true, ""takeout"": true}",,https://lh3.googleusercontent.com/gps-cs-s/APNQkAGgTEgSQ_2xZ50MAS4_bkLi_HC9wYN5PryyYjjulxPp4e1w8Ftvw7vLN-cfoJlh9CHiRBYY6uiY9vgO2ypvDjvuySNJPPbTfF8PeG9bR1IkMKmvE8cOqHWktZ0cvoDsiKf8XIBz-A=w1000-h1000-c-n,40.1102092,-88.2218973,0.4404,True,3
145637,University of Illinois Urbana-Champaign,coffee,ChIJ_RupWcfXDIgRtifBhhO7UZI,0x880cd7c759a91bfd:0x9251bb1386c127b6,Starbucks Coffee Company,Coffee shop,"[""Coffee shop"", ""Cafe"", ""Coffee store"", ""Espresso bar""]","1206 W Green St, Urbana, IL 61801",(217) 300-2605,https://www.starbucks.com/store-locator/store/1031944/,4.3,12.0,$1–10,Open · Closes 6 PM,"""Open \u00b7 Closes 6\u202fPM""","{""tuesday"": ""7\u202fAM\u20136\u202fPM"", ""wednesday"": ""7\u202fAM\u20136\u202fPM"", ""thursday"": ""7\u202fAM\u20136\u202fPM"", ""friday"": ""7\u202fAM\u20135\u202fPM"", ""saturday"": ""Closed"", ""sunday"": ""Closed"", ""monday"": ""Closed""}","{""dine_in"": true, ""takeout"": true, ""delivery"": false}","Iconic coffeehouse chain. Welcoming coffeehouse with handcrafted coffee, espresso & tea, plus breakfast, lunch & pastries.",https://lh3.googleusercontent.com/gps-cs-s/APNQkAGI5Oxlf2qcMfTCc9PNYc3fNXDqQ2-yVScOAL5ucr7kVhf_hYNDRBXuX2mGDTS8MZLvfIQ705FjJOeirxEesTAag_q1i2bg5FH7v_8rnyrhzT48tPAw4GKLOzMElJKcT1Lm6F3P=w1000-h1000-c-n,40.11058,-88.22408,0.337,True,3
145637,University of Illinois Urbana-Champaign,coffee,ChIJu5kMTnPXDIgRu3hcex4FV-o,0x880cd7734e0c99bb:0xea57051e7b5c78bb,Dutch Bros Coffee,Coffee shop,"[""Coffee shop"", ""Cafe"", ""Juice shop"", ""Tea house""]","809 W Green St, Urbana, IL 61801",(877) 899-2767,https://www.dutchbros.com/locations/il/urbana/809-w-green-st?y_source=1_MjAzMzI5ODE4MC03MTUtbG9jYXRpb24ud2Vic2l0ZQ%3D%3D,4.3,68.0,$1–10,Open · Closes 10 PM,"""Open \u00b7 Closes 10\u202fPM""","{""tuesday"": ""5\u202fAM\u201310\u202fPM"", ""wednesday"": ""5\u202fAM\u201310\u202fPM"", ""thursday"": ""5\u202fAM\u201310\u202fPM"", ""friday"": ""5\u202fAM\u201311\u202fPM"", ""saturday"": ""5\u202fAM\u201311\u202fPM"", ""sunday"": ""5\u202fAM\u201310\u202fPM"", ""monday"": ""5\u202fAM\u201310\u202fPM""}","{""drive_through"": true, ""delivery"": false}","Drive-thru for specialty drinks & coffee. Fun-loving drive-thru serving up customized coffees, Rebel energy drinks, cold brew, tea & more.",https://lh3.googleusercontent.com/gps-cs-s/APNQkAGgU16z4oguUB6iKVQRZjvlHJTCEWvtf7oafUICOsp11OxE8j4COyry6ynI0AxXHcS3XG24GYcQbzY7JNqlO4dw3tjcg_Cu0gyOKuqt6p-T2Thca-MfXkmrB36fjYTe-Lxcs_FTvRuGirBm=w1000-h1000-c-n,40.1103492,-88.2188815,0.5987,True,3
145637,University of Illinois Urbana-Champaign,coffee,ChIJFy99j1fXDIgRvXzimUgv-9I,0x880cd7578f7d2f17:0xd2fb2f4899e27cbd,Blue Ethiopian Cuisine & Cafe,Cafe,"[""Cafe"", ""Ethiopian restaurant""]","117 N Walnut St, Champaign, IL 61820",(217) 372-7347,https://blue-ethiopian.com/,4.6,69.0,$20–30,Closes soon · 3 PM · Reopens 5 PM,"""Closes soon \u00b7 3\u202fPM \u00b7 Reopens 5\u202fPM""","{""tuesday"": ""11\u202fAM\u20133\u202fPM, 5\u20139\u202fPM"", ""wednesday"": ""11\u202fAM\u20133\u202fPM, 5\u20139\u202fPM"", ""thursday"": ""11\u202fAM\u20133\u202fPM, 5\u20139\u202fPM"", ""friday"": ""11\u202fAM\u20133\u202fPM, 5\u20139\u202fPM"", ""saturday"": ""11\u202fAM\u20133\u202fPM, 5\u20139\u202fPM"", ""sunday"": ""11\u202fAM\u20133\u202fPM, 5\u20139\u202fPM"", ""monday"": ""Closed""}","{""dine_in"": true, ""curbside_pickup"": true, ""delivery"": true}",,https://lh3.googleusercontent.com/gps-cs-s/APNQkAEkkJ_OyoIaJF7baeQZXdoKBLawzpn83IcEFkszUapcYMuIvmGly_rK8OK9zb68brfscwUNTabSbCcaZ3WThulKGVxypDIXP9-LzILb1eJIZ8OXrlQR9ABMqhxsHKmQM7M6NM1LHSqGZycu=w1000-h1000-c-n,40.1170512,-88.24263859999999,0.8749,True,3
145637,University of Illinois Urbana-Champaign,coffee,ChIJNfjDlYDXDIgRpzbQGfWxfUw,0x880cd78095c3f835:0x4c7db1f519d036a7,Espresso Royale Cafe - Campus Instructional Facility (CIF),Coffee shop,"[""Coffee shop"", ""Cafe""]","Campus Instructional Facility, 1405 W Springfield Ave, Urbana, IL 61801",(217) 552-1046,http://espressoroyalecu.com/,2.1,11.0,,Open · Closes 8 PM,"""Open \u00b7 Closes 8\u202fPM""","{""tuesday"": ""8\u202fAM\u20138\u202fPM"", ""wednesday"": ""8\u202fAM\u20138\u202fPM"", ""thursday"": ""8\u202fAM\u20138\u202fPM"", ""friday"": ""8\u202fAM\u20138\u202fPM"", ""saturday"": ""12\u20135\u202fPM"", ""sunday"": ""12\u20138\u202fPM"", ""monday"": ""8\u202fAM\u20138\u202fPM""}","{""dine_in"": true, ""takeout"": true}",,https://lh3.googleusercontent.com/gps-cs-s/APNQkAFm3gAbRx-yllX5IizwuigJ6YDUxeHRTW_K_0JM52Q53ZYX59jyN9oh_I_xf-_KCRn9Dvt5Z5MZYUE12z3n4o5lEuwlJ2Bqzemp29hMcGx5I_yxWpnLqeq9XAUI_5jjr_mLqCW7BSCKMI7P=w1000-h1000-c-n,40.1124924,-88.2282413,0.2697,True,3
145637,University of Illinois Urbana-Champaign,coffee,ChIJ7RWpKWzXDIgRG_5da08maNs,0x880cd76c29a915ed:0xdb68264f6b5dfe1b,Einstein Bros. Bagels,Coffee shop,"[""Coffee shop"", ""Bakery"", ""Breakfast restaurant"", ""Cafe"", ""Bagel shop""]","901 W University Ave, Urbana, IL 61801",(217) 344-7520,https://locations.einsteinbros.com/us/il/urbana/901-w-university-ave?y_source=1_OTA1MDE0MS03MTUtbG9jYXRpb24ud2Vic2l0ZQ%3D%3D,4.4,444.0,$1–10,Closed · Opens 6 AM Wed,"""Closed \u00b7 Opens 6\u202fAM Wed""","{""tuesday"": ""6\u202fAM\u20131:30\u202fPM"", ""wednesday"": ""6\u202fAM\u20131:30\u202fPM"", ""thursday"": ""6\u202fAM\u20131:30\u202fPM"", ""friday"": ""6\u202fAM\u20131:30\u202fPM"", ""saturday"": ""6\u202fAM\u20131\u202fPM"", ""sunday"": ""7\u202fAM\u20131\u202fPM"", ""monday"": ""6\u202fAM\u20131:30\u202fPM""}","{""dine_in"": true, ""takeout"": true, ""delivery"": true}",,https://lh3.googleusercontent.com/gps-proxy/ALd4DhEYu66PM_y9uFgs481xpD-petnQGtCkqKHbS8OA0bkPAwFD_YsKkvzsmrz-cO3HPD0HOP720J-2C2lPRF7SaifxUCbeXET49Ut0ubr0U530YcHkmoxQoK-p1I0YfJP45QNMarA4Bcqvv99kR6kPjVw_9Zc9tR3Guht9-tFFe8v3rUKPdtG52mD0lg=w1000-h1000-c-n,40.1161368,-88.21966359999999,0.7448,True,3
145637,University of Illinois Urbana-Champaign,coffee,ChIJA53RVD7XDIgRH9oavSfmoqA,0x880cd73e54d19d03:0xa0a2e627bd1ada1f,Starbucks Coffee Company,Coffee shop,"[""Coffee shop"", ""Cafe"", ""Coffee store"", ""Espresso bar""]","809 S Wright St, Champaign, IL 61820",(217) 244-1775,https://www.starbucks.com/store-locator/store/1006685,3.4,63.0,$1–10,Open · Closes 6 PM,"""Open \u00b7 Closes 6\u202fPM""","{""tuesday"": ""7:30\u202fAM\u20136\u202fPM"", ""wednesday"": ""7:30\u202fAM\u20136\u202fPM"", ""thursday"": ""7:30\u202fAM\u20136\u202fPM"", ""friday"": ""7:30\u202fAM\u20137\u202fPM"", ""saturday"": ""8:30\u202fAM\u20136\u202fPM"", ""sunday"": ""8:30\u202fAM\u20134\u202fPM"", ""monday"": ""7:30\u202fAM\u20136\u202fPM""}","{""dine_in"": true, ""drive_through"": true, ""delivery"": false}","Iconic coffeehouse chain. Welcoming coffeehouse with handcrafted coffee, espresso & tea, plus breakfast, lunch & pastries.",https://lh3.googleusercontent.com/gps-cs-s/APNQkAGZKPxRDh_JP0f6c6KK6SNIOVcK2mx3jsxZVKzFbiZEDgikgAQG5Re4_aAS6U0u1eQY395owIImLMLSmpiuz-Ap5swPgTRN9K3c1YvJZVYRP9VXil54B22r-C1-LmScj37jWYQLng=w1000-h1000-c-n,40.10835,-88.22914,0.0582,True,3
145637,University of Illinois Urbana-Champaign,coffee,ChIJAczTOz_XDIgRqWfwfdK_K2U,0x880cd73f3bd3cc01:0x652bbfd27df067a9,Kung Fu Tea,Coffee shop,"[""Coffee shop"", ""Bubble tea store"", ""Fast food restaurant"", ""Poke bar"", ""Sushi restaurant""]","707 S 6th St Suite 107, Champaign, IL 61820",(217) 552-1668,https://kungfutea.com/,4.4,500.0,$,Open · Closes 10 PM,"""Open \u00b7 Closes 10\u202fPM""","{""tuesday"": ""11\u202fAM\u201310\u202fPM"", ""wednesday"": ""11\u202fAM\u201310\u202fPM"", ""thursday"": ""11\u202fAM\u201310\u202fPM"", ""friday"": ""11\u202fAM\u201310\u202fPM"", ""saturday"": ""11\u202fAM\u201310\u202fPM"", ""sunday"": ""11\u202fAM\u201310\u202fPM"", ""monday"": ""11\u202fAM\u201310\u202fPM""}","{""dine_in"": true, ""takeout"": true, ""no_contact_delivery"": true}","Source for hot & cold specialty drinks. Bubble tea specialist with a selection of other hot & cold drinks, including coffee & slushes.",https://lh3.googleusercontent.com/gps-proxy/ALd4DhHwqA11eSSnXUfAYXKFQ4Rc7aXGjLn2xK1FgZnLAQgrEwqp67m1dE0SrcMAbNXhGw-AFo7INJBPa_DsNZKA26b_aqV7BY10LJxbRvZc9YI30-J6lx7XOUy_zemnz6BJUG0f5kG6zQggnb5VCyQIJQD6GY-DsJ6AOFvxPuZWU74TyLFtSdMhz08MQA=w1000-h1000-c-n,40.1095558,-88.2305172,0.0557,True,3
145637,University of Illinois Urbana-Champaign,coffee,ChIJR19a0D_XDIgRPEzPS5uQywA,0x880cd73fd05a5f47:0xcb909b4bcf4c3c,Starbucks Coffee Company,Coffee shop,"[""Coffee shop"", ""Cafe"", ""Coffee store"", ""Espresso bar""]","1401 W Green St, Urbana, IL 61801",(217) 300-3152,https://www.starbucks.com/store-locator/store/1012558,3.8,90.0,$1–10,Open · Closes 9 PM,"""Open \u00b7 Closes 9\u202fPM""","{""tuesday"": ""7\u202fAM\u20139\u202fPM"", ""wednesday"": ""7\u202fAM\u20139\u202fPM"", ""thursday"": ""7\u202fAM\u20139\u202fPM"", ""friday"": ""7\u202fAM\u20136\u202fPM"", ""saturday"": ""7\u202fAM\u20136\u202fPM"", ""sunday"": ""7\u202fAM\u20136\u202fPM"", ""monday"": ""7\u202fAM\u20133:30\u202fPM""}","{""dine_in"": true, ""drive_through"": true, ""delivery"": false}",,https://lh3.googleusercontent.com/gps-cs-s/APNQkAG0jxmDH_moIDB8An37-3kUtYtwhzVdJTC6m6FrAqk705YDjtwznYNL_Pq-_QplCzPbNYKN5TC6R3dMcZAKaeuJ62uyC2qsr0P2avibdO-Wj4lNkJJ1flfUhECp7ET14vodj7zA=w1000-h1000-c-n,40.10953,-88.22695999999999,0.1695,True,3
240444,University of Wisconsin-Madison,coffee,ChIJORX0j7VTBogRbl1chkdBunQ,0x880653b58ff41539:0x74ba4147865c5d6e,Ellipse Coffee & Crepes,Coffee shop,"[""Coffee shop"", ""Breakfast restaurant"", ""Brunch restaurant"", ""Cafe""]","430 State St, Madison, WI 53703",(608) 230-5936,https://www.facebook.com/61577722223489/,4.6,144.0,$10–20,Open · Closes 11 PM,"""Open \u00b7 Closes 11\u202fPM""","{""tuesday"": ""8\u202fAM\u201311\u202fPM"", ""wednesday"": ""8\u202fAM\u201311\u202fPM"", ""thursday"": ""8\u202fAM\u201311\u202fPM"", ""friday"": ""8\u202fAM\u201311\u202fPM"", ""saturday"": ""8\u202fAM\u201311\u202fPM"", ""sunday"": ""8\u202fAM\u201311\u202fPM"", ""monday"": ""8\u202fAM\u201311\u202fPM""}","{""dine_in"": true, ""curbside_pickup"": true, ""no_contact_delivery"": true}",,https://lh3.googleusercontent.com/gps-proxy/ALd4DhFLDxPgFPNAEeSBuvdEjOkO-kzn8QX3g8DzPPPu3-UUO_yEfOMx--z9tzelmKbzMNis0Dt5dg60VZAaHtM_ELUajhlkkgdbN9jcAX-Efr40IRMlKvcUTuM2S2Tl2KxApXgrZYeTwGNfrNVxSM9Sv7tka1ee1O9i9VNjzt1LTY1iznTXh-jy6uEQ=w1000-h1000-c-n,43.0749909,-89.3922205,0.6131,True,3
240444,University of Wisconsin-Madison,coffee,ChIJC13UhEetB4gRutjPaluIhUE,0x8807ad4784d45d0b:0x4185885b6acfd8ba,Valentia Coffee,Coffee shop,"[""Coffee shop"", ""Breakfast restaurant"", ""Cafe""]","799 University Ave, Madison, WI 53715",,http://www.valentiacoffee.com/,4.3,196.0,$1–10,Closes soon · 3 PM · Opens 7 AM Wed,"""Closes soon \u00b7 3\u202fPM \u00b7 Opens 7\u202fAM Wed""","{""tuesday"": ""7\u202fAM\u20133\u202fPM"", ""wednesday"": ""7\u202fAM\u20133\u202fPM"", ""thursday"": ""7\u202fAM\u20133\u202fPM"", ""friday"": ""7\u202fAM\u20133\u202fPM"", ""saturday"": ""7\u202fAM\u20132\u202fPM"", ""sunday"": ""7\u202fAM\u20132\u202fPM"", ""monday"": ""7\u202fAM\u20133\u202fPM""}","{""dine_in"": true, ""takeout"": true, ""delivery"": false}",,https://lh3.googleusercontent.com/gps-cs-s/APNQkAH6h84tjRBVR8jfOHc-U5tzZpCufSmVTNMp7lSWbiPfmEsEFuYKdybCNtrjIpIjvjzpwL-ueq8qF1FcAXr_2DAZlS51FM4bH1uBLigD088vXCzYkgZWn0qfdCZxSKCAjcbblX54jw=w1000-h1000-c-n,43.0730463,-89.3988744,0.3199,True,3
240444,University of Wisconsin-Madison,coffee,ChIJ0__AojVTBogRCzXh9bs0q3A,0x88065335a2c0ffd3:0x70ab34bbf5e1350b,Colectivo Coffee State St.,Coffee shop,"[""Coffee shop"", ""Cafe""]","583 State St, Madison, WI 53703",(608) 709-1911,https://colectivo.com/pages/state-street,4.4,731.0,$1–10,Open · Closes 6 PM,"""Open \u00b7 Closes 6\u202fPM""","{""tuesday"": ""7\u202fAM\u20136\u202fPM"", ""wednesday"": ""7\u202fAM\u20136\u202fPM"", ""thursday"": ""7\u202fAM\u20136\u202fPM"", ""friday"": ""7\u202fAM\u20136\u202fPM"", ""saturday"": ""7\u202fAM\u20136\u202fPM"", ""sunday"": ""7\u202fAM\u20136\u202fPM"", ""monday"": ""7\u202fAM\u20136\u202fPM""}","{""dine_in"": true, ""takeout"": true, ""delivery"": true}",,https://lh3.googleusercontent.com/gps-cs-s/APNQkAHZQpSU4OUs7lZtcEBgrRPzWJJM-3-txGMyQM1CgWnfS0Qqrq84pUkQbzyh2GJjqQpC1SX-fCRqeUNNYzdzrLMvtoL2_4XjbLPXwfr4MuRi_PtjLeuUDxinkTkn0B5QGmGwJxEX=w1000-h1000-c-n,43.0747558,-89.39550369999999,0.4489,True,3
240444,University of Wisconsin-Madison,coffee,ChIJldy9NsdTBogR35b0v2ZXEyk,0x880653c736bddc95:0x29135766bff496df,Nitro Beverage Lounge,Coffee shop,"[""Coffee shop"", ""Bar"", ""Cocktail bar"", ""Lounge bar""]","502 W Washington Ave, Madison, WI 53703",(608) 284-7448,http://thenitrolounge.com/,4.6,196.0,$20–30,Opens soon · 3 PM,"""Opens soon \u00b7 3\u202fPM""","{""tuesday"": ""3\u201310\u202fPM"", ""wednesday"": ""3\u201310\u202fPM"", ""thursday"": ""3\u201310\u202fPM"", ""friday"": ""12\u202fPM\u201312\u202fAM"", ""saturday"": ""10\u202fAM\u201312\u202fAM"", ""sunday"": ""12\u20138\u202fPM"", ""monday"": ""Closed""}","{""dine_in"": true, ""takeout"": false, ""delivery"": false}",,https://lh3.googleusercontent.com/gps-cs-s/APNQkAGTlsM9i2BfBbAJiiR4jCXwHHBixhtBqt-PMNKNokrbLbPlfg4BXqt_s0vZCUamt8Xlh3YfVsThT8AEpT3hatxUuRCLqL41O0GzgiSm8oQ0QNDtTzclEqINxuQECa4SJZ43h-Fl=w1000-h1000-c-n,43.0702038,-89.39104809999999,0.7607,True,3
240444,University of Wisconsin-Madison,coffee,ChIJ7_0bRMmsB4gRpfJjehtb960,0x8807acc9441bfdef:0xadf75b1b7a63f2a5,Java Den,Coffee shop,"[""Coffee shop"", ""Espresso bar"", ""Snack bar""]","1022 W Johnson St, Madison, WI 53715",(608) 259-9448,https://www.toasttab.com/javadenat1022/v3,4.1,53.0,$1–10,Open · Closes 5 PM,"""Open \u00b7 Closes 5\u202fPM""","{""tuesday"": ""7\u202fAM\u20135\u202fPM"", ""wednesday"": ""7\u202fAM\u20135\u202fPM"", ""thursday"": ""7\u202fAM\u20135\u202fPM"", ""friday"": ""7\u202fAM\u20135\u202fPM"", ""saturday"": ""Closed"", ""sunday"": ""Closed"", ""monday"": ""7\u202fAM\u20133\u202fPM""}","{""dine_in"": true, ""takeout"": true, ""delivery"": false}",,https://lh3.googleusercontent.com/gps-cs-s/APNQkAGHnGysXIdspf_0Y9jLff4fDvqgQd8XmqDVYS4-y7LySIIr8LW2iU0WBdUR-pWv2t3nJ4cKTTbbQYJElnuhMCxT6ZSaetpS4XB8dpCjvwuuNOcSr4brKcLeyXZ-ilYrDkoL9D45=w1000-h1000-c-n,43.072404,-89.4037582,0.2071,True,3
240444,University of Wisconsin-Madison,coffee,ChIJQ5M_mDZTBogRuziSZZAXFPY,0x88065336983f9343:0xf6141790659238bb,Bassett Street Brunch Club,Coffee shop,"[""Coffee shop"", ""Breakfast restaurant"", ""Brunch restaurant"", ""Donut shop"", ""Restaurant""]","444 W Johnson St, Madison, WI 53703",(608) 467-5051,http://www.brunchclubmadison.com/,4.3,1867.0,$10–20,Open · Closes 9 PM,"""Open \u00b7 Closes 9\u202fPM""","{""tuesday"": ""8\u202fAM\u20139\u202fPM"", ""wednesday"": ""8\u202fAM\u20139\u202fPM"", ""thursday"": ""8\u202fAM\u20139\u202fPM"", ""friday"": ""8\u202fAM\u201312\u202fAM"", ""saturday"": ""8\u202fAM\u201312\u202fAM"", ""sunday"": ""8\u202fAM\u20138\u202fPM"", ""monday"": ""8\u202fAM\u20139\u202fPM""}","{""dine_in"": true, ""takeout"": true, ""no_contact_delivery"": true}",Contemporary comfort food in retro digs. Vintage-themed diner offering elevated comfort foods including brunch & homemade donuts.,https://lh3.googleusercontent.com/gps-cs-s/APNQkAF_sYu9mmWkfQn2VKhVVOTe8BzTS_OevH76izOl-pHEkD--knJjOUAoK83XNDajihXJUvc6YdIzBBEylfaRQnKs34FZh0p6g_kRz-mEjFyYzWC_SysMJnmVn_SFNlfh8_0OTfAb=w1000-h1000-c-n,43.0726828,-89.3933473,0.5859,True,3
240444,University of Wisconsin-Madison,coffee,ChIJFyfNOzJTBogREknscSQkxMo,0x880653323bcd2717:0xcac4242471ec4912,Bandit - Tacos & Coffee,Coffee shop,"[""Coffee shop"", ""Breakfast restaurant"", ""Taco restaurant"", ""Lunch restaurant""]","640 W Washington Ave, Madison, WI 53703",(608) 720-1110,http://bandit-tacos.com/,4.5,567.0,$10–20,Open · Closes 8 PM,"""Open \u00b7 Closes 8\u202fPM""","{""tuesday"": ""8\u202fAM\u20138\u202fPM"", ""wednesday"": ""8\u202fAM\u20139\u202fPM"", ""thursday"": ""8\u202fAM\u20139\u202fPM"", ""friday"": ""8\u202fAM\u20139\u202fPM"", ""saturday"": ""8\u202fAM\u20139\u202fPM"", ""sunday"": ""8\u202fAM\u20138\u202fPM"", ""monday"": ""8\u202fAM\u20138\u202fPM""}","{""dine_in"": true, ""takeout"": true, ""no_contact_delivery"": true}",,https://lh3.googleusercontent.com/gps-cs-s/APNQkAGyy8KTvBuR2KNYKO44uGuryIopwOXcCTi7xz-_OaGzcyMLX23j8F_QpP3x4H80yNblBx1rjOewIkxbvlGgmJLYmZq5lrVRqdJnG1iLrvmsW2TM2V65yT3C7D0gPTJ3bqkkJy3M=w1000-h1000-c-n,43.0681749,-89.3946361,0.6985,True,3
240444,University of Wisconsin-Madison,coffee,ChIJmYpYWJxTBogRiSvH07ewob0,0x8806539c58588a99:0xbda1b0b7d3c72b89,MOKA,Coffee shop,"[""Coffee shop""]","711 State St Suite 100, Madison, WI 53703",(608) 709-5303,http://www.mymokacoffee.com/,4.4,37.0,$1–10,Open · Closes 7 PM,"""Open \u00b7 Closes 7\u202fPM""","{""tuesday"": ""7\u202fAM\u20137\u202fPM"", ""wednesday"": ""7\u202fAM\u20137\u202fPM"", ""thursday"": ""7\u202fAM\u20137\u202fPM"", ""friday"": ""7\u202fAM\u20136\u202fPM"", ""saturday"": ""7\u202fAM\u20136\u202fPM"", ""sunday"": ""9\u202fAM\u20135\u202fPM"", ""monday"": ""7\u202fAM\u20137\u202fPM""}","{""dine_in"": true, ""takeout"": true, ""delivery"": false}",,https://lh3.googleusercontent.com/gps-cs-s/APNQkAH5OB3Z7IVYsfY0JXMSXCwkfCl2OVmngP5O6CPDM2NwYnzgEfh-uIifr5wUANnZGV7UskeyEt3cBoNgUrEfebyMSPK9gZ60eJ1pnq5aHf5vA0URNjAas8K8Kxh48qZ0ckr-W5Yk=w1000-h1000-c-n,43.0748438,-89.3979378,0.3261,True,3
240444,University of Wisconsin-Madison,coffee,ChIJ27QEkEhTBogR2aXOrDVMWyU,0x880653489004b4db:0x255b4c35accea5d9,The Cafe,Coffee shop,"[""Coffee shop""]","1001 Wisconsin Pl, Madison, WI 53703",,,4.3,4.0,,Open · Closes 6 PM,"""Open \u00b7 Closes 6\u202fPM""","{""tuesday"": ""7\u202fAM\u20136\u202fPM"", ""wednesday"": ""7\u202fAM\u20136\u202fPM"", ""thursday"": ""7\u202fAM\u20136\u202fPM"", ""friday"": ""7\u202fAM\u20136\u202fPM"", ""saturday"": ""7\u202fAM\u20136\u202fPM"", ""sunday"": ""7\u202fAM\u20136\u202fPM"", ""monday"": ""7\u202fAM\u20136\u202fPM""}","{""dine_in"": true, ""takeout"": true, ""delivery"": false}",,https://lh3.googleusercontent.com/gps-cs-s/APNQkAHm1cy4F_zaaj9isYuTRPkvOilaGQ8BviXGytZrcvhPN_HsoE_auPvvLlZyOBRQU6iZsGzP17cRvWLcGp9_7zBG7LVkicd_lgFhSQs8KoCtUm2zRcnXs2QPIcA5VuF1o7vpGmkfVg=w1000-h1000-c-n,43.0790831,-89.38950229999999,0.7924,True,3
110705,University of California-Santa Barbara,coffee,ChIJF6QUx2k_6YARc9mkWr5O0ro,0x80e93f69c714a417:0xbad24ebe5aa4d973,IV Bagel Cafe,Bagel shop,"[""Bagel shop"", ""Breakfast restaurant"", ""Restaurant""]","6551 Trigo Rd #1, Isla Vista, CA 93117",(805) 685-7114,https://ivbagelcafe.com/,4.3,393.0,$1–10,Open · Closes 2 PM,"""Open \u00b7 Closes 2\u202fPM""","{""tuesday"": ""6:30\u202fAM\u20132\u202fPM"", ""wednesday"": ""6:30\u202fAM\u20132\u202fPM"", ""thursday"": ""6:30\u202fAM\u20132\u202fPM"", ""friday"": ""6:30\u202fAM\u20132\u202fPM"", ""saturday"": ""6:30\u202fAM\u20132\u202fPM"", ""sunday"": ""6:30\u202fAM\u20132\u202fPM"", ""monday"": ""6:30\u202fAM\u20132\u202fPM""}","{""dine_in"": true, ""takeout"": true, ""delivery"": true}","Busy spot for bagels & sandwiches. Popular daytime joint offering bagels, cream cheese spreads & sandwiches for breakfast & lunch.",https://lh3.googleusercontent.com/gps-proxy/ALd4DhEEvxiSfzniCXEcMkmHn9Do8uKWc5C15QmcswgMe2uDGtCzw31lBORudBTQG3UOatWqwNrmH0vGnUkxAIFz52Rw1zYFII45tizuCpTzTpg1NevnyO9SzcmyGoExua6t5IvsjT_CCIG0efANiPkhQAcC1l01vWoIw0UX9gS0R0k2IhX75_-rtgGi=w1000-h1000-c-n,34.4109851,-119.8570116,0.6857,True,3
110705,University of California-Santa Barbara,coffee,ChIJMw1km9VB6YARZU2hgkoRHEo,0x80e941d59b640d33:0x4a1c114a82a14d65,Jeannine's | Restaurant & Bakery,Cafe,"[""Cafe"", ""Bakery"", ""Breakfast restaurant"", ""Lunch restaurant""]","7060 Hollister Ave Suite 105, Goleta, CA 93117",(805) 869-6371,https://jeannines.com/,4.5,247.0,$20–30,Closes soon · 1:30 PM · Opens 7:30 AM Wed,"""Closes soon \u00b7 1:30\u202fPM \u00b7 Opens 7:30\u202fAM Wed""","{""tuesday"": ""7:30\u202fAM\u20131:30\u202fPM"", ""wednesday"": ""7:30\u202fAM\u20131:30\u202fPM"", ""thursday"": ""7:30\u202fAM\u20131:30\u202fPM"", ""friday"": ""7:30\u202fAM\u20131:30\u202fPM"", ""saturday"": ""7:30\u202fAM\u20131:30\u202fPM"", ""sunday"": ""7:30\u202fAM\u20131:30\u202fPM"", ""monday"": ""7:30\u202fAM\u20131:30\u202fPM""}","{""dine_in"": true, ""takeout"": true, ""delivery"": true}",,https://lh3.googleusercontent.com/gps-cs-s/APNQkAG9MdzUV2CPiYz3Dw9ai4RUWg64YUcQnV_MHSIxTuOrtA-EfO6A03zvxZeMa9WXGd1p18xFcO2utaFkcI_NKEHoY4oig2aG9bpR3QAl3_eJM7DuyXd4x6l-o6xyOvc1nfIdm7Rdew=w1000-h1000-c-n,34.431177,-119.8740625,1.976,True,3
110705,University of California-Santa Barbara,coffee,ChIJVRCyMQA_6YARKlz1FADM8vQ,0x80e93f0031b21055:0xf4f2cc0014f55c2a,Makenna Koffee Company,Coffee shop,"[""Coffee shop""]","6521 Pardall Rd, Isla Vista, CA 93117",,,,,,,{},{},{},,https://streetviewpixels-pa.googleapis.com/v1/thumbnail?panoid=_nG6nqkebAE_ts_RHN0dmQ&cb_client=search.gws-prod.gps&w=80&h=92&yaw=185.95918&pitch=0&thumbfov=100,34.412973099999995,-119.8547738,0.5232,True,3
110705,University of California-Santa Barbara,coffee,ChIJZ6y94AxB6YARtv_wKZODKyE,0x80e9410ce0bdac67:0x212b839329f0ffb6,Hochaya,Coffee shop,"[""Coffee shop"", ""Bubble tea store""]","7060 Hollister Ave #101, Goleta, CA 93117",(805) 324-4939,https://www.hochaya.com/,4.3,130.0,$,Open · Closes 9 PM,"""Open \u00b7 Closes 9\u202fPM""","{""tuesday"": ""12\u20139\u202fPM"", ""wednesday"": ""12\u20139\u202fPM"", ""thursday"": ""12\u20139\u202fPM"", ""friday"": ""12\u20139\u202fPM"", ""saturday"": ""12\u20139\u202fPM"", ""sunday"": ""12\u20139\u202fPM"", ""monday"": ""Closed""}","{""dine_in"": true, ""takeout"": true, ""delivery"": true}",,https://lh3.googleusercontent.com/gps-cs-s/APNQkAEV2uSM_5AtzuBcuNK5Q-VWLR8z1qo-S8eljVNC6hs1HA9v1zMG3IJEA2CXSOd6EjJ9syeUcxzfMhiAvDbkyC59kqw9cioXUqF4nCHklphpkd2aOUz6eZi2n3DC_Vh_5x98RbeB1A=w1000-h1000-c-n,34.431177,-119.8740625,1.976,True,3
110705,University of California-Santa Barbara,coffee,ChIJw1CSa2g_6YARtlH-wqTRjMw,0x80e93f686b9250c3:0xcc8cd1a4c2fe51b6,Blenders In The Grass - Isla Vista,Juice shop,"[""Juice shop""]","6560 Pardall Rd, Isla Vista, CA 93117",(805) 685-1134,http://www.drinkblenders.com/,4.6,84.0,$1–10,Open · Closes 10 PM,"""Open \u00b7 Closes 10\u202fPM""","{""tuesday"": ""7\u202fAM\u201310\u202fPM"", ""wednesday"": ""7\u202fAM\u201310\u202fPM"", ""thursday"": ""7\u202fAM\u201310\u202fPM"", ""friday"": ""7\u202fAM\u201310\u202fPM"", ""saturday"": ""8\u202fAM\u201310\u202fPM"", ""sunday"": ""8\u202fAM\u201310\u202fPM"", ""monday"": ""7\u202fAM\u201310\u202fPM""}","{""dine_in"": true, ""takeout"": true, ""delivery"": true}",Counter-serve smoothies & fruit bowls. Laid-back smoothie chain with a focus on healthy options serving simple blended drinks.,https://lh3.googleusercontent.com/gps-cs-s/APNQkAEP2KkpqyPMlpH64HsYV_VMFq47wRpM0ttlxTXoOuAm2jKqsOnL3PKnLEp3udZBuFWti0Vf7HqGf1w9rhKJIxANMRl518MpinxwMrhQt6wmlbPfXfQXPZXbDhsyQt__E5o2RHTP=w1000-h1000-c-n,34.4132425,-119.8565868,0.6214,True,3
110705,University of California-Santa Barbara,coffee,ChIJ9-U1TnlA6YAR2AB4K-RusdQ,0x80e940794e35e5f7:0xd4b16ee42b7800d8,Natural Cafe,Cafe,"[""Cafe"", ""Health food restaurant"", ""Restaurant"", ""Tex-Mex restaurant"", ""Vegan restaurant"", ""Vegetarian restaurant""]","6990 Market Pl Dr, Goleta, CA 93117",(805) 685-2039,http://www.thenaturalcafe.com/,4.4,408.0,$10–20,Open · Closes 9 PM,"""Open \u00b7 Closes 9\u202fPM""","{""tuesday"": ""11\u202fAM\u20139\u202fPM"", ""wednesday"": ""11\u202fAM\u20139\u202fPM"", ""thursday"": ""11\u202fAM\u20139\u202fPM"", ""friday"": ""11\u202fAM\u20139\u202fPM"", ""saturday"": ""11\u202fAM\u20139\u202fPM"", ""sunday"": ""11\u202fAM\u20139\u202fPM"", ""monday"": ""11\u202fAM\u20139\u202fPM""}","{""dine_in"": true, ""takeout"": true, ""delivery"": true}","Veg-friendly spot for healthy eats. Fresh, local Californian fare including salads, veggie sandwiches & made-to-order smoothies.",https://lh3.googleusercontent.com/gps-cs-s/APNQkAH5kRpBhN93QcH5dorJMHjDzbiCMJdL3Iq2eVwSnKEq7cYkWy5RBQsMzdWHfsY5xif7TXvpTUpvbDF5k1Y6y5-E8y87sO1X7uK2g6QFoVYdG23RKfq8f-jNE0OaKi4EZGCgcwM8=w1000-h1000-c-n,34.4294544,-119.8712772,1.7776,True,3
110705,University of California-Santa Barbara,coffee,ChIJybDr0h4_6YARzXCnUXtreGU,0x80e93f1ed2ebb0c9:0x65786b7b51a770cd,Best Coffee,Cafe,"[""Cafe""]","6560 Pardall Rd unit c, Goleta, CA 93117",,,,,,Open · Closes 4 PM,"""Open \u00b7 Closes 4\u202fPM""","{""tuesday"": ""7\u202fAM\u20134\u202fPM"", ""wednesday"": ""7\u202fAM\u20134\u202fPM"", ""thursday"": ""7\u202fAM\u20134\u202fPM"", ""friday"": ""7\u202fAM\u20134\u202fPM"", ""saturday"": ""7\u202fAM\u20136\u202fPM"", ""sunday"": ""7\u202fAM\u20136\u202fPM"", ""monday"": ""7\u202fAM\u20134\u202fPM""}","{""dine_in"": true, ""takeout"": true, ""delivery"": true}",,https://streetviewpixels-pa.googleapis.com/v1/thumbnail?panoid=pSG1zY-wh9pUlN0yGjmLsg&cb_client=search.gws-prod.gps&w=80&h=92&yaw=353.40912&pitch=0&thumbfov=100,34.413276499999995,-119.8567759,0.6317,True,3
110705,University of California-Santa Barbara,coffee,ChIJmwcCwjRB6YARHtNF3tGnPvs,0x80e94134c202079b:0xfb3ea7d1de45d31e,Starbucks Coffee Company,Coffee shop,"[""Coffee shop"", ""Cafe"", ""Coffee store"", ""Espresso bar""]","7127 Hollister Ave, Goleta, CA 93199",(805) 681-7474,https://www.starbucks.com/store-locator/store/1021772,4.1,31.0,$$,Open · Closes 7 PM,"""Open \u00b7 Closes 7\u202fPM""","{""tuesday"": ""6\u202fAM\u20137\u202fPM"", ""wednesday"": ""6\u202fAM\u20137\u202fPM"", ""thursday"": ""6\u202fAM\u20137\u202fPM"", ""friday"": ""6\u202fAM\u20137\u202fPM"", ""saturday"": ""6\u202fAM\u20137\u202fPM"", ""sunday"": ""6\u202fAM\u20137\u202fPM"", ""monday"": ""6\u202fAM\u20137\u202fPM""}","{""dine_in"": true, ""drive_through"": true, ""delivery"": false}","Iconic coffeehouse chain. Welcoming coffeehouse with handcrafted coffee, espresso & tea, plus breakfast, lunch & pastries.",https://lh3.googleusercontent.com/gps-cs-s/APNQkAGdkxadsmpeHMU5d39spJK---ii-IzwuxY61aDRI3SLBJIUf-vgA6PBToiBcLi0IJ3-YpKltzA02nN1E-pE4UedWOaVoUm_ieY_KSJkZUjhLrH2XpYte2k2X5PlZpC6Y2UV1tl8HQ=w1000-h1000-c-n,34.42817,-119.8766,1.9896,True,3
110705,University of California-Santa Barbara,coffee,ChIJnUWoZABB6YARufPXKKerpgI,0x80e9410064a8459d:0x2a6aba728d7f3b9,Slodoco Donuts,Bakery,"[""Bakery""]","290A Storke Rd, Goleta, CA 93117",(805) 770-3060,http://slodoco.com/,4.2,81.0,$1–10,Open 24 hours,"""Open 24 hours""","{""tuesday"": ""Open 24 hours"", ""wednesday"": ""Open 24 hours"", ""thursday"": ""Open 24 hours"", ""friday"": ""Open 24 hours"", ""saturday"": ""Open 24 hours"", ""sunday"": ""Open 24 hours"", ""monday"": ""Open 24 hours""}","{""dine_in"": true, ""takeout"": true, ""delivery"": false}",,https://lh3.googleusercontent.com/gps-cs-s/APNQkAGaNb6rRsdXgJyGDjCAEKnrmye-v9gvE2P4_uU-5XbHobcac3tGIzdM7BHBv3AqzePyh38__8ce5tommleRxsDplhdd0qxT4x1SzVuUmPqQsblCQfLN6OnYj7offQuWVO8aoY9DPLouBQY=w1000-h1000-c-n,34.428401,-119.8694663,1.6513,True,3
110705,University of California-Santa Barbara,coffee,ChIJk4RJQWNA6YARuTdYOkqSAH8,0x80e9406341498493:0x7f00924a3a5837b9,Starbucks Coffee Company,Coffee shop,"[""Coffee shop"", ""Breakfast restaurant"", ""Cafe"", ""Coffee store"", ""Espresso bar"", ""Internet cafe""]","173 N Fairview Ave, Goleta, CA 93117",(805) 681-1088,https://www.starbucks.com/store-locator/store/16536/,4.2,401.0,$1–10,Open · Closes 9 PM,"""Open \u00b7 Closes 9\u202fPM""","{""tuesday"": ""4:30\u202fAM\u20139\u202fPM"", ""wednesday"": ""4:30\u202fAM\u20139\u202fPM"", ""thursday"": ""4:30\u202fAM\u20139\u202fPM"", ""friday"": ""4:30\u202fAM\u20139\u202fPM"", ""saturday"": ""4:30\u202fAM\u20139\u202fPM"", ""sunday"": ""4:30\u202fAM\u20139\u202fPM"", ""monday"": ""4:30\u202fAM\u20139\u202fPM""}","{""dine_in"": true, ""takeout"": true, ""delivery"": true}","Iconic coffeehouse chain. Welcoming coffeehouse with handcrafted coffee, espresso & tea, plus breakfast, lunch & pastries.",https://lh3.googleusercontent.com/gps-proxy/ALd4DhFgvZ43M-_RGdUNmz_PJ9a69rXkfXat72trbmi8pECd-8fDMjQAzb5e6B12_tfT9i3sYNJpn45PHfJl2cHEtgDspADaOLq_ztfmVfnIcZ9V7SivbEUxPdVUB4XPk5qhokg524tkcLfvov7zLsByudfPyyxJtNTnoccCrqD4oDmZ6ussmOKboyn4=w1000-h1000-c-n,34.441887,-119.8324224,2.0337,True,3
110705,University of California-Santa Barbara,coffee,ChIJTToMzXxA6YARXdHfbcRHQfw,0x80e9407ccd0c3a4d:0xfc4147c46ddfd15d,Cajun Kitchen Cafe,Cafe,"[""Cafe"", ""Breakfast restaurant"", ""Brunch restaurant"", ""Cajun restaurant"", ""Lunch restaurant""]","6025 Calle Real, Goleta, CA 93117",(805) 770-3265,http://cajunkitchencafe.com/,4.6,843.0,$20–30,Open · Closes 2 PM,"""Open \u00b7 Closes 2\u202fPM""","{""tuesday"": ""7\u202fAM\u20132\u202fPM"", ""wednesday"": ""7\u202fAM\u20132\u202fPM"", ""thursday"": ""7\u202fAM\u20132\u202fPM"", ""friday"": ""7\u202fAM\u20132\u202fPM"", ""saturday"": ""7\u202fAM\u20132\u202fPM"", ""sunday"": ""7\u202fAM\u20132\u202fPM"", ""monday"": ""7\u202fAM\u20132\u202fPM""}","{""dine_in"": true, ""takeout"": true, ""delivery"": true}","Unassuming standby for New Orleans fare. New Orleans-style mini-chain serving cornbread & spicy standards in a bustling, no-frills setting.",https://lh3.googleusercontent.com/gps-cs-s/APNQkAHhk-8xagoAP3lgZ3-KMUEm0QoQZ72ZjA39ZYYKj5_ChBJPWqSfcNKX7hqXc1j8WSGicCcVQbdKL0a1lq3fAgBAe-RhtTFjtjDReyw1LaD9WW9EbMiPgzFUIG6Yx4kgLom9z3jm=w1000-h1000-c-n,34.4410564,-119.831504,2.0014,True,3
110705,University of California-Santa Barbara,coffee,ChIJ3ZVvSa5A6YAR4TuzI7qTQCo,0x80e940ae496f95dd:0x2a4093ba23b33be1,Anna's Marketplace Bakery,Coffee shop,"[""Coffee shop"", ""Bakery"", ""Donut shop"", ""Lunch restaurant"", ""Takeout Restaurant"", ""Sandwich shop"", ""Wedding bakery""]","7018 Market Pl Dr, Goleta, CA 93117",(805) 968-5590,http://www.annas-bakery.com/,4.5,262.0,$1–20,Open · Closes 5:30 PM,"""Open \u00b7 Closes 5:30\u202fPM""","{""tuesday"": ""6\u202fAM\u20135:30\u202fPM"", ""wednesday"": ""6\u202fAM\u20135:30\u202fPM"", ""thursday"": ""6\u202fAM\u20135:30\u202fPM"", ""friday"": ""6\u202fAM\u20135:30\u202fPM"", ""saturday"": ""6\u202fAM\u20135:30\u202fPM"", ""sunday"": ""6\u202fAM\u20134:30\u202fPM"", ""monday"": ""6\u202fAM\u20135:30\u202fPM""}","{""takeout"": true, ""delivery"": false}","Longtime bakery & cafe with custom cakes. Neighborhood bakeshop offering pastries, bagels, java drinks & bespoke cakes in a comfy atmosphere.",https://lh3.googleusercontent.com/gps-cs-s/APNQkAE7bxQL8UOFU9zfTGHQowORaWLPVNApoduMvkezgQshVtneMPKNhISgwdK2BVfLLUkwyOkbVRhwaWdU2Z2BFwoxPv0-8qBrlCqwL5iMwQN6L405Tgbn0HtvGeoG7XIRlh2N75ek=w1000-h1000-c-n,34.4294598,-119.8721309,1.8178,True,3
110705,University of California-Santa Barbara,coffee,ChIJw1Ng0mk_6YARVNDyeEbljGw,0x80e93f69d26053c3:0x6c8ce54678f2d054,Mojo's at ASIA 101,Bubble tea store,"[""Bubble tea store"", ""Asian fusion restaurant"", ""Sandwich shop""]","903 Embarcadero del Norte, Isla Vista, CA 93117",(805) 679-5395,http://www.mojocafes.com/,4.2,97.0,$,Open · Closes 8:30 PM,"""Open \u00b7 Closes 8:30\u202fPM""","{""tuesday"": ""11:30\u202fAM\u20138:30\u202fPM"", ""wednesday"": ""11:30\u202fAM\u20138:30\u202fPM"", ""thursday"": ""11:30\u202fAM\u20138:30\u202fPM"", ""friday"": ""11:30\u202fAM\u20138:30\u202fPM"", ""saturday"": ""11:30\u202fAM\u20138:30\u202fPM"", ""sunday"": ""11:30\u202fAM\u20138:30\u202fPM"", ""monday"": ""11:30\u202fAM\u20138:30\u202fPM""}","{""dine_in"": true, ""takeout"": true, ""delivery"": true}",,https://lh3.googleusercontent.com/gps-cs-s/APNQkAGpoztR_24OB9qT1wttyT4DHkXtRVPRF6m09dqkpULk-ZyeOwzASUzztGOYRO96s8NpD3jVBhsq2KEEaS-vDuMwMBQW1d-hicO0EeZu4lq9H3-gdcEONN66Jj4IZBFo4NUERNoi=w1000-h1000-c-n,34.4129345,-119.8555307,0.5659,True,3
110705,University of California-Santa Barbara,coffee,ChIJZXoawIhB6YARhpjphgCk2yM,0x80e94188c01a7a65:0x23dba40086e99886,Starbucks,Coffee shop,"[""Coffee shop"", ""Cafe"", ""Coffee store"", ""Espresso bar""]","6865 Hollister Ave, Goleta, CA 93117",(805) 979-3525,https://www.starbucks.com/store-locator/store/1026658,4.3,24.0,$1–10,Open · Closes 8 PM,"""Open \u00b7 Closes 8\u202fPM""","{""tuesday"": ""8\u202fAM\u20138\u202fPM"", ""wednesday"": ""8\u202fAM\u20138\u202fPM"", ""thursday"": ""8\u202fAM\u20138\u202fPM"", ""friday"": ""8\u202fAM\u20138\u202fPM"", ""saturday"": ""8\u202fAM\u20138\u202fPM"", ""sunday"": ""8\u202fAM\u20138\u202fPM"", ""monday"": ""8\u202fAM\u20138\u202fPM""}","{""dine_in"": true, ""takeout"": true, ""delivery"": false}","Iconic coffeehouse chain. Welcoming coffeehouse with handcrafted coffee, espresso & tea, plus breakfast, lunch & pastries.",https://lh3.googleusercontent.com/gps-cs-s/APNQkAEaa1TrXk2TQOUr5eAWTpMLV5tHKBM8SZ9iBUCfUpWVkeLP7awOA60K0Hu6lyk1mSS8YxCtTSX-ww-I-aiDct89ZMqUs9DdWZjOEvE3ZVqM1L6ILPPBWr0_sIEFLbAznCSZQgQdPg=w1000-h1000-c-n,34.42883,-119.86796,1.6,True,3
110705,University of California-Santa Barbara,coffee,ChIJTX9ZA2k_6YAR2TwItR2YKm4,0x80e93f6903597f4d:0x6e2a981db5083cd9,Spudnuts Donuts Isla Vista,Donut shop,"[""Donut shop"", ""Bagel shop"", ""Dessert shop"", ""Takeout Restaurant"", ""Sandwich shop""]","6530 Seville Rd UNIT 101, Isla Vista, CA 93117",(805) 845-4517,,4.4,60.0,$10–20,Open · Closes 8 PM,"""Open \u00b7 Closes 8\u202fPM""","{""tuesday"": ""8\u202fAM\u20138\u202fPM"", ""wednesday"": ""8\u202fAM\u20138\u202fPM"", ""thursday"": ""8\u202fAM\u20138\u202fPM"", ""friday"": ""8\u202fAM\u20138\u202fPM"", ""saturday"": ""8\u202fAM\u20138\u202fPM"", ""sunday"": ""8\u202fAM\u20138\u202fPM"", ""monday"": ""8\u202fAM\u20138\u202fPM""}","{""takeout"": true, ""delivery"": false}","Provider of potato flour donuts. Chain supplier of potato flour donuts, along with coffee, croissants & other baked goods.",https://lh3.googleusercontent.com/gps-cs-s/APNQkAEWC1KbP2XNRFkTanpBlS6Tw4FS9suWKvLHL0IIV5LK98VBBhJut5SPympNiYhhBEoaz0ssFlhMHiVhU6wAFPobpOF6lUY3f5g6YLY6E7lt3Lm8w3AwLqAtvklmp6IuCwl3IZyjzQ=w1000-h1000-c-n,34.4119196,-119.8548174,0.5459,True,3
110705,University of California-Santa Barbara,coffee,ChIJ1-LAza9A6YARgFCBWh36E8U,0x80e940afcdc0e2d7:0xc513fa1d5a815080,Starbucks Coffee Company,Coffee shop,"[""Coffee shop"", ""Breakfast restaurant"", ""Cafe"", ""Coffee store"", ""Espresso bar"", ""Internet cafe""]","Camino Real Marketplace, 7030 Market Pl Dr, Goleta, CA 93117",(805) 968-2591,https://www.starbucks.com/store-locator/store/15442/,4.0,377.0,$1–10,Open · Closes 9:30 PM,"""Open \u00b7 Closes 9:30\u202fPM""","{""tuesday"": ""5\u202fAM\u20139:30\u202fPM"", ""wednesday"": ""5\u202fAM\u20139:30\u202fPM"", ""thursday"": ""5\u202fAM\u20139:30\u202fPM"", ""friday"": ""5\u202fAM\u20139:30\u202fPM"", ""saturday"": ""5\u202fAM\u20139:30\u202fPM"", ""sunday"": ""5\u202fAM\u20139:30\u202fPM"", ""monday"": ""5\u202fAM\u20139:30\u202fPM""}","{""dine_in"": true, ""takeout"": true, ""delivery"": true}","Iconic coffeehouse chain. Welcoming coffeehouse with handcrafted coffee, espresso & tea, plus breakfast, lunch & pastries.",https://lh3.googleusercontent.com/gps-cs-s/APNQkAHuCTO2a3Aevo66BsCsje0BgARbSWJwp8Rjdxq3c_RsxqR7chnduTrj--IfPpRkOEk9do_L5yjy_8CGg2cXLjSNbRxqxr2qxXRD_H9RKwnnpYFSw5mwt2VHYSHku0k6ipPfCKc7=w1000-h1000-c-n,34.42954,-119.87241,1.834,True,3
110705,University of California-Santa Barbara,coffee,ChIJIfpm82g_6YARC1DyR_cZur0,0x80e93f68f366fa21:0xbdba19f747f2500b,Starbucks Coffee Company,Coffee shop,"[""Coffee shop"", ""Breakfast restaurant"", ""Cafe"", ""Coffee store"", ""Espresso bar"", ""Internet cafe""]","888 Embarcadero del Norte, Isla Vista, CA 93117",(805) 968-1192,https://www.starbucks.com/store-locator/store/12072/,4.2,190.0,$1–10,Open · Closes 9 PM,"""Open \u00b7 Closes 9\u202fPM""","{""tuesday"": ""5\u202fAM\u20139\u202fPM"", ""wednesday"": ""5\u202fAM\u20139\u202fPM"", ""thursday"": ""5\u202fAM\u20139\u202fPM"", ""friday"": ""5\u202fAM\u20139\u202fPM"", ""saturday"": ""5\u202fAM\u20139\u202fPM"", ""sunday"": ""5\u202fAM\u20139\u202fPM"", ""monday"": ""5\u202fAM\u20139\u202fPM""}","{""dine_in"": true, ""drive_through"": true, ""delivery"": true}","Iconic coffeehouse chain. Welcoming coffeehouse with handcrafted coffee, espresso & tea, plus breakfast, lunch & pastries.",https://lh3.googleusercontent.com/gps-proxy/ALd4DhHauscOpj_86LsKxIquSBt0lqQzVQevxTJcc34diMYd1Iz0TUByokw-yUbLWbgT2st6tU7SwTcK3VbmPWyx4_mvm_Mxk68VEycIOKvxdAG00OnouTMkhH4BAikleuPMn1SCniQ-YPlUagvK_Xa-9IouSMgyZ95s3Tjv39ocLftI8kUns5tI0xj2=w1000-h1000-c-n,34.413366,-119.855213,0.5427,True,3
110705,University of California-Santa Barbara,coffee,ChIJn2o1O5BB6YAREhUNwaihtCM,0x80e941903b356a9f:0x23b4a1a8c10d1512,Voxcafe,Cafe,"[""Cafe""]","5737 Hollister Ave, Goleta, CA 93117",(805) 964-9445,,,,,Open · Closes 5 PM,"""Open \u00b7 Closes 5\u202fPM""","{""tuesday"": ""9\u202fAM\u20135\u202fPM"", ""wednesday"": ""9\u202fAM\u20135\u202fPM"", ""thursday"": ""9\u202fAM\u20135\u202fPM"", ""friday"": ""9\u202fAM\u20135\u202fPM"", ""saturday"": ""Closed"", ""sunday"": ""Closed"", ""monday"": ""9\u202fAM\u20135\u202fPM""}","{""dine_in"": true, ""takeout"": true}",,https://streetviewpixels-pa.googleapis.com/v1/thumbnail?panoid=ehtan6lky4xGnL70clsyWA&cb_client=search.gws-prod.gps&w=80&h=92&yaw=172.47264&pitch=0&thumbfov=100,34.4355737,-119.8247953,1.8799,True,3
110705,University of California-Santa Barbara,coffee,ChIJmTL5nFRB6YARP8o6AjswBmc,0x80e941549cf93299:0x6706303b023aca3f,La Guerrerita Mexican Food,Coffee shop,"[""Coffee shop"", ""Mexican restaurant""]","5698 Hollister Ave A, Goleta, CA 93117",(805) 964-3136,https://www.laguerreritamexicanfoodca.com/,4.4,214.0,$10–20,Open · Closes 10:30 PM,"""Open \u00b7 Closes 10:30\u202fPM""","{""tuesday"": ""7\u202fAM\u201310:30\u202fPM"", ""wednesday"": ""7\u202fAM\u201310:30\u202fPM"", ""thursday"": ""7\u202fAM\u201310:30\u202fPM"", ""friday"": ""7\u202fAM\u201310:30\u202fPM"", ""saturday"": ""9\u202fAM\u201310:30\u202fPM"", ""sunday"": ""9\u202fAM\u201310:30\u202fPM"", ""monday"": ""7\u202fAM\u201310:30\u202fPM""}","{""dine_in"": true, ""drive_through"": true, ""no_contact_delivery"": true}",,https://lh3.googleusercontent.com/gps-cs-s/APNQkAFT8W78vfcwB5ssdFo1B5YCOT5qzCuQgIC72GjcFjEn3bCAL2Mc9GmBVSieh4b6tWy0zfzsdK3yeMwtBebfupXXVFKIHtGqJSKRLOt5NsKM62c4GO1aNefJrvbr_XpVBHJMGojW=w1000-h1000-c-n,34.435969199999995,-119.8230444,1.9654,True,3
110705,University of California-Santa Barbara,coffee,ChIJwdQl1nlA6YARzIrSPEiZwTI,0x80e94079d625d4c1:0x32c199483cd28acc,Spudnuts Donuts,Donut shop,"[""Donut shop"", ""Bakery"", ""Dessert shop"", ""Sandwich shop""]","5718 Hollister Ave, Goleta, CA 93117",(805) 845-1888,,4.2,175.0,$1–10,Open 24 hours,"""Open 24 hours""","{""tuesday"": ""Open 24 hours"", ""wednesday"": ""Open 24 hours"", ""thursday"": ""Open 24 hours"", ""friday"": ""Open 24 hours"", ""saturday"": ""Open 24 hours"", ""sunday"": ""Open 24 hours"", ""monday"": ""Open 24 hours""}","{""takeout"": true, ""delivery"": true}","Provider of potato flour donuts. Chain supplier of potato flour donuts, along with coffee, croissants & other baked goods.",https://lh3.googleusercontent.com/gps-cs-s/APNQkAGwlmbViOKEn9t7VXVgaWv3hKyojij-weo47JSC35bZzka1rKgYCDuDmohx3CkW_-YIgiPAZFc2mBOV0rw1iI8I2PGFWaEvhOGFtZM4UoCDPtMh43-RYcRl7pXqqe_1lZ2IuaraJg=w1000-h1000-c-n,34.4358356,-119.8237007,1.9339,True,3
110705,University of California-Santa Barbara,coffee,ChIJJ_b2CW4_6YAR4weZ5G1TZeU,0x80e93f6e09f6f627:0xe565536de49907e3,Starbucks Coffee Company,Coffee shop,"[""Coffee shop"", ""Cafe"", ""Coffee store"", ""Espresso bar""]","1180 University center, Santa Barbara, CA 93106",(805) 893-5345,https://www.starbucks.com/store-locator/store/1017308,3.3,30.0,$$,Open · Closes 6 PM,"""Open \u00b7 Closes 6\u202fPM""","{""tuesday"": ""7:30\u202fAM\u20136\u202fPM"", ""wednesday"": ""7:30\u202fAM\u20136\u202fPM"", ""thursday"": ""7:30\u202fAM\u20136\u202fPM"", ""friday"": ""7:30\u202fAM\u20135\u202fPM"", ""saturday"": ""10:30\u202fAM\u20134:30\u202fPM"", ""sunday"": ""Closed"", ""monday"": ""7:30\u202fAM\u20136\u202fPM""}","{""dine_in"": true, ""takeout"": true, ""delivery"": false}","Iconic coffeehouse chain. Welcoming coffeehouse with handcrafted coffee, espresso & tea, plus breakfast, lunch & pastries.",https://lh3.googleusercontent.com/gps-cs-s/APNQkAFq87ntGp6HzRWAhMHZPWuWfFacmbfRYoFf5HyOjWUlA18NiINl5vAW06NkbxYL5L05i9j_lj3_i7WdDpo7Vi4AB6wHveuEHxiJ3IpfVbCW3YRl7A0OF3rOrEE1PuV7UEAvkrhZ8g=w1000-h1000-c-n,34.41156,-119.8481,0.2474,True,3
110705,University of California-Santa Barbara,coffee,ChIJ__9PXaVA6YARkGdMYML2_sQ,0x80e940a55d4fffff:0xc4fef6c2604c6790,ExtraMile,Coffee shop,"[""Coffee shop"", ""Convenience store"", ""Gas station""]","6895 Hollister Ave, Goleta, CA 93117",(805) 968-2811,https://www.chevronextramile.com/station-finder/6895-hollister-ave-goleta-ca-93117-3017-id92580,1.8,4.0,,Open 24 hours,"""Open 24 hours""","{""tuesday"": ""Open 24 hours"", ""wednesday"": ""Open 24 hours"", ""thursday"": ""Open 24 hours"", ""friday"": ""Open 24 hours"", ""saturday"": ""Open 24 hours"", ""sunday"": ""Open 24 hours"", ""monday"": ""Open 24 hours""}","{""delivery"": false}",,https://lh3.googleusercontent.com/gps-cs-s/APNQkAGZ5oRrfPvBJxpIc2U9O692KFPEGhqgQkJoJvT1teLTiDsLMv7-8j8-mqKU2EVTcJMOkNXFRwuXUudY2zVrl1JDcuR695hJRhx9IpaPaTHZnDA493ZI2vSwNcc8oWk4WuZBz5dcxlt5Nlkl=w1000-h1000-c-n,34.429856099999995,-119.8692712,1.7026,True,3
110705,University of California-Santa Barbara,coffee,ChIJr_iEIJQ_6YARKfBDMnFEspA,0x80e93f942084f8af:0x90b244713243f029,Oakberry Acai Bowls & Smoothies | Isla Vista,Açaí shop,"[""A\u00e7a\u00ed shop"", ""Brazilian restaurant"", ""Breakfast restaurant"", ""Gluten-free restaurant"", ""Health food restaurant"", ""Juice shop"", ""Kosher restaurant"", ""Lunch restaurant"", ""Organic restaurant"", ""Vegan restaurant""]","6580 Pardall Rd, Isla Vista, CA 93117",(805) 837-5035,https://www.oakberry.com/,3.8,12.0,$10–20,Open · Closes 9 PM,"""Open \u00b7 Closes 9\u202fPM""","{""tuesday"": ""9\u202fAM\u20139\u202fPM"", ""wednesday"": ""9\u202fAM\u20139\u202fPM"", ""thursday"": ""9\u202fAM\u20139\u202fPM"", ""friday"": ""9\u202fAM\u20139\u202fPM"", ""saturday"": ""9\u202fAM\u20139\u202fPM"", ""sunday"": ""9\u202fAM\u20139\u202fPM"", ""monday"": ""9\u202fAM\u20139\u202fPM""}","{""dine_in"": true, ""takeout"": true, ""no_contact_delivery"": true}",,https://lh3.googleusercontent.com/gps-proxy/ALd4DhGWt34heedb5BBvnICmrOLW7CZvkDS2W4vSTXJmwm2mn1kiTxGwxZQEQkL4Fe0V9g-G1Df_k6w0FHQit5yGjXKoIqFPIqGJVM6mM53fbiIiu0f0k3W0KSAZvOqhIQVGadDMaFN0pybw2CP9y_7CfVQdaV8mgDbjKJZXotKqzgytt_H3xD9ynl1GsA=w1000-h1000-c-n,34.4133201,-119.8576663,0.6816,True,3
110705,University of California-Santa Barbara,coffee,ChIJuafOh69A6YARDLOlEhj7P1Y,0x80e940af87cea7b9:0x563ffb1812a5b30c,McDonald's,Coffee shop,"[""Coffee shop"", ""Breakfast restaurant"", ""Fast food restaurant"", ""Hamburger restaurant"", ""Restaurant"", ""Sandwich shop""]","6900 Market Pl Dr, Goleta, CA 93117",(805) 961-8159,https://www.mcdonalds.com/us/en-us/location/CA/GOLETA/6900-MARKETPLACE-DRIVE/21823.html?cid=RF:YXT:GMB::Clicks,4.0,786.0,$10–20,Open · Closes 12 AM,"""Open \u00b7 Closes 12\u202fAM""","{""tuesday"": ""5:30\u202fAM\u201312\u202fAM"", ""wednesday"": ""5:30\u202fAM\u201312\u202fAM"", ""thursday"": ""5:30\u202fAM\u201312\u202fAM"", ""friday"": ""5:30\u202fAM\u201312\u202fAM"", ""saturday"": ""5:30\u202fAM\u201312\u202fAM"", ""sunday"": ""5:30\u202fAM\u201312\u202fAM"", ""monday"": ""5:30\u202fAM\u201312\u202fAM""}","{""dine_in"": true, ""curbside_pickup"": true, ""no_contact_delivery"": true}","Iconic fast-food burger & fries chain. Classic, long-running fast-food chain known for its burgers & fries.",https://lh3.googleusercontent.com/gps-proxy/ALd4DhEyhBh4evZP3s8FX42kBwNkdVsNzkPZXKng-P1ZykrclYfv2xJcMsO08Gc16Q1Il3_MAaI2epUBqLgFyS-yXEbERIOfGR89ivl-3YIFQfQLeG8xMerWBOURzkOTTLMTWayN_-g_ExdYUSjL28_rtDyq9notf8PCvjHkw0JpSkpu39EP6e4WzxoN=w1000-h1000-c-n,34.4290263,-119.8701266,1.7071,True,3
110705,University of California-Santa Barbara,coffee,ChIJuVC-o2k_6YAR_NRLy0N5u8E,0x80e93f69a3be50b9:0xc1bb7943cb4bd4fc,7-Eleven,Coffee shop,"[""Coffee shop"", ""Beer store"", ""Convenience store"", ""Pizza restaurant""]","6545 Trigo Rd, Isla Vista, CA 93117",(805) 968-0425,https://www.7-eleven.com/locations/ca/isla-vista/6545-trigo-rd-36772?utm_source=G&utm_medium=local&utm_campaign=google-local,4.1,39.0,$,Open 24 hours,"""Open 24 hours""","{""tuesday"": ""Open 24 hours"", ""wednesday"": ""Open 24 hours"", ""thursday"": ""Open 24 hours"", ""friday"": ""Open 24 hours"", ""saturday"": ""Open 24 hours"", ""sunday"": ""Open 24 hours"", ""monday"": ""Open 24 hours""}","{""in_store_shopping"": true, ""delivery"": true}","Pit stop for snacks, drinks & daily essentials. Pit stop for snacks, drinks & daily essentials",https://lh3.googleusercontent.com/gps-cs-s/APNQkAGwqVpHv_0WAWdyGThLpia_ChKWEDbvCIK7JvFJDcCzf3oLVmv8MkFN1UqI6bHkfVeB7G4fVpc9m05dDYqykXzQUgezKe79rrV47ZKzlBwLyLFMHxGcXrRmjix1fowKz3qZeTH-=w1000-h1000-c-n,34.410714899999995,-119.8559009,0.6348,True,3
110705,University of California-Santa Barbara,coffee,ChIJ17c6GnxA6YAR8PpWv5C70oY,0x80e9407c1a3ab7d7:0x86d2bb90bf56faf0,McDonald's,Coffee shop,"[""Coffee shop"", ""Breakfast restaurant"", ""Fast food restaurant"", ""Hamburger restaurant"", ""Restaurant"", ""Sandwich shop""]","146 S Fairview Ave, Goleta, CA 93117",(805) 964-6313,https://www.mcdonalds.com/us/en-us/location/CA/GOLETA/146-S-FAIRVIEW-AVENUE/1103.html?cid=RF:YXT:GMB::Clicks,3.7,1230.0,$10–20,Open · Closes 12 AM,"""Open \u00b7 Closes 12\u202fAM""","{""tuesday"": ""5\u202fAM\u201312\u202fAM"", ""wednesday"": ""5\u202fAM\u201312\u202fAM"", ""thursday"": ""5\u202fAM\u201312\u202fAM"", ""friday"": ""5\u202fAM\u20131\u202fAM"", ""saturday"": ""5\u202fAM\u20131\u202fAM"", ""sunday"": ""5\u202fAM\u201312\u202fAM"", ""monday"": ""5\u202fAM\u201312\u202fAM""}","{""dine_in"": true, ""drive_through"": true, ""no_contact_delivery"": true}","Iconic fast-food burger & fries chain. Classic, long-running fast-food chain known for its burgers & fries.",https://lh3.googleusercontent.com/gps-proxy/ALd4DhFIj1ROpsRhYUYl8YqRtpD3gs3UIeNNGXc8jJ0Hfmn7rg_jiICBZ7tXXm0FcsifbtJQ7Fqx-xDbV2qrqBlXz-_lTLUQvNgBekBLTWp0TxeNQM97DAYU-bHPWryx60foZIHF7Fu02nS2TH4L_mih16U27Y-qJLeFsNqrnVITFew0HTyHqheCUmpW=w1000-h1000-c-n,34.4368598,-119.8301855,1.7771,True,3
204796,Ohio State University-Main Campus,coffee,ChIJcRWAm2uPOIgR1wnlXasUCFA,0x88388f6b9b801571:0x500814ab5de509d7,EspressOasis,Coffee shop,"[""Coffee shop""]","410 W 10th Ave, Columbus, OH 43210",(513) 509-0254,https://www.espressoasiscafe.com/,4.9,39.0,$1–10,Open · Closes 5 PM,"""Open \u00b7 Closes 5\u202fPM""","{""tuesday"": ""6\u202fAM\u20135\u202fPM"", ""wednesday"": ""6\u202fAM\u20135\u202fPM"", ""thursday"": ""6\u202fAM\u20135\u202fPM"", ""friday"": ""6\u202fAM\u20135\u202fPM"", ""saturday"": ""6:30\u202fAM\u20132\u202fPM"", ""sunday"": ""6:30\u202fAM\u20132\u202fPM"", ""monday"": ""6\u202fAM\u20135\u202fPM""}","{""takeout"": true, ""delivery"": false}",,https://lh3.googleusercontent.com/gps-cs-s/APNQkAFLC_8s3_s_Abnc0xuVpbUh43HPcGlYcttLnaKmrTmDehGMLCwX_5uCguGL4rD4AHSPy6NWORGoVMCBSU3F28mNpJ-7zFA4Sz2JXSLTrhpD7coQRPbXdoVCMg40RmorJDyGEI69r8SxR-y3=w1000-h1000-c-n,39.9946534,-83.0172043,0.6611,True,3
204796,Ohio State University-Main Campus,coffee,ChIJJ5E_agCPOIgR7kpHvcUIRzg,0x88388f006a3f9127:0x384708c5bd474aee,Mission Coffee Campus,Coffee shop,"[""Coffee shop""]","125 E Woodruff Ave, Columbus, OH 43201",,http://missioncoffeeco.com/,5.0,6.0,,Open · Closes 6 PM,"""Open \u00b7 Closes 6\u202fPM""","{""tuesday"": ""7\u202fAM\u20136\u202fPM"", ""wednesday"": ""7\u202fAM\u20136\u202fPM"", ""thursday"": ""7\u202fAM\u20136\u202fPM"", ""friday"": ""7\u202fAM\u20136\u202fPM"", ""saturday"": ""8\u202fAM\u20136\u202fPM"", ""sunday"": ""8\u202fAM\u20136\u202fPM"", ""monday"": ""7\u202fAM\u20136\u202fPM""}","{""dine_in"": true}",,https://lh3.googleusercontent.com/gps-cs-s/APNQkAEVHjXuWDfwiCk8fmhpdxpN5poO0_VpmqeGaM9dVXhSDb07UtpohujOHjay_FOLHpsI00L_IRf9U3-Jb3i4WWqEdJ93FdcDUTePuapHcv3frbZylmLoWUmIO88P74isjCz6vErM6RD5kbr1=w1000-h1000-c-n,40.0038079,-83.0052637,0.2812,True,3
204796,Ohio State University-Main Campus,coffee,ChIJ82s_AmuPOIgRFkoDH3GZjEY,0x88388f6b023f6bf3:0x468c99711f034a16,The Caffeine Element - Prior Cafe,Cafe,"[""Cafe""]","Prior Hall, 376 W 10th Ave, Columbus, OH 43210",(614) 247-6863,https://dining.osu.edu/dininglocations/the-caffeine-element/,4.4,14.0,$1–10,Open · Closes 5 PM,"""Open \u00b7 Closes 5\u202fPM""","{""tuesday"": ""7:30\u202fAM\u20135\u202fPM"", ""wednesday"": ""7:30\u202fAM\u20135\u202fPM"", ""thursday"": ""7:30\u202fAM\u20135\u202fPM"", ""friday"": ""7:30\u202fAM\u20135\u202fPM"", ""saturday"": ""Closed"", ""sunday"": ""Closed"", ""monday"": ""7:30\u202fAM\u20135\u202fPM""}","{""dine_in"": true, ""takeout"": true, ""delivery"": false}",,https://lh3.googleusercontent.com/gps-cs-s/APNQkAFhhiNrffK5o9AfIUxj1YUlFdrqFbY3NUlzZ5l4E0oZXdP8bCQUnowkoZ6wKJncBd0w3omynBzSRhmpSmYJa51ykCQKx8KGI0OSTp7dpegoVX9Txk5nPjOUuPFV6lCy87kdyd1PRw=w1000-h1000-c-n,39.9946656,-83.0172542,0.6628,True,3
204796,Ohio State University-Main Campus,coffee,ChIJKRLKtVaPOIgR3DCiQ2aVLPs,0x88388f56b5ca1229:0xfb2c956643a230dc,Daydreamer Coffee,Coffee shop,"[""Coffee shop""]","222 W Lane Ave, Columbus, OH 43201",,https://www.daydreamer.coffee/,4.0,42.0,$1–10,Closed · Opens 9 AM Wed,"""Closed \u00b7 Opens 9\u202fAM Wed""","{""tuesday"": ""9\u202fAM\u20132\u202fPM"", ""wednesday"": ""9\u202fAM\u20132\u202fPM"", ""thursday"": ""9\u202fAM\u20132\u202fPM"", ""friday"": ""9\u202fAM\u20132\u202fPM"", ""saturday"": ""9\u202fAM\u20132\u202fPM"", ""sunday"": ""9\u202fAM\u20132\u202fPM"", ""monday"": ""9\u202fAM\u20132\u202fPM""}","{""dine_in"": true, ""takeout"": true, ""delivery"": true}",,https://lh3.googleusercontent.com/gps-cs-s/APNQkAHjNpL-iPaqodNNDasBO-K0ldfLkrACAvell6kyXqz2ybFv1MKULCZWduvK0E7C0rtSnc8TnmmRmO5xiq1fid_0OIK2wYVCyz2fw9Q4PQvY76f93lI2N5uDi7KFajWkAHVTPPNiB4kddCM=w1000-h1000-c-n,40.0066667,-83.0155683,0.6599,True,3
204796,Ohio State University-Main Campus,coffee,ChIJMaoaVGKPOIgR_SVLLEvgt_E,0x88388f62541aaa31:0xf1b7e04b2c4b25fd,Manjul Coffee Roastery,Coffee shop,"[""Coffee shop""]","230 E 5th Ave, Columbus, OH 43201",,https://manjul.co/,,,,,{},{},"{""dine_in"": true, ""takeout"": true, ""delivery"": false}",,https://lh3.googleusercontent.com/gps-cs-s/APNQkAEChYjo4aD6b6qol2sSA27otGejTrhZfM_XiNagYLCHGdGB7kJ_eNtFbbEGUiOKEUjZ05v3Y1iDTnJfCFBd38--udYzWgi6D3Cfdx40uxahmF0jVXysNlinKWueWhU0Czmzuhx65HJi6scI=w1000-h1000-c-n,39.9870002,-82.9991555,0.9783,True,3
164988,Boston University,coffee,ChIJDWvHmkN544kRiZnaoSJqa8Y,0x89e379439ac76b0d:0xc66b6a22a1da9989,Heidi’s House of Coffee,Coffee shop,"[""Coffee shop""]","350 Longwood Ave, Boston, MA 02215",(857) 504-5245,https://instagram.com/heidis.houseofcoffee?igshid=YmMyMTA2M2Y=,4.6,69.0,$1–10,Closed · Opens 7 AM Wed,"""Closed \u00b7 Opens 7\u202fAM Wed""","{""tuesday"": ""7\u202fAM\u20133\u202fPM"", ""wednesday"": ""7\u202fAM\u20133\u202fPM"", ""thursday"": ""7\u202fAM\u20133\u202fPM"", ""friday"": ""7\u202fAM\u20133\u202fPM"", ""saturday"": ""Closed"", ""sunday"": ""Closed"", ""monday"": ""7\u202fAM\u20133\u202fPM""}","{""dine_in"": true, ""takeout"": true, ""delivery"": false}",,https://lh3.googleusercontent.com/gps-cs-s/APNQkAHehpLaitCpNhegP9lhnN8WOrHn-qAFL1M3wM4T6U0zdB9NxWjWr9d25dEGROTAOqb-sEiugUPllOh644Ol5D0yqix2GPIBcXtljqPhJT8HqahHlDaCC315m5XIRI5zdE3ogjY23xGuqbtg=w1000-h1000-c-n,42.3386237,-71.1072353,0.8495,True,3
164988,Boston University,coffee,ChIJueNI2apw44kRUyAncgwcQPk,0x89e370aad948e3b9:0xf9401c0c72272053,Flour Bakery + Cafe,Coffee shop,"[""Coffee shop"", ""Breakfast restaurant"", ""Cafe"", ""Bakery"", ""Lunch restaurant""]","190 Massachusetts Ave, Cambridge, MA 02139",(617) 225-2525,http://www.flourbakery.com/,4.5,1662.0,$10–20,Open · Closes 7 PM,"""Open \u00b7 Closes 7\u202fPM""","{""tuesday"": ""7\u202fAM\u20137\u202fPM"", ""wednesday"": ""7\u202fAM\u20137\u202fPM"", ""thursday"": ""7\u202fAM\u20137\u202fPM"", ""friday"": ""7\u202fAM\u20137\u202fPM"", ""saturday"": ""8\u202fAM\u20136\u202fPM"", ""sunday"": ""8\u202fAM\u20136\u202fPM"", ""monday"": ""7\u202fAM\u20137\u202fPM""}","{""dine_in"": true, ""takeout"": true, ""delivery"": true}",Pastry shop featuring French sweets. Branch of a local chain of pastry shops specializing in French treats like croissants & sticky buns.,https://lh3.googleusercontent.com/gps-cs-s/APNQkAEZDbUG7HvRq_icgI5-j921E4Ohg72uErlurCAc7sE3kgZT57wEaIQT3l8pExpPfq9_pjqivOAtH3VjEMaO62jufIikplICnxzOm8xev4vtPkP0QwlCgVai8NJ7C62A_AvScwDp=w1000-h1000-c-n,42.3610025,-71.0966286,0.7948,True,3
164988,Boston University,coffee,ChIJ0Ydhzf1544kRRKBO4IbGFSs,0x89e379fdcd6187d1:0x2b15c686e04ea044,Flour Bakery + Cafe,Coffee shop,"[""Coffee shop"", ""Breakfast restaurant"", ""Cafe"", ""Bakery"", ""Lunch restaurant""]","40 Erie St, Cambridge, MA 02139",(617) 945-0322,http://www.flourbakery.com/,4.6,679.0,$10–20,Open · Closes 7 PM,"""Open \u00b7 Closes 7\u202fPM""","{""tuesday"": ""7\u202fAM\u20137\u202fPM"", ""wednesday"": ""7\u202fAM\u20137\u202fPM"", ""thursday"": ""7\u202fAM\u20137\u202fPM"", ""friday"": ""7\u202fAM\u20137\u202fPM"", ""saturday"": ""8\u202fAM\u20136\u202fPM"", ""sunday"": ""8\u202fAM\u20136\u202fPM"", ""monday"": ""7\u202fAM\u20137\u202fPM""}","{""dine_in"": true, ""takeout"": true, ""no_contact_delivery"": true}",Pastry shop with sweets & sandwiches. Branch of a local chain of pastry shops specializing in French treats like croissants & sticky buns.,https://lh3.googleusercontent.com/gps-cs-s/APNQkAH0syKgWJIIBuHAs-mInlqsrsNFBP6LLq8Ox3gGBfW0BGGyGifzNjuGwt_peU-McdLwUxr-Up-f2bYK137sgDBE14gvhK4Dlpmwbij0fR4VC2yUYKWVvC2x25CfwKej44gTG1Yc=w1000-h1000-c-n,42.3577848,-71.1042062,0.58,True,3
186380,Rutgers University-New Brunswick,coffee,ChIJy3fZdGDHw4kRtr5_TVUG8wY,0x89c3c76074d977cb:0x6f306554d7fbeb6,Scarlet 158 Restaurant,Breakfast restaurant,"[""Breakfast restaurant"", ""American restaurant"", ""Brunch restaurant"", ""Cafe"", ""Diner"", ""Espresso bar"", ""Family restaurant"", ""Restaurant""]","158 Louis St, New Brunswick, NJ 08901",(732) 543-0677,https://scarletrestaurant158.com/,4.6,202.0,$10–20,Open · Closes 8 PM,"""Open \u00b7 Closes 8\u202fPM""","{""tuesday"": ""5:30\u202fAM\u20138\u202fPM"", ""wednesday"": ""5:30\u202fAM\u20138\u202fPM"", ""thursday"": ""5:30\u202fAM\u20138\u202fPM"", ""friday"": ""5:30\u202fAM\u20138\u202fPM"", ""saturday"": ""5:30\u202fAM\u20138\u202fPM"", ""sunday"": ""5:30\u202fAM\u20135\u202fPM"", ""monday"": ""5:30\u202fAM\u20138\u202fPM""}","{""dine_in"": true, ""curbside_pickup"": true, ""no_contact_delivery"": true}",,https://lh3.googleusercontent.com/gps-cs-s/APNQkAEXosPdnEdZe2kzo1O6G3ZmCAylEl8y7BIzORl2roHjvDowcfukEMhG2Ghkss-5wRwwT8VXTNrd5Snby0mQzR7xFF7LiAnrqhpfAkzWWiwcyoK_sMy_6-9ysw71XGNlZval8g1c=w1000-h1000-c-n,40.4983086,-74.4575531,0.5939,True,3
186380,Rutgers University-New Brunswick,coffee,ChIJafWMLjXGw4kRGzHXzdQx91k,0x89c3c6352e8cf569:0x59f731d4cdd7311b,Dish Cafe,Cafe,"[""Cafe"", ""Breakfast restaurant"", ""Restaurant""]","327 Raritan Ave, Highland Park, NJ 08904",(732) 828-8804,https://www.facebook.com/Dish-Cafe-157087814303136/,4.3,348.0,$10–20,Closed · Opens 7:30 AM Wed,"""Closed \u00b7 Opens 7:30\u202fAM Wed""","{""tuesday"": ""7:30\u202fAM\u20132:30\u202fPM"", ""wednesday"": ""7:30\u202fAM\u20132:30\u202fPM"", ""thursday"": ""7:30\u202fAM\u20132:30\u202fPM"", ""friday"": ""7:30\u202fAM\u20132:30\u202fPM"", ""saturday"": ""7:30\u202fAM\u20132:30\u202fPM"", ""sunday"": ""7:30\u202fAM\u20132:30\u202fPM"", ""monday"": ""7:30\u202fAM\u20132:30\u202fPM""}","{""dine_in"": true, ""takeout"": true, ""no_contact_delivery"": true}","American diner with booth seats. Simple diner with booth seating serving breakfast & global lunch fare, plus daily specials.",https://lh3.googleusercontent.com/gps-cs-s/APNQkAGDTunjj7nzBGjeMLGBVdYtF9T1rcXMmQvMESmw7qDcyAuTPAU9HArJipP-cyHuiYHsmFl0vdxLgKkq2M916Bz05sivb_kuXf2UiNchd9ei51JwwT7SJY94s-PBsDeW8VgBTHTcwA=w1000-h1000-c-n,40.4996905,-74.4267023,1.0299,True,3
186380,Rutgers University-New Brunswick,coffee,ChIJQ3ulFFTGw4kR7lV4oOziees,0x89c3c65414a57b43:0xeb79e2eca07855ee,Starbucks,Coffee shop,"[""Coffee shop"", ""Breakfast restaurant"", ""Cafe"", ""Coffee store"", ""Espresso bar"", ""Internet cafe""]","38 College Ave, New Brunswick, NJ 08901",(732) 220-0014,https://www.starbucks.com/store-locator/store/1017875,4.1,317.0,$1–10,Open · Closes 9 PM,"""Open \u00b7 Closes 9\u202fPM""","{""tuesday"": ""5\u202fAM\u20139\u202fPM"", ""wednesday"": ""5\u202fAM\u20139\u202fPM"", ""thursday"": ""5\u202fAM\u20139\u202fPM"", ""friday"": ""5\u202fAM\u20139\u202fPM"", ""saturday"": ""5\u202fAM\u20139\u202fPM"", ""sunday"": ""5\u202fAM\u20139\u202fPM"", ""monday"": ""5\u202fAM\u20139\u202fPM""}","{""dine_in"": true, ""takeout"": true, ""delivery"": true}","Iconic coffeehouse chain. Welcoming coffeehouse with handcrafted coffee, espresso & tea, plus breakfast, lunch & pastries.",https://lh3.googleusercontent.com/gps-proxy/ALd4DhFgvZ43M-_RGdUNmz_PJ9a69rXkfXat72trbmi8pECd-8fDMjQAzb5e6B12_tfT9i3sYNJpn45PHfJl2cHEtgDspADaOLq_ztfmVfnIcZ9V7SivbEUxPdVUB4XPk5qhokg524tkcLfvov7zLsByudfPyyxJtNTnoccCrqD4oDmZ6ussmOKboyn4=w1000-h1000-c-n,40.4992682,-74.4482769,0.1114,True,3
186380,Rutgers University-New Brunswick,coffee,ChIJERbiRgDHw4kRupT19sLQYe0,0x89c3c70046e21611:0xed61d0c2f6f594ba,Maru's Tea House,Coffee shop,"[""Coffee shop""]","342 George St, New Brunswick, NJ 08901",,,,,,,{},{},{},,https://lh3.googleusercontent.com/gps-cs-s/APNQkAE-B6u2ibH01N8_5pCbV8z3PVWZp0BMBhV6_vwJoDtgLBuFt8vcsqAXMQ_08Ca7MJ1XlwQ8TDUfsV7g-oqwcnzo7ZgbcQNA2sY4u5mwtUra52YPWw8yhQLBAC5w9IZovas7aN8I0kdfE14=w1000-h1000-c-n,40.4941436,-74.4439757,0.3408,True,3
186380,Rutgers University-New Brunswick,coffee,ChIJDdXu5IbHw4kRU4MwviE3XuA,0x89c3c786e4eed50d:0xe05e3721be308353,cafe west,Cafe,"[""Cafe""]","15 Seminary Pl, New Brunswick, NJ 08901",,http://food.rutgers.edu/places-to-eat/,3.5,27.0,,Open · Closes 11 PM,"""Open \u00b7 Closes 11\u202fPM""","{""tuesday"": ""9\u202fAM\u201311\u202fPM"", ""wednesday"": ""9\u202fAM\u201311\u202fPM"", ""thursday"": ""9\u202fAM\u201311\u202fPM"", ""friday"": ""9\u202fAM\u20138\u202fPM"", ""saturday"": ""Closed"", ""sunday"": ""Closed"", ""monday"": ""9\u202fAM\u201311\u202fPM""}","{""dine_in"": true, ""takeout"": true, ""delivery"": false}",,https://lh3.googleusercontent.com/gps-cs-s/APNQkAEfi6JPULx3iBap1sHj6hi-68w9THBcDk51t0WnOV9K-UxFEB40c4M0I6ufhleldB-bhQYaS-hV2xZUj5tpc_h30CiWjerWKghLs2B76GFEI0YL9eyTL8kaAMnbtzZkOuDdLJg4Rg=w1000-h1000-c-n,40.5021157,-74.4485029,0.26,True,3
186380,Rutgers University-New Brunswick,coffee,ChIJgShSQwDHw4kRfAju6DayBJg,0x89c3c70043522881:0x9804b236e8ee087c,7 eleven,Coffee shop,"[""Coffee shop""]","286 George St, New Brunswick, NJ 08901",,,4.0,1.0,,,{},{},{},,https://lh3.googleusercontent.com/gps-cs-s/APNQkAERGp0fqwVry8yhXJpL6RO4CuuMM4d0YiRCTom4Ox-6YCLTclMnt9_IZkcf_HmTLklUmULGr1e4EcFs_Nix5AIGHrVoLk-HrHlzAZvKbKT6knqpVpRM65IVHGTe8c06HGcyWLZgfH2HiJs=w1000-h1000-c-n,40.4916649,-74.4430496,0.5185,True,3
186380,Rutgers University-New Brunswick,coffee,ChIJMZBkB1fGw4kR_ED9EWl077k,0x89c3c65707649031:0xb9ef746911fd40fc,Starbucks,Coffee shop,"[""Coffee shop""]","1 Robert Wood Johnson Hospital, New Brunswick, NJ 08903",(732) 220-0003,https://www.starbucks.com/store-locator/store/1021130,3.5,114.0,$1–10,Open · Closes 10 PM,"""Open \u00b7 Closes 10\u202fPM""","{""tuesday"": ""5:30\u202fAM\u201310\u202fPM"", ""wednesday"": ""5:30\u202fAM\u201310\u202fPM"", ""thursday"": ""5:30\u202fAM\u201310\u202fPM"", ""friday"": ""5:30\u202fAM\u201310\u202fPM"", ""saturday"": ""7\u202fAM\u20138\u202fPM"", ""sunday"": ""7\u202fAM\u20138\u202fPM"", ""monday"": ""5:30\u202fAM\u201310\u202fPM""}","{""dine_in"": true, ""drive_through"": true, ""delivery"": false}","Iconic coffeehouse chain. Welcoming coffeehouse with handcrafted coffee, espresso & tea, plus breakfast, lunch & pastries.",https://lh3.googleusercontent.com/gps-cs-s/APNQkAG2uM2Yubw6oc0Bs6his1fQFVuxgsGjRUlKQ4yeu_dNWPvicsbRPC-0AGHlUfH4-G2MVZcdzTZa9Va2lOdQKydIh42Br-kv4hQMjEZFJFqDjNkfHr4IDP8D3XoIe05lzm28SoKI=w1000-h1000-c-n,40.49557,-74.44988,0.2909,True,3
186380,Rutgers University-New Brunswick,coffee,ChIJixoSBQDHw4kRts6D8WlrTe8,0x89c3c70005121a8b:0xef4d6b69f183ceb6,Juice Junction,Coffee shop,"[""Coffee shop""]","111 Somerset St, New Brunswick, NJ 08901",,,,,,,{},{},"{""dine_in"": true, ""takeout"": true}",,https://lh3.googleusercontent.com/gps-cs-s/APNQkAG4k0bCR_OL-XI2In3tCVKEgm2N6r9LsHCF_Zm-k8ak8-0NUmT1attGMAHe0zR8iYuoaPbTWyLvy_CpsLamy4ERR4ELt9R4iX-DUZesjoun5f1gybl4uJ_tiodsZ58vjwPl4gqx=w1000-h1000-c-n,40.4975542,-74.4477611,0.1145,True,3
186380,Rutgers University-New Brunswick,coffee,ChIJr3D5__bGw4kRb5NVfFsiyc8,0x89c3c6f6fff970af:0xcfc9225b7c55936f,La Oaxaqueña Grocery,Coffee shop,"[""Coffee shop""]","183 French St, New Brunswick, NJ 08901",(732) 545-1383,,3.6,33.0,,Open · Closes 9 PM,"""Open \u00b7 Closes 9\u202fPM""","{""tuesday"": ""10\u202fAM\u20139\u202fPM"", ""wednesday"": ""10\u202fAM\u20139\u202fPM"", ""thursday"": ""10\u202fAM\u20139\u202fPM"", ""friday"": ""10\u202fAM\u20139\u202fPM"", ""saturday"": ""10\u202fAM\u20139\u202fPM"", ""sunday"": ""10\u202fAM\u20139\u202fPM"", ""monday"": ""10\u202fAM\u20139\u202fPM""}",{},,https://lh3.googleusercontent.com/gps-cs-s/APNQkAEX-OmBvB0j2AFSQhwYkRHtJ0awn8rCKGSaKkh5EnNfGmjGAg7jeC5asmgCVKaCCJzRr4ZipvgQuNWuC1FB-F8kFvgcUIrUMOQTHem5k4AjHp3ZcRe_7OBYbgTY6vyK5wuNKVZa=w1000-h1000-c-n,40.4915666,-74.4555135,0.6951,True,3
186380,Rutgers University-New Brunswick,coffee,ChIJKcY9RFXGw4kRa253eKCv6eY,0x89c3c655443dc629:0xe6e9afa078776e6b,Panera Bread,Coffee shop,"[""Coffee shop"", ""Bakery"", ""Breakfast restaurant"", ""Caterer"", ""Cafe"", ""Delivery service"", ""Takeout Restaurant"", ""Salad shop"", ""Sandwich shop"", ""Soup restaurant""]","126 College Ave, New Brunswick, NJ 08901",(732) 509-3792,https://www.panerabread.com/en-us/cafe/locations/nj/new-brunswick/126-college-ave?utm_medium=local&utm_source=google&utm_campaign=dpm-dist&utm_term=606003&utm_content=main,4.1,224.0,$10–20,Open · Closes 9 PM,"""Open \u00b7 Closes 9\u202fPM""","{""tuesday"": ""8\u202fAM\u20139\u202fPM"", ""wednesday"": ""9\u202fAM\u20137\u202fPM"", ""thursday"": ""9\u202fAM\u20137\u202fPM"", ""friday"": ""9\u202fAM\u20135\u202fPM"", ""saturday"": ""9\u202fAM\u20135\u202fPM"", ""sunday"": ""9\u202fAM\u20135\u202fPM"", ""monday"": ""9\u202fAM\u20137\u202fPM""}","{""dine_in"": true, ""takeout"": true, ""no_contact_delivery"": true}","Bakery/cafe chain with free WiFi. Counter-serve bakery/cafe chain serving sandwiches, salads & more, known for its bread & free WiFi.",https://lh3.googleusercontent.com/gps-proxy/ALd4DhHc3NMJ9OBPY-2AsBPjHeOF7yG3GLT8LHklh9JQe-Hg41xytP_WTMT3uBc8BuctyMLD_nyW6TGzHXeV1lVlLviXhj0rFl6fy_etVRRSkTOJa94dPKwD6CkzsAzFwKWMqfKEs3vGPw0vNXmccCUQak7AzwuVs_Akoc_rMuPFSqufB23IwfjdsAEmUA=w1000-h1000-c-n,40.502629,-74.451724,0.3921,True,3
186380,Rutgers University-New Brunswick,coffee,ChIJOZDUWFDGw4kRMtGVKbt0KUI,0x89c3c65058d49039:0x422974bb2995d132,Dunkin',Coffee shop,"[""Coffee shop"", ""Bagel shop"", ""Bakery"", ""Breakfast restaurant"", ""Donut shop"", ""Fast food restaurant"", ""Takeout Restaurant""]","335 George St, New Brunswick, NJ 08901",(732) 246-2070,https://locations.dunkindonuts.com/en/nj/new-brunswick/335-george-st/340510?utm_source=google&utm_medium=local&utm_campaign=localmaps&utm_content=340510&y_source=1_MTIxMDYxOTctNzE1LWxvY2F0aW9uLndlYnNpdGU%3D,3.6,325.0,$1–10,Open · Closes 9 PM,"""Open \u00b7 Closes 9\u202fPM""","{""tuesday"": ""5\u202fAM\u20139\u202fPM"", ""wednesday"": ""5\u202fAM\u20139\u202fPM"", ""thursday"": ""5\u202fAM\u20139\u202fPM"", ""friday"": ""5\u202fAM\u20139\u202fPM"", ""saturday"": ""5\u202fAM\u20139\u202fPM"", ""sunday"": ""5\u202fAM\u20139\u202fPM"", ""monday"": ""5\u202fAM\u20139\u202fPM""}","{""dine_in"": true, ""curbside_pickup"": true, ""delivery"": true}",Chain known for breakfast & coffee. Long-running chain serving signature breakfast items & a variety of coffee drinks.,https://lh3.googleusercontent.com/gps-cs-s/APNQkAFJg0hEOyFYswBNPMliKjEn7vv9McCOL9Yj73hPT-STuIGckAMbxSuhq2Yj17PYLeN4aNUKnslmbjOBi2lbBoDGCDYUJcQLXf2jGT62sAh39td_1ZTzOj_fU3y0x8GxFvjpxoPl=w1000-h1000-c-n,40.4938611,-74.4433324,0.3719,True,3
163286,University of Maryland-College Park,coffee,ChIJ-b_FbWTHt4kR8m_ms9y8Y5o,0x89b7c7646dc5bff9:0x9a63bcdcb3e66ff2,LI CHUN CAFE,Coffee shop,"[""Coffee shop"", ""Cafe"", ""Restaurant"", ""Dessert restaurant"", ""Tea house""]","7401 Baltimore Ave Suite 1C, College Park, MD 20740",(240) 667-2050,http://lichuncafe.com/,4.6,181.0,$10–20,Open · Closes 8:30 PM,"""Open \u00b7 Closes 8:30\u202fPM""","{""tuesday"": ""11\u202fAM\u20138:30\u202fPM"", ""wednesday"": ""11\u202fAM\u20138:30\u202fPM"", ""thursday"": ""11\u202fAM\u20138:30\u202fPM"", ""friday"": ""11\u202fAM\u20138:30\u202fPM"", ""saturday"": ""11\u202fAM\u20138:30\u202fPM"", ""sunday"": ""12\u20138:30\u202fPM"", ""monday"": ""Closed""}","{""dine_in"": true, ""takeout"": true, ""delivery"": true}",,https://lh3.googleusercontent.com/gps-proxy/ALd4DhHfTbetprM_26AJOw7s_eb1_86zrSMF_fTu2_ZKVTZAomNuf1vasRTa8G3NQ85GRXmuar4d2Y8t38ah-YFXR8Vdv5386SmntnXfFd11VdThIymG2uvnIIQhfMM5XJj4roT-9ycqnW-fszc5X-bJlsf0tHMITtMOqn1x1RUyZF7gcShjGlCMxlDi=w1000-h1000-c-n,38.9811296,-76.9373669,0.0401,True,3
163286,University of Maryland-College Park,coffee,ChIJFdtXA5fGt4kRoMvdD5gKoZo,0x89b7c6970357db15:0x9aa10a980fddcba0,Footnotes Cafe,Coffee shop,"[""Coffee shop""]","7649 S Library Ln, College Park, MD 20742",(301) 314-0371,https://dining.umd.edu/hours-locations/cafes,3.9,32.0,$1–10,Open · Closes 10 PM,"""Open \u00b7 Closes 10\u202fPM""","{""tuesday"": ""8\u202fAM\u201310\u202fPM"", ""wednesday"": ""8\u202fAM\u201310\u202fPM"", ""thursday"": ""8\u202fAM\u201310\u202fPM"", ""friday"": ""8\u202fAM\u20132\u202fPM"", ""saturday"": ""Closed"", ""sunday"": ""3\u201310\u202fPM"", ""monday"": ""8\u202fAM\u201310\u202fPM""}","{""dine_in"": true, ""takeout"": true, ""delivery"": false}",,https://lh3.googleusercontent.com/gps-cs-s/APNQkAGLdgIhljqyJfLT6zB4V-LF1cyW9DG1yH8mnUgn_0DGgKcQqKDccjvq8PFxpOte-aEPeuwRX_MpSDL0g_ixVfSHUsa-FK9PT82HxNHaPZDiDEcYyTw7fo9SliuXVQjJYhs9-P2OjA=w1000-h1000-c-n,38.9861159,-76.9448237,0.5675,True,3
163286,University of Maryland-College Park,coffee,ChIJ2eT6OSDHt4kRsuW3dvLeIpI,0x89b7c72039fae4d9:0x9222def276b7e5b2,Busboys and Poets,Coffee shop,"[""Coffee shop"", ""American restaurant"", ""Bar"", ""Book store"", ""Restaurant"", ""Cultural association"", ""Event venue"", ""Gastropub"", ""Vegan restaurant"", ""Vegetarian restaurant""]","5331 Baltimore Ave, Hyattsville, MD 20781",(301) 779-2787,http://www.busboysandpoets.com/about/hyattsville,4.3,4499.0,$20–30,Open · Closes 10 PM,"""Open \u00b7 Closes 10\u202fPM""","{""tuesday"": ""8\u202fAM\u201310\u202fPM"", ""wednesday"": ""8\u202fAM\u201310\u202fPM"", ""thursday"": ""8\u202fAM\u201310\u202fPM"", ""friday"": ""8\u202fAM\u201311\u202fPM"", ""saturday"": ""9\u202fAM\u201311\u202fPM"", ""sunday"": ""9\u202fAM\u201310\u202fPM"", ""monday"": ""8\u202fAM\u201310\u202fPM""}","{""dine_in"": true, ""takeout"": true, ""no_contact_delivery"": true}","Hip hangout for books, bites & coffee. Lively neighborhood haunt serving as a bookstore, coffee shop & restaurant focused on global fare.",https://lh3.googleusercontent.com/gps-proxy/ALd4DhF20rmb5d_4wcgt6xMs2rqCNiHjHalU61N97hvuj7st5NRjr8Bpe0y9mBcTz5reTXrykPAC1vwazx-HIdOaYa1_E7KTelJZqOH9U4hpczUoEKw5e-s2_x71HGgfpf-BD4-7Obbj9e0JJJwR-rFXvqD5wRDDjRElbbku9sy2Z7p--0sQtqWwLQWI=w1000-h1000-c-n,38.9549861,-76.9399546,1.7818,True,3
163286,University of Maryland-College Park,coffee,ChIJTban2iPFt4kRDaIKy5OmkYw,0x89b7c523daa7b64d:0x8c91a693cb0aa20d,Cuppa Tea,Bubble tea store,"[""Bubble tea store""]","G115b, 8700 Baltimore Ave, College Park, MD 20740",(227) 291-9413,https://www.cuppatea.us/,4.3,195.0,$,Open · Closes 10 PM,"""Open \u00b7 Closes 10\u202fPM""","{""tuesday"": ""12\u201310\u202fPM"", ""wednesday"": ""12\u201310\u202fPM"", ""thursday"": ""12\u201310\u202fPM"", ""friday"": ""12\u201311\u202fPM"", ""saturday"": ""12\u201311\u202fPM"", ""sunday"": ""12\u201310\u202fPM"", ""monday"": ""12\u201310\u202fPM""}","{""dine_in"": true, ""takeout"": true, ""delivery"": true}",,https://lh3.googleusercontent.com/gps-cs-s/APNQkAF8YOkaty5bH95oUt4NaQACm3V4RPYF0JOeRlrkcp3ayee423sHk7C3rsbHeCiBmyM4qtrAM2ZNAbWtKcByA8l6VNYdJM01qLqNnsaShRh12-ral0qsV35Tu4fhLvd487I9vXG7TA=w1000-h1000-c-n,38.9974021,-76.9319864,1.1863,True,3
163286,University of Maryland-College Park,coffee,ChIJhT4lVvzDt4kRTITLSj890OU,0x89b7c3fc56253e85:0xe5d03d3f4acb844c,Starbucks Coffee Company,Coffee shop,"[""Coffee shop"", ""Cafe"", ""Coffee store"", ""Espresso bar""]","6100 Greenbelt Rd, Greenbelt, MD 20770",(301) 837-0054,https://www.starbucks.com/store-locator/store/20307,3.2,64.0,$1–10,Open · Closes 8 PM,"""Open \u00b7 Closes 8\u202fPM""","{""tuesday"": ""8\u202fAM\u20138\u202fPM"", ""wednesday"": ""8\u202fAM\u20138\u202fPM"", ""thursday"": ""8\u202fAM\u20138\u202fPM"", ""friday"": ""8\u202fAM\u20138\u202fPM"", ""saturday"": ""8\u202fAM\u20138\u202fPM"", ""sunday"": ""8\u202fAM\u20138\u202fPM"", ""monday"": ""8\u202fAM\u20138\u202fPM""}","{""dine_in"": true, ""drive_through"": true, ""delivery"": false}","Iconic coffeehouse chain. Welcoming coffeehouse with handcrafted coffee, espresso & tea, plus breakfast, lunch & pastries.",https://lh3.googleusercontent.com/gps-cs-s/APNQkAG6LOnhcQt8SHF3x3BX_xyDo4d109EIuFAaUdY-H1fA4MtyFEX8KhYYCujmQtq3wnbtjBN0Qt-HDUqtLEfPoD9Eo8COxElxcLImHyao-DjQgJviguO8krQlsLWywaWNVOa2OqDwdQ=w1000-h1000-c-n,38.99887,-76.90657999999999,2.0583,True,3
163286,University of Maryland-College Park,coffee,ChIJWV7-UL7Gt4kR80E0p2jf_mA,0x89b7c6be50fe5e59:0x60fedf68a73441f3,Starbucks Coffee Company,Coffee shop,"[""Coffee shop"", ""Breakfast restaurant"", ""Cafe"", ""Coffee store"", ""Espresso bar"", ""Internet cafe""]","Shopping Center, 7336 Baltimore Ave, College Park, MD 20740",(301) 277-0106,https://www.starbucks.com/store-locator/store/9763/,4.1,391.0,$1–10,Open · Closes 9 PM,"""Open \u00b7 Closes 9\u202fPM""","{""tuesday"": ""5\u202fAM\u20139\u202fPM"", ""wednesday"": ""5\u202fAM\u20139\u202fPM"", ""thursday"": ""5\u202fAM\u20139\u202fPM"", ""friday"": ""5\u202fAM\u20139\u202fPM"", ""saturday"": ""5\u202fAM\u20139\u202fPM"", ""sunday"": ""5\u202fAM\u20139\u202fPM"", ""monday"": ""5\u202fAM\u20139\u202fPM""}","{""dine_in"": true, ""takeout"": true, ""no_contact_delivery"": true}","Iconic coffeehouse chain. Welcoming coffeehouse with handcrafted coffee, espresso & tea, plus breakfast, lunch & pastries.",https://lh3.googleusercontent.com/gps-proxy/ALd4DhFunpqQwKQIxrrxFKDUkhjkMrbmLkxxLEuxI6eqPHzTgBe1Zbw2rg9NF_c9nUV2qzjOvi3-bhWcq1_mV6AURoHzuri_0CYsyqMFrKH7B-kNM8xZkBh6Q8Aqpnk73sKc2tbMp0Z1ANyOxc8t2Jg1zErqktnh4NwcfROtX081ouup1Yr6nzX7ocU=w1000-h1000-c-n,38.98048,-76.93889999999999,0.1072,True,3
163286,University of Maryland-College Park,coffee,ChIJDSsSl0_Gt4kR85QzoXsuEv4,0x89b7c64f97122b0d:0xfe122e7ba13394f3,Starbucks Coffee Company,Coffee shop,"[""Coffee shop"", ""Cafe"", ""Coffee store"", ""Espresso bar""]","3500 East-West Hwy, Hyattsville, MD 20782",(301) 955-0005,https://www.starbucks.com/store-locator/store/15872,3.2,131.0,$1–10,Open · Closes 8 PM,"""Open \u00b7 Closes 8\u202fPM""","{""tuesday"": ""8\u202fAM\u20138\u202fPM"", ""wednesday"": ""8\u202fAM\u20138\u202fPM"", ""thursday"": ""8\u202fAM\u20138\u202fPM"", ""friday"": ""8\u202fAM\u20138\u202fPM"", ""saturday"": ""8\u202fAM\u20138\u202fPM"", ""sunday"": ""8\u202fAM\u20138\u202fPM"", ""monday"": ""8\u202fAM\u20138\u202fPM""}","{""dine_in"": true, ""drive_through"": true, ""delivery"": false}","Iconic coffeehouse chain. Welcoming coffeehouse with handcrafted coffee, espresso & tea, plus breakfast, lunch & pastries.",https://lh3.googleusercontent.com/gps-cs-s/APNQkAGZy_Z9MgAfOIB6iqNaEen3JaTHPdCeU0BV9RJnmRXYR_pNAP2zS0-b0JKkNnADRcfKbxpDITnf_1eeo1xHmsdL2196cGG5x4BnwxOBHjPUCi24qzj2dLD59voDWrhwnO8hGKpI8w=w1000-h1000-c-n,38.96849,-76.95492,1.2817,True,3
163286,University of Maryland-College Park,coffee,ChIJBe3gnMrHt4kRd6GOMg0R9bo,0x89b7c7ca9ce0ed05:0xbaf5110d328ea177,Dunkin',Coffee shop,"[""Coffee shop"", ""Bagel shop"", ""Bakery"", ""Breakfast restaurant"", ""Donut shop"", ""Fast food restaurant"", ""Takeout Restaurant""]","4211 Knox Rd, College Park, MD 20740",(301) 732-2561,https://locations.dunkindonuts.com/en/md/college-park/4211-knox-rd/357400?utm_source=google&utm_medium=local&utm_campaign=localmaps&utm_content=357400&y_source=1_MTIxMDk0NTgtNzE1LWxvY2F0aW9uLndlYnNpdGU%3D,3.7,88.0,$10–20,Open · Closes 8 PM,"""Open \u00b7 Closes 8\u202fPM""","{""tuesday"": ""6\u202fAM\u20138\u202fPM"", ""wednesday"": ""6\u202fAM\u20138\u202fPM"", ""thursday"": ""6\u202fAM\u20138\u202fPM"", ""friday"": ""6\u202fAM\u20138\u202fPM"", ""saturday"": ""6\u202fAM\u20138\u202fPM"", ""sunday"": ""6\u202fAM\u20138\u202fPM"", ""monday"": ""6\u202fAM\u20138\u202fPM""}","{""curbside_pickup"": true, ""delivery"": true, ""dine_in"": false}",Chain known for breakfast & coffee. Long-running chain serving signature breakfast items & a variety of coffee drinks.,https://lh3.googleusercontent.com/gps-cs-s/APNQkAGXQgcazJApoKSD44O0Y8HboY2RMGRAhqsP3LeE4-mDFrdigH8Y3MFgzm_YsN2EYFmz0qsm6--dchzuv3e012N9eP9-jPpqnrCEBki99tbkT0papLsNtpHSe7hV6cyXgx1EEAQ=w1000-h1000-c-n,38.9808299,-76.94215969999999,0.2817,True,3
163286,University of Maryland-College Park,coffee,ChIJ1S_oIwDDt4kRCgpf1qO09d0,0x89b7c30023e82fd5:0xddf5b4a3d65f0a0a,Dunkin',Coffee shop,"[""Coffee shop"", ""Bagel shop"", ""Bakery"", ""Breakfast restaurant"", ""Donut shop"", ""Fast food restaurant"", ""Takeout Restaurant""]","6329 MD-193, College Park, MD 20740",(301) 732-2561,https://locations.dunkindonuts.com/en/md/college-park/6329-maryland-193/363781?utm_source=google&utm_medium=local&utm_campaign=localmaps&utm_content=363781&y_source=1_MjAxNTE1NDU5Ni03MTUtbG9jYXRpb24ud2Vic2l0ZQ%3D%3D,2.8,36.0,$1–20,Open · Closes 7 PM,"""Open \u00b7 Closes 7\u202fPM""","{""tuesday"": ""4:30\u202fAM\u20137\u202fPM"", ""wednesday"": ""4:30\u202fAM\u20137\u202fPM"", ""thursday"": ""4:30\u202fAM\u20137\u202fPM"", ""friday"": ""4:30\u202fAM\u20137\u202fPM"", ""saturday"": ""4:30\u202fAM\u20137\u202fPM"", ""sunday"": ""4:30\u202fAM\u20137\u202fPM"", ""monday"": ""4:30\u202fAM\u20137\u202fPM""}","{""dine_in"": true, ""drive_through"": true, ""delivery"": true}",Chain known for breakfast & coffee. Long-running chain serving signature breakfast items & a variety of coffee drinks.,https://lh3.googleusercontent.com/gps-cs-s/APNQkAHoyInLL7XMErSEcI9M9kTcWc-VaWXvfCDKifOmsLr8GiUIDTvyqZYjQqWyfpNalQks9ZGa8C_a5BqOWIj0h_vBpfcOX-uXOib-1Srj-JcI6SGBlhjy_wdIi7SyJd9CjfoVeVHN8UdNNLh3=w1000-h1000-c-n,38.996188,-76.9031711,2.106,True,3
236948,University of Washington-Seattle Campus,coffee,ChIJTbH8emQUkFQRySd8e7Tvfx8,0x549014647afcb14d:0x1f7fefb47b7c27c9,Herkimer Coffee,Coffee shop,"[""Coffee shop"", ""Espresso bar""]","5611 University Wy NE #100c, Seattle, WA 98105",(206) 525-5070,https://herkimercoffee.com/,4.6,450.0,$1–10,Open · Closes 2 PM,"""Open \u00b7 Closes 2\u202fPM""","{""tuesday"": ""7\u202fAM\u20132\u202fPM"", ""wednesday"": ""7\u202fAM\u20132\u202fPM"", ""thursday"": ""7\u202fAM\u20132\u202fPM"", ""friday"": ""7\u202fAM\u20132\u202fPM"", ""saturday"": ""7\u202fAM\u20132\u202fPM"", ""sunday"": ""7\u202fAM\u20132\u202fPM"", ""monday"": ""7\u202fAM\u20132\u202fPM""}","{""dine_in"": true, ""takeout"": true, ""delivery"": false}","Modern coffeehouse with table seating. Contemporary coffeehouse with casual seating, offering house blends & retail beans.",https://lh3.googleusercontent.com/gps-cs-s/APNQkAGf2MJ5r_QrTdOlWmzoHQ5KPPU4MvPY3N5wEMYx7vYBWStMkgfRSStaAiwOOr6WEsR__a37Dks70V3ByF0hpBKtq2I_krutZyz1dTxCtuxY7TPyqLAN_PhwOrxPEc_CjmmtOTQ=w1000-h1000-c-n,47.6698092,-122.3132188,0.9338,True,3
236948,University of Washington-Seattle Campus,coffee,ChIJSxFKYD0VkFQRegAJCRAkFvE,0x5490153d604a114b:0xf11624100909007a,Avole on the Ave,Coffee shop,"[""Coffee shop"", ""Cafe""]","4555 University Wy NE, Seattle, WA 98105",,http://www.avolecoffee.com/,4.8,58.0,$10–20,Open · Closes 5 PM,"""Open \u00b7 Closes 5\u202fPM""","{""tuesday"": ""8\u202fAM\u20135\u202fPM"", ""wednesday"": ""8\u202fAM\u20135\u202fPM"", ""thursday"": ""8\u202fAM\u20135\u202fPM"", ""friday"": ""8\u202fAM\u20135\u202fPM"", ""saturday"": ""8\u202fAM\u20135\u202fPM"", ""sunday"": ""9\u202fAM\u20135\u202fPM"", ""monday"": ""Closed""}","{""dine_in"": true, ""takeout"": true}",,https://lh3.googleusercontent.com/gps-cs-s/APNQkAERTAWGVhN0vjCUjE7K0gtXlFAyrp7E8B8EXiyxrkVAVRjsBbO1Qwl4RwY-orMNwWDarqrkf1mDljz-GG1XnReru-jhM5jGvFtESCOvJz7njG5bwH-5i_udkdizNeZFPqhXWBoCLQs7MnU=w1000-h1000-c-n,47.6628888,-122.3133887,0.4558,True,3
236948,University of Washington-Seattle Campus,coffee,ChIJ-foDq_QUkFQRMB-kVqbhxQw,0x549014f4ab03faf9:0xcc5e1a656a41f30,Cafe Allegro,Espresso bar,"[""Espresso bar""]","Alleyway, 4214 University Wy NE, Seattle, WA 98105",(206) 633-3030,http://www.seattleallegro.com/,4.5,803.0,$1–10,Open · Closes 6 PM,"""Open \u00b7 Closes 6\u202fPM""","{""tuesday"": ""7\u202fAM\u20136\u202fPM"", ""wednesday"": ""7\u202fAM\u20136\u202fPM"", ""thursday"": ""7\u202fAM\u20136\u202fPM"", ""friday"": ""7\u202fAM\u20136\u202fPM"", ""saturday"": ""8\u202fAM\u20136\u202fPM"", ""sunday"": ""8\u202fAM\u20136\u202fPM"", ""monday"": ""7\u202fAM\u20136\u202fPM""}","{""dine_in"": true, ""takeout"": true, ""delivery"": false}",Long-running coffeehouse with live music. Enduring coffeehouse with art-lined walls & plenty of seating that has been around since 1975.,https://lh3.googleusercontent.com/gps-cs-s/APNQkAHeQdo9BRzjStd9yg8-3E0dAabaI2sv8jx6NEAaE9bLFFBvEJ0FhnFVAdp0hU62qIuAmItrFb08HN2p1jLgDSh-7ErW5Icgl188OLvkKYAJfov6Eoqx-WVWxK5TNkf79TdI1ZuT=w1000-h1000-c-n,47.6586291,-122.3127153,0.1622,True,3
236948,University of Washington-Seattle Campus,coffee,ChIJCzQpZgAVkFQRXL6zo-yg3Nk,0x549015006629340b:0xd9dca0eca3b3be5c,Ancient Gate Coffee,Coffee shop,"[""Coffee shop""]","4530 University Wy NE, Seattle, WA 98105",,https://www.ancientgatecoffee.com/,4.6,156.0,$1–10,Open · Closes 7 PM,"""Open \u00b7 Closes 7\u202fPM""","{""tuesday"": ""8\u202fAM\u20137\u202fPM"", ""wednesday"": ""8\u202fAM\u20137\u202fPM"", ""thursday"": ""8\u202fAM\u20137\u202fPM"", ""friday"": ""8\u202fAM\u20137\u202fPM"", ""saturday"": ""8\u202fAM\u20137\u202fPM"", ""sunday"": ""Closed"", ""monday"": ""8\u202fAM\u20137\u202fPM""}","{""dine_in"": true, ""takeout"": true, ""delivery"": false}",,https://lh3.googleusercontent.com/gps-cs-s/APNQkAGY9922m-vO3h_uKQGYZ_mdEHwG8aCjlwks-UB8XzGOOvcbrbX47EbM4aofB5iQSjoTofCqDNbz0u_fsqJYveJ0fnP17a1H2a5UilU3B75SxSKl3yLp9JZV4PArJr-T0NBagGtujNKaNvA=w1000-h1000-c-n,47.6622227,-122.3130119,0.4096,True,3
236948,University of Washington-Seattle Campus,coffee,ChIJCUNyPKEVkFQR94JP8mIGtbA,0x549015a13c724309:0xb0b50662f24f82f7,Sip House - Seattle Vietnamese Coffee Shop,Coffee shop,"[""Coffee shop"", ""Art cafe"", ""Brunch restaurant"", ""Cafe"", ""Coffee stand"", ""Coffee store"", ""Internet cafe""]","5001 Brooklyn Ave NE, Seattle, WA 98105",(206) 468-5358,http://www.siphousewa.com/,4.4,362.0,$1–10,Open · Closes 6 PM,"""Open \u00b7 Closes 6\u202fPM""","{""tuesday"": ""8\u202fAM\u20136\u202fPM"", ""wednesday"": ""8\u202fAM\u20136\u202fPM"", ""thursday"": ""8\u202fAM\u20136\u202fPM"", ""friday"": ""8\u202fAM\u20136\u202fPM"", ""saturday"": ""8\u202fAM\u20136\u202fPM"", ""sunday"": ""8\u202fAM\u20135\u202fPM"", ""monday"": ""8\u202fAM\u20136\u202fPM""}","{""dine_in"": true, ""takeout"": true, ""no_contact_delivery"": true}",,https://lh3.googleusercontent.com/gps-cs-s/APNQkAHU6vLDCzPevDomeUOw0srSh8tef6sFjWVvbuYM6LBrcKDEOssrPUyscK__PTNb-2z8Rky_5daOhvR1g2_NlGIdoGmzRrsy93WT3qDpkiIsE2lr_WkkLCphXh_FamW0AwMk2D-rgg=w1000-h1000-c-n,47.6651032,-122.3144872,0.6121,True,3
236948,University of Washington-Seattle Campus,coffee,ChIJkbY44PgVkFQRWJAFf4MgEW8,0x549015f8e038b691:0x6f1120837f059058,Boon Boona Coffee,Coffee shop,"[""Coffee shop"", ""Cafe""]","4326 University Wy NE, Seattle, WA 98105",(425) 496-8618,https://www.boonboonacoffee.com/,4.4,39.0,$1–10,Open · Closes 6 PM,"""Open \u00b7 Closes 6\u202fPM""","{""tuesday"": ""10\u202fAM\u20136\u202fPM"", ""wednesday"": ""10\u202fAM\u20136\u202fPM"", ""thursday"": ""10\u202fAM\u20136\u202fPM"", ""friday"": ""10\u202fAM\u20136\u202fPM"", ""saturday"": ""10\u202fAM\u20136\u202fPM"", ""sunday"": ""12\u20134\u202fPM"", ""monday"": ""10\u202fAM\u20136\u202fPM""}","{""dine_in"": true, ""takeout"": true, ""delivery"": false}",,https://lh3.googleusercontent.com/gps-cs-s/APNQkAFsih7sWvPizuleFIbeYgpzUP_ZKm_hpoXy4BIiW7R7wgKlNYtpEeBkF3rUjXIbHJ2mmS5sz1Wgcpm_sB4IGe1nNXHVrB3hNTAQScaj2NE-6YuWhYXWZGT7x_RfaO5uJ-g3_vhR=w1000-h1000-c-n,47.6602005,-122.3127749,0.2702,True,3
236948,University of Washington-Seattle Campus,coffee,ChIJQX9Ze9sVkFQRHDofdmQubEk,0x549015db7b597f41:0x496c2e64761f3a1c,TOASTED Bagels & Coffee,Cafe,"[""Cafe""]","4756 15th Ave NE, Seattle, WA 98105",(866) 421-8505,http://toastedseattle.com/,4.7,557.0,$10–20,Open · Closes 3 PM,"""Open \u00b7 Closes 3\u202fPM""","{""tuesday"": ""7\u202fAM\u20133\u202fPM"", ""wednesday"": ""7\u202fAM\u20133\u202fPM"", ""thursday"": ""7\u202fAM\u20133\u202fPM"", ""friday"": ""7\u202fAM\u20133\u202fPM"", ""saturday"": ""7\u202fAM\u20133\u202fPM"", ""sunday"": ""7\u202fAM\u20133\u202fPM"", ""monday"": ""7\u202fAM\u20133\u202fPM""}","{""dine_in"": true, ""takeout"": true, ""no_contact_delivery"": true}",,https://lh3.googleusercontent.com/gps-proxy/ALd4DhFGePp3kfoI9T9EsXF3avSIO25tKOfuwaXlXUqmBGFRoY0UUEiXxlUZsaA7VqpRcQScn2lqnOrEpGQ8Ts6z3zsIZlXmCfhUpN2Dji3ASyrplQ4fFdiEHVVGth83VJHs2xvp73ioHi6zPD6UxECJLTzLC82fBYy7xgJ6gxWmtxJxqKapz_N-_OxdvQ=w1000-h1000-c-n,47.6647528,-122.311801,0.5874,True,3
236948,University of Washington-Seattle Campus,coffee,ChIJ97RnTgAVkFQRrtjbDZkReb4,0x549015004e67b4f7:0xbe7911990ddbd8ae,Lune Cafe - U District,Coffee shop,"[""Coffee shop"", ""Cafe""]","5000 University Wy NE Suite E, Seattle, WA 98105",(206) 708-6118,https://lunesglow.com/,4.5,334.0,$10–20,Open · Closes 11 PM,"""Open \u00b7 Closes 11\u202fPM""","{""tuesday"": ""11\u202fAM\u201311\u202fPM"", ""wednesday"": ""11\u202fAM\u201311\u202fPM"", ""thursday"": ""11\u202fAM\u201311\u202fPM"", ""friday"": ""11\u202fAM\u201312\u202fAM"", ""saturday"": ""11\u202fAM\u201312\u202fAM"", ""sunday"": ""11\u202fAM\u201311\u202fPM"", ""monday"": ""11\u202fAM\u201311\u202fPM""}","{""dine_in"": true, ""takeout"": true, ""delivery"": true}",,https://lh3.googleusercontent.com/gps-proxy/ALd4DhEpLpXQ8lwG1nQ0vH0HdXNmjCfEEHg3fqAUdY7if0pF-SY7IfJ1t5-mFHjBL_xZlszBDbx5NRzuwUvg5YaAlW-aftY7NeST59ecAiS_ieyHiozv-MfSFqWIBF61IYUm4MKRCOFXHrhLr0kJsMXYp4CM6MrnsGmXSnD9p3hWZ2KV8fzOFf3aBUs8VA=w1000-h1000-c-n,47.6654927,-122.3128812,0.6356,True,3
213543,Lehigh University,coffee,ChIJM3Hfrl0-xIkRR6yKpwCJj_4,0x89c43e5daedf7133:0xfe8f8900a78aac47,Johnny's Bagels & Deli,Cafe,"[""Cafe"", ""Bagel shop"", ""Sandwich shop""]","6 Farrington Square, Bethlehem, PA 18015",(484) 265-1118,https://johnnysbagelslehigh.com/,3.5,94.0,,Open · Closes 6 PM,"""Open \u00b7 Closes 6\u202fPM""","{""tuesday"": ""7\u202fAM\u20136\u202fPM"", ""wednesday"": ""7\u202fAM\u20136\u202fPM"", ""thursday"": ""7\u202fAM\u20136\u202fPM"", ""friday"": ""7\u202fAM\u20136\u202fPM"", ""saturday"": ""7\u202fAM\u20136\u202fPM"", ""sunday"": ""7\u202fAM\u20135\u202fPM"", ""monday"": ""7\u202fAM\u20136\u202fPM""}","{""dine_in"": true, ""takeout"": true, ""no_contact_delivery"": true}",,https://lh3.googleusercontent.com/gps-cs-s/APNQkAG7KT-OMvFYgy3CqbPECJk1iso1q1PvIVchijZ-u2PLBRXMITZF5DfDG-JlYujypeIExNCEszkQvSjzgiIYogu2iMcA9rdwCdONYKbLi3SD27g9S8UpJ6AN6NLQbFeRaklVQGsw=w1000-h1000-c-n,40.609455,-75.3785796,0.1471,True,3
213543,Lehigh University,coffee,ChIJCQqZgl4-xIkRrNxy9wcUG_0,0x89c43e5e82990a09:0xfd1b1407f772dcac,Dunkin',Coffee shop,"[""Coffee shop"", ""Bagel shop"", ""Bakery"", ""Breakfast restaurant"", ""Donut shop"", ""Fast food restaurant"", ""Takeout Restaurant""]","213 W 4th St, Bethlehem, PA 18015",(610) 865-9400,https://locations.dunkindonuts.com/en/pa/bethlehem/213-w.-4th-st/345459?utm_source=google&utm_medium=local&utm_campaign=localmaps&utm_content=345459&y_source=1_MTIxMDYxMzMtNzE1LWxvY2F0aW9uLndlYnNpdGU%3D,3.6,347.0,$1–10,Open · Closes 7 PM,"""Open \u00b7 Closes 7\u202fPM""","{""tuesday"": ""5\u202fAM\u20137\u202fPM"", ""wednesday"": ""5\u202fAM\u20137\u202fPM"", ""thursday"": ""5\u202fAM\u20137\u202fPM"", ""friday"": ""5\u202fAM\u20137\u202fPM"", ""saturday"": ""5\u202fAM\u20137\u202fPM"", ""sunday"": ""5\u202fAM\u20137\u202fPM"", ""monday"": ""5\u202fAM\u20137\u202fPM""}","{""dine_in"": true, ""curbside_pickup"": true, ""delivery"": true}",Chain known for breakfast & coffee. Long-running chain serving signature breakfast items & a variety of coffee drinks.,https://lh3.googleusercontent.com/gps-cs-s/APNQkAGk7BA9XQOvsCtR5I8ZIcUSARqZ9goEBl0XOdWbkr074MenjWRSt2mPxMT8kWe9-hucFLU5F5j7x9pzyjRh8RBmznv43H8ukWGtKO2JpQ0OmDjWVh2KlXbLSvX4QrMgmhg-QeIZQA=w1000-h1000-c-n,40.6105169,-75.3820439,0.2862,True,3
167358,Northeastern University,coffee,ChIJE9ocMRd644kRZDSwkBZCLyk,0x89e37a17311cda13:0x292f421690b03464,Farmers Horse Coffee,Coffee shop,"[""Coffee shop""]","374 Massachusetts Ave, Boston, MA 02115",(617) 866-7771,,4.5,580.0,$1–10,Open · Closes 6 PM,"""Open \u00b7 Closes 6\u202fPM""","{""tuesday"": ""7\u202fAM\u20136\u202fPM"", ""wednesday"": ""7\u202fAM\u20136\u202fPM"", ""thursday"": ""7\u202fAM\u20136\u202fPM"", ""friday"": ""7\u202fAM\u20136\u202fPM"", ""saturday"": ""7\u202fAM\u20136\u202fPM"", ""sunday"": ""8\u202fAM\u20136\u202fPM"", ""monday"": ""7\u202fAM\u20136\u202fPM""}","{""dine_in"": true, ""takeout"": true, ""no_contact_delivery"": true}","Java & pastries in an art-filled cafe. Ethiopian coffee & rich pastries fortify laptop warriors at this brick-walled, art-filled cafe.",https://lh3.googleusercontent.com/gps-cs-s/APNQkAGrmx9uN-BZ_qifkwM6jqHWHOQ82YQ9i5ZD-mINllWbEDPVzD2ZTcB9rVvdtLTAt2MScWpGEK6cY-HOf3amvMeTqm-hLSRXZSyq-tCPe_J6arK6trEr_dYslaKWP74m-rsHA5YQjQ=w1000-h1000-c-n,42.341987,-71.08340609999999,0.5616,True,3
167358,Northeastern University,coffee,ChIJpxUeFBV644kR3MKCD3uT0es,0x89e37a15141e15a7:0xebd1937b0f82c2dc,South End - Jaho Coffee Roaster & Wine Bar,Coffee shop,"[""Coffee shop"", ""Bagel shop"", ""Bakery"", ""Bubble tea store"", ""Cocktail bar"", ""Espresso bar"", ""Ice cream shop"", ""Sandwich shop"", ""Tea house"", ""Wine bar""]","1651 Washington St, Boston, MA 02118",(617) 236-1680,http://jaho.com/,4.4,719.0,$1–10,Open · Closes 11 PM,"""Open \u00b7 Closes 11\u202fPM""","{""tuesday"": ""6:30\u202fAM\u201311\u202fPM"", ""wednesday"": ""6:30\u202fAM\u201311\u202fPM"", ""thursday"": ""6:30\u202fAM\u201311\u202fPM"", ""friday"": ""6:30\u202fAM\u201311\u202fPM"", ""saturday"": ""6:30\u202fAM\u201311\u202fPM"", ""sunday"": ""6:30\u202fAM\u201311\u202fPM"", ""monday"": ""6:30\u202fAM\u201311\u202fPM""}","{""dine_in"": true, ""takeout"": true, ""no_contact_delivery"": true}","Beverages & light bites in a chill space. Cozy coffee hangout pairing espresso drinks & lots of teas with light bites, baked goods & desserts.",https://lh3.googleusercontent.com/gps-cs-s/APNQkAFvhIBAaElX6m617C_1PdONS7BhRAAcyejXwNC2WZfGjS9fouE6MB-gauSrgcjNDAkAoNslRVZ7WQxe411Pu4QW_vihgVv7ZxlXhypvI4NRPgdF0y9O2QGX-VXmiYXv-VBq7m9T=w1000-h1000-c-n,42.3378821,-71.075465,0.7301,True,3
167358,Northeastern University,coffee,ChIJB9wDThd644kRKMljsNK9MFQ,0x89e37a174e03dc07:0x5430bdd2b063c928,Caffè Bene,Coffee shop,"[""Coffee shop"", ""Cafe"", ""Dessert shop""]","333 Massachusetts Ave, Boston, MA 02115",(805) 251-9355,http://caffebenema.com/,4.3,792.0,$10–20,Open · Closes 10 PM,"""Open \u00b7 Closes 10\u202fPM""","{""tuesday"": ""8\u202fAM\u201310\u202fPM"", ""wednesday"": ""8\u202fAM\u201310\u202fPM"", ""thursday"": ""8\u202fAM\u201310\u202fPM"", ""friday"": ""8\u202fAM\u201311\u202fPM"", ""saturday"": ""8\u202fAM\u201311\u202fPM"", ""sunday"": ""9\u202fAM\u201310\u202fPM"", ""monday"": ""8\u202fAM\u201310\u202fPM""}","{""dine_in"": true, ""takeout"": true, ""no_contact_delivery"": true}",Coffeehouse with sweet & savory fare. Coffeehouse chain with a relaxed European vibe & a menu of sweet treats & sandwiches.,https://lh3.googleusercontent.com/gps-cs-s/APNQkAG45ulw1bCVj-fmfJcLO72C5JDVB_9ZrsUjtdqZAfcVbCQLc8A3uwvBIBotvlZRhZpVCcyRB02_y5tHooxRNKL6xYbD-miw_mfNy2F-DLFU6XeqxWr10l4DRMPlDXHSx644Cyw-=w1000-h1000-c-n,42.3423715,-71.0847774,0.5517,True,3
243780,Purdue University-Main Campus,coffee,ChIJGbNrKwD9EogRN1RyCQpxJWc,0x8812fd002b6bb319:0x6725710a09725437,Saxbys at Purdue University,Coffee shop,"[""Coffee shop""]","Lower Level, 701 W Stadium Ave, West Lafayette, IN 47906",,https://www.saxbyscoffee.com/location/purdue-university/,5.0,5.0,$,Closed,"""Closed""","{""tuesday"": ""Closed"", ""wednesday"": ""Closed"", ""thursday"": ""Closed"", ""friday"": ""Closed"", ""saturday"": ""Closed"", ""sunday"": ""Closed"", ""monday"": ""Closed""}","{""dine_in"": true, ""takeout"": true, ""delivery"": false}",,https://lh3.googleusercontent.com/gps-proxy/ALd4DhEYSvpvFEnpIEswUmBNfLvGpROu4Om3dt40Td6J9zYpH51toD0UDw2XKx5fRW5gbjZ7tJSME-HI6VvjV9BTMsP91FdsHa5KqmvM2_BDEhCU0oTFxGzdCkORTzlw-tfmb38RvaYEV8o0XRC1tZ1tVYns8KJUXCF0NXOLwGvDEmZWGQ9rdkj8njA=w1000-h1000-c-n,40.4310341,-86.91487409999999,0.1948,True,3
243780,Purdue University-Main Campus,coffee,ChIJMV9mNbbjEogRhcHRDNeTnSo,0x8812e3b635665f31:0x2a9d93d70cd1c185,Fuel West,Coffee shop,"[""Coffee shop"", ""Cafe""]","460 Northwestern Ave, West Lafayette, IN 47906",,http://fuellafayette.com/,4.5,194.0,$1–10,Closed · Opens 8 AM Wed,"""Closed \u00b7 Opens 8\u202fAM Wed""","{""tuesday"": ""8\u202fAM\u20133\u202fPM"", ""wednesday"": ""8\u202fAM\u20133\u202fPM"", ""thursday"": ""8\u202fAM\u20133\u202fPM"", ""friday"": ""8\u202fAM\u20133\u202fPM"", ""saturday"": ""9\u202fAM\u20132\u202fPM"", ""sunday"": ""Closed"", ""monday"": ""8\u202fAM\u20133\u202fPM""}","{""dine_in"": true, ""takeout"": true, ""delivery"": false}",,https://lh3.googleusercontent.com/gps-cs-s/APNQkAGdjiXtEmAECVzlcgVsKlVvFsRH9eqge4J3gSwlu9cH_BM_4Po4tnDCOWqLbsmlj2XK8hqTgVHj3mu-UqVYeBgCJJuW4o-i786ZZO7Oh6N0rCpwy6QIE6aMupLx87QdU5zUIMFu=w1000-h1000-c-n,40.4288652,-86.9110427,0.184,True,3
243780,Purdue University-Main Campus,coffee,ChIJFx09N7HiEogRgDyOzPptZsA,0x8812e2b1373d1d17:0xc0666dfacc8e3c80,Lavazza,Cafe,"[""Cafe""]","27 University St, West Lafayette, IN 47906",(765) 496-1369,https://www.purdue.edu/hhs/htm/restaurants/lavazza.html,4.5,156.0,$1–10,Closes soon · 4 PM · Opens 8 AM Wed,"""Closes soon \u00b7 4\u202fPM \u00b7 Opens 8\u202fAM Wed""","{""tuesday"": ""8\u202fAM\u20134\u202fPM"", ""wednesday"": ""8\u202fAM\u20134\u202fPM"", ""thursday"": ""8\u202fAM\u20134\u202fPM"", ""friday"": ""8\u202fAM\u20134\u202fPM"", ""saturday"": ""Closed"", ""sunday"": ""Closed"", ""monday"": ""8\u202fAM\u20134\u202fPM""}","{""dine_in"": true, ""takeout"": true, ""delivery"": false}","Modern option for coffee & light eats. Italian coffeehouse chain serving up coffee drinks, smoothies & light eats in a modern space.",https://lh3.googleusercontent.com/gps-cs-s/APNQkAHPhxCl8C6Bbr_ELVE3IO4q0BK5dBO8t5KEz2qJ75E9Y44h5vjtz4etwpGIcFxO-l-QxFEYANoJdC6MgO6qoHbjhvwCleJ1XQCPecLNj5NHkOpxrL3_XEJE0nRqY-L-476bfYj2=w1000-h1000-c-n,40.4242943,-86.916894,0.3012,True,3
243780,Purdue University-Main Campus,coffee,ChIJj-wX-bTjEogRPSyCCGjxHzg,0x8812e3b4f917ec8f:0x381ff16808822c3d,Java House (ABE),Coffee shop,"[""Coffee shop""]","225 S University St, West Lafayette, IN 47907",(765) 250-8994,https://javahouse.com/pages/menu,4.3,33.0,$1–10,Open · Closes 5 PM,"""Open \u00b7 Closes 5\u202fPM""","{""tuesday"": ""7:30\u202fAM\u20135\u202fPM"", ""wednesday"": ""7:30\u202fAM\u20135\u202fPM"", ""thursday"": ""7:30\u202fAM\u20135\u202fPM"", ""friday"": ""7:30\u202fAM\u20135\u202fPM"", ""saturday"": ""Closed"", ""sunday"": ""Closed"", ""monday"": ""7:30\u202fAM\u20135\u202fPM""}","{""dine_in"": true, ""takeout"": true, ""delivery"": true}",,https://lh3.googleusercontent.com/gps-proxy/ALd4DhEaHNWtX0pcyP9PD3fEyjaXMeEWtWW8uUnFT-nqBeG0PAHw1vKwQWCuMpfHYRxJMs13kZatn5VgTTuRoXnbrSJi5JVMJPameowriSkws3-fddffB-nfvYlJ-RGD3lfQQfxor0QpVRNSdaRiJ5_jkYjDlVmEO92n2qM_0c_Tqdz5GWVXcFZPFT9NbQ=w1000-h1000-c-n,40.4216539,-86.9165251,0.4677,True,3
243780,Purdue University-Main Campus,coffee,ChIJK7YXfbLiEogR36L5V6oueOc,0x8812e2b27d17b62b:0xe7782eaa57f9a2df,Pi Tau Sigma Lounge,Cafe,"[""Cafe""]","Mechanical Engineering Bldg, Purdue Mall, West Lafayette, IN 47906",,,5.0,3.0,,Open · Closes 5 PM,"""Open \u00b7 Closes 5\u202fPM""","{""tuesday"": ""9:30\u202fAM\u20135\u202fPM"", ""wednesday"": ""9:30\u202fAM\u20135\u202fPM"", ""thursday"": ""9:30\u202fAM\u20135\u202fPM"", ""friday"": ""9:30\u202fAM\u20135\u202fPM"", ""saturday"": ""Closed"", ""sunday"": ""Closed"", ""monday"": ""9:30\u202fAM\u20135\u202fPM""}","{""dine_in"": true, ""delivery"": false}",,https://lh3.googleusercontent.com/gps-cs-s/APNQkAG54E6ZGITkhSdPTcJGSFpoFkeNDFtUedpRrRrZ-aaY8Ik6f1Yl0x3So6UyAB76rpZWgfr2eCX2PmDg2OO5kLZW4pF9Zhm1C1KlwR7HyxFOliLz6toVhJQtCLZyG3Ta_z-kf2Aljw=w1000-h1000-c-n,40.4282632,-86.9128648,0.083,True,3
243780,Purdue University-Main Campus,coffee,ChIJd25hXabjEogR51MC4tRp0bY,0x8812e3a65d616e77:0xb6d169d4e20253e7,Continuum Cafe,Coffee shop,"[""Coffee shop""]","Lynn (Charles J.) Hall of Veterinary Medicine, 625 Harrison St, West Lafayette, IN 47907",,https://purdue.campusdish.com/,1.8,4.0,,Closed · Opens 7:30 AM Wed,"""Closed \u00b7 Opens 7:30\u202fAM Wed""","{""tuesday"": ""7:30\u202fAM\u20132\u202fPM"", ""wednesday"": ""7:30\u202fAM\u20132\u202fPM"", ""thursday"": ""7:30\u202fAM\u20132\u202fPM"", ""friday"": ""7:30\u202fAM\u20132\u202fPM"", ""saturday"": ""Closed"", ""sunday"": ""Closed"", ""monday"": ""7:30\u202fAM\u20132\u202fPM""}","{""dine_in"": true, ""takeout"": true, ""delivery"": false}",,https://lh3.googleusercontent.com/gps-cs-s/APNQkAG4K2nmZ9UCYoMKHh9lv8OBXmH2gjDGXGMckkIMj1phHFCqtkhTv6G-aspfI_EVPSvTtpYoMUvTtpvh3myRZuS6hiZ3JHFoTo-9tuPnfsB5Z4hUblrS8mReQF0KCT_ybIK0bWN1=w1000-h1000-c-n,40.4197102,-86.914225,0.5891,True,3
243780,Purdue University-Main Campus,coffee,ChIJgZ2JcK7iEogRJlCVNBi8rho,0x8812e2ae70899d81:0x1aaebc1834955026,Starbucks Coffee Company,Cafe,"[""Cafe"", ""Coffee store"", ""Espresso bar""]","101 S Grant St, West Lafayette, IN 47906",,https://www.starbucks.com/store-locator,2.8,111.0,$1–10,Closed · Opens 9 AM Wed,"""Closed \u00b7 Opens 9\u202fAM Wed""","{""tuesday"": ""9\u202fAM\u20133\u202fPM"", ""wednesday"": ""9\u202fAM\u20133\u202fPM"", ""thursday"": ""9\u202fAM\u20133\u202fPM"", ""friday"": ""9\u202fAM\u20133\u202fPM"", ""saturday"": ""9\u202fAM\u20133\u202fPM"", ""sunday"": ""Closed"", ""monday"": ""9\u202fAM\u20133\u202fPM""}","{""dine_in"": true, ""drive_through"": true, ""delivery"": false}","Iconic coffeehouse chain. Welcoming coffeehouse with handcrafted coffee, espresso & tea, plus breakfast, lunch & pastries.",https://lh3.googleusercontent.com/gps-cs-s/APNQkAEptjL35HHUDIQfs7arHqVwwUKBvm_oSwQgdIB_ILNVWAjLIB1VhIn8mRAmuU-D7GuOdhNa465gikQPndOY5iDAWdN8IZZx7zQh29Ud8VlHc0tNIw-fnDVDI2sXUe5wPUL99jU=w1000-h1000-c-n,40.42481,-86.91154999999999,0.2813,True,3
243780,Purdue University-Main Campus,coffee,ChIJGZ94CtXjEogR8s3TvKni2rY,0x8812e3d50a789f19:0xb6dae2a9bcd3cdf2,Centennial Station,Cafe,"[""Cafe""]","340 Centennial Mall Dr, West Lafayette, IN 47907",(765) 494-2111,https://purdue.campusdish.com/,3.8,140.0,$1–10,Open · Closes 5 PM,"""Open \u00b7 Closes 5\u202fPM""","{""tuesday"": ""8\u202fAM\u20135\u202fPM"", ""wednesday"": ""8\u202fAM\u20135\u202fPM"", ""thursday"": ""8\u202fAM\u20135\u202fPM"", ""friday"": ""8\u202fAM\u20134\u202fPM"", ""saturday"": ""Closed"", ""sunday"": ""12\u20135\u202fPM"", ""monday"": ""8\u202fAM\u20135\u202fPM""}","{""dine_in"": true, ""takeout"": true, ""delivery"": false}","Bakery/cafe chain for soups & sandwiches. Counter-service chain cafe serving soups, salads & sandwiches along with breads & other baked goods.",https://lh3.googleusercontent.com/gps-cs-s/APNQkAFc8TQqRXVBpwuRMCe8O3HKNxP3e33GfswsWztBabDO_-gRqesoZK_87wpOdjR1kTKUuleJQ-AEShDPspAIjej0KwIRIaVVzXIw5bkYNYZLbiZs84GmEl8HfMuyxTIRrn40mcOA6nGB65E0=w1000-h1000-c-n,40.4272625,-86.9131378,0.096,True,3
243780,Purdue University-Main Campus,coffee,ChIJJS72pK7iEogR601XMY6kh4I,0x8812e2aea4f62e25:0x8287a48e31574deb,Einstein Bros. Bagels,Coffee shop,"[""Coffee shop"", ""Bakery"", ""Breakfast restaurant"", ""Cafe"", ""Bagel shop""]","Northwestern Ave 201 & 203, West Lafayette, IN 47906",(765) 743-8988,https://locations.einsteinbros.com/us/in/west-lafayette/201-&-203-northwestern-ave.?y_source=1_OTA0OTQ5MC03MTUtbG9jYXRpb24ud2Vic2l0ZQ%3D%3D,4.1,435.0,$1–10,Closed · Opens 6 AM Wed,"""Closed \u00b7 Opens 6\u202fAM Wed""","{""tuesday"": ""6\u202fAM\u20132\u202fPM"", ""wednesday"": ""6\u202fAM\u20132\u202fPM"", ""thursday"": ""6\u202fAM\u20132\u202fPM"", ""friday"": ""6\u202fAM\u20132\u202fPM"", ""saturday"": ""6\u202fAM\u20132\u202fPM"", ""sunday"": ""6\u202fAM\u20132\u202fPM"", ""monday"": ""6\u202fAM\u20132\u202fPM""}","{""dine_in"": true, ""takeout"": true, ""no_contact_delivery"": true}",,https://lh3.googleusercontent.com/gps-cs-s/APNQkAFU3-22VnVIJ2hBTiouDGLMviAs9d_7tLOz9zs0ytrYmqX2k1AN8qcVWAncxo6tHw2drwxUU2Loo8yCqX1pdPCVpQp-83_veGL-I5BRTcLiownlXhiG_oD0kcZjMlaVJ6iituL69w=w1000-h1000-c-n,40.4249763,-86.90815599999999,0.4,True,3
243780,Purdue University-Main Campus,coffee,ChIJgWHUJAHjEogRVP5ahY-KsAM,0x8812e30124d46181:0x3b08a8f855afe54,Starbucks,Coffee store,"[""Coffee store"", ""Cafe"", ""Espresso bar""]","501 Northwestern Ave, West Lafayette, IN 47907",(765) 496-6680,https://www.starbucks.com/store-locator/store/1023419,3.2,100.0,$1–10,Open · Closes 7 PM,"""Open \u00b7 Closes 7\u202fPM""","{""tuesday"": ""7\u202fAM\u20137\u202fPM"", ""wednesday"": ""7\u202fAM\u20137\u202fPM"", ""thursday"": ""7\u202fAM\u20137\u202fPM"", ""friday"": ""7\u202fAM\u20134\u202fPM"", ""saturday"": ""10\u202fAM\u20134\u202fPM"", ""sunday"": ""11\u202fAM\u20137\u202fPM"", ""monday"": ""7\u202fAM\u20137\u202fPM""}","{""dine_in"": true, ""drive_through"": true, ""delivery"": false}","Iconic coffeehouse chain. Welcoming coffeehouse with handcrafted coffee, espresso & tea, plus breakfast, lunch & pastries.",https://lh3.googleusercontent.com/gps-cs-s/APNQkAGL-3AX7esVjm6XeEJmgiVFnZ8r5G9I0R19undxNtT_joQ7u94CWJRYNfOQkB6m533Iw4q7jijG2nWLVf7lgcd3IqeTuGGCobwzBGzc13ESdUw-VOUDDdVVGdHuHciCa6hcBjZwzQ=w1000-h1000-c-n,40.4292833,-86.91256949999999,0.1223,True,3
243780,Purdue University-Main Campus,coffee,ChIJSZkGpSz9EogRkVM-_gJw3Zw,0x8812fd2ca5069949:0x9cdd7002fe3e5391,Salisbury Market,Coffee shop,"[""Coffee shop"", ""Supermarket"", ""Donut shop"", ""Fuel supplier"", ""Liquor store"", ""Lottery retailer"", ""Lottery shop"", ""Tobacco shop""]","920 N Salisbury St, West Lafayette, IN 47906",(765) 269-9357,http://purduemarket.us/,4.6,27.0,,Open · Closes 11 PM,"""Open \u00b7 Closes 11\u202fPM""","{""tuesday"": ""6:30\u202fAM\u201311\u202fPM"", ""wednesday"": ""6:30\u202fAM\u201311\u202fPM"", ""thursday"": ""6:30\u202fAM\u201311\u202fPM"", ""friday"": ""6:30\u202fAM\u201311\u202fPM"", ""saturday"": ""6:30\u202fAM\u201311\u202fPM"", ""sunday"": ""6:30\u202fAM\u201311\u202fPM"", ""monday"": ""6:30\u202fAM\u201311\u202fPM""}","{""in_store_shopping"": true, ""delivery"": true}",,https://lh3.googleusercontent.com/gps-cs-s/APNQkAGytGy8IqBe9oeOk0tGOAl0jZqEyoWhTQFAPk_QjIM9frmwjsZqlrPDR8sSr-BaygcZtT87fB_xN4POtaXGSUAAkZvRPa25ANjqLdlCfI8w4GogQCPRtDUWBJSQnqoMTFN9B51O=w1000-h1000-c-n,40.4347577,-86.905537,0.65,True,3
243780,Purdue University-Main Campus,coffee,ChIJUTLTxlcdE4gRPHPE-MFR3cs,0x88131d57c6d33251:0xcbdd51c1f8c4733c,Panera Bread,Coffee shop,"[""Coffee shop"", ""Bakery"", ""Breakfast restaurant"", ""Caterer"", ""Cafe"", ""Delivery service"", ""Takeout Restaurant"", ""Salad shop"", ""Sandwich shop"", ""Soup restaurant""]","328 E State St Suite H, West Lafayette, IN 47906",(765) 746-2400,https://www.panerabread.com/en-us/cafe/locations/in/west-lafayette/328-east-state-street?utm_medium=local&utm_source=google&utm_campaign=dpm-dist&utm_term=601068&utm_content=main,4.0,545.0,$10–20,Open · Closes 9 PM,"""Open \u00b7 Closes 9\u202fPM""","{""tuesday"": ""6\u202fAM\u20139\u202fPM"", ""wednesday"": ""6\u202fAM\u20139\u202fPM"", ""thursday"": ""6\u202fAM\u20139\u202fPM"", ""friday"": ""6\u202fAM\u20139\u202fPM"", ""saturday"": ""7\u202fAM\u20139\u202fPM"", ""sunday"": ""7\u202fAM\u20139\u202fPM"", ""monday"": ""6\u202fAM\u20139\u202fPM""}","{""dine_in"": true, ""takeout"": true, ""no_contact_delivery"": true}","Bakery/cafe chain with free WiFi. Counter-serve bakery/cafe chain serving sandwiches, salads & more, known for its bread & free WiFi.",https://lh3.googleusercontent.com/gps-proxy/ALd4DhHc3NMJ9OBPY-2AsBPjHeOF7yG3GLT8LHklh9JQe-Hg41xytP_WTMT3uBc8BuctyMLD_nyW6TGzHXeV1lVlLviXhj0rFl6fy_etVRRSkTOJa94dPKwD6CkzsAzFwKWMqfKEs3vGPw0vNXmccCUQak7AzwuVs_Akoc_rMuPFSqufB23IwfjdsAEmUA=w1000-h1000-c-n,40.4210975,-86.9010215,0.8611,True,3
243780,Purdue University-Main Campus,coffee,ChIJ4XsB0wDjEogR7NWgLPsBU_0,0x8812e300d3017be1:0xfd5301fb2ca0d5ec,Cinnabon,Coffee shop,"[""Coffee shop"", ""Cafe"", ""Caterer"", ""Bakery"", ""Delivery service"", ""Dessert shop"", ""Fast food restaurant"", ""Takeout Restaurant""]","101 W State St, West Lafayette, IN 47906",(888) 288-7655,https://locations.cinnabon.com/in/west-lafayette/101-west-state-street?utm_source=google&utm_medium=organic&utm_campaign=locations_partner,2.3,3.0,,,{},{},"{""delivery"": true}",Chain for cinnamon buns & frozen drinks. Counter-serve chain serving cinnamon rolls plus other baked goods & specialty frozen beverages.,https://lh3.googleusercontent.com/gps-cs-s/APNQkAHGpWQgH0T7hKRti8A2L5j7xspOUTJcJUo-4Z3vNiZNzvQTOiybFmeRKka1laiKBNuu5uGojkfZf1_OT0cWBInoSKdJl-29r50xHQOUBOdTD3laIiUw89lCkHO_r0gpHOh7OKeaW9rTMYs9=w1000-h1000-c-n,40.4225397,-86.9058222,0.6003,True,3
139959,University of Georgia,coffee,ChIJc2MA_KZt9ogReEdK7bXvlI4,0x88f66da6fc006373:0x8e94efb5ed4a4778,Daydreamer Cafe,Coffee shop,"[""Coffee shop""]","174 N Finley St, Athens, GA 30601",,https://www.daydreamer.coffee/,4.2,48.0,$1–10,Closed · Opens 10 AM Wed,"""Closed \u00b7 Opens 10\u202fAM Wed""","{""tuesday"": ""10\u202fAM\u20132\u202fPM"", ""wednesday"": ""10\u202fAM\u20132\u202fPM"", ""thursday"": ""10\u202fAM\u20132\u202fPM"", ""friday"": ""10\u202fAM\u20132\u202fPM"", ""saturday"": ""10\u202fAM\u20132\u202fPM"", ""sunday"": ""10\u202fAM\u20132\u202fPM"", ""monday"": ""10\u202fAM\u20132\u202fPM""}","{""dine_in"": true, ""takeout"": true, ""delivery"": false}",,https://lh3.googleusercontent.com/gps-cs-s/APNQkAHGoy8Xb0WZqpEDyitNaWAv-LsbIpWVx9KSbXWmcTVAywFiIByKZiyx_9kF8svhUN1pptVLfB-DZgF7Y-AifLc7ecbyMq32a67re3FfUR1J7NFZmH9XmcEt_jOctvehZfz75Kvr=w1000-h1000-c-n,33.9568291,-83.38253259999999,0.4894,True,3
139959,University of Georgia,coffee,ChIJvb2wTjtt9ogRqPv-uRJshOI,0x88f66d3b4eb0bdbd:0xe2846c12b9fefba8,Donderos' Kitchen,Coffee shop,"[""Coffee shop"", ""Bakery"", ""Breakfast restaurant"", ""Caterer"", ""Cafe"", ""Deli"", ""Vegetarian restaurant""]","590 N Milledge Ave, Athens, GA 30601",(706) 354-8688,http://www.donderoskitchen.com/,4.6,289.0,$10–20,Closed · Opens 8 AM Wed,"""Closed \u00b7 Opens 8\u202fAM Wed""","{""tuesday"": ""8\u202fAM\u20133\u202fPM"", ""wednesday"": ""8\u202fAM\u20133\u202fPM"", ""thursday"": ""8\u202fAM\u20133\u202fPM"", ""friday"": ""8\u202fAM\u20133\u202fPM"", ""saturday"": ""9\u202fAM\u20132\u202fPM"", ""sunday"": ""9\u202fAM\u20132\u202fPM"", ""monday"": ""8\u202fAM\u20133\u202fPM""}","{""dine_in"": true, ""takeout"": true, ""delivery"": true}","Cafe fare & sweets in a quaint house. Cozy cafe with charming, rustic decor for breakfast,  salads & warm sandwiches, plus baked goods.",https://lh3.googleusercontent.com/gps-cs-s/APNQkAFTuOfjc5tCxnBmWrlsyWSBywZhc8tJ1_BCvGD8sOlHF1dvKyKdxW3O5WFDZL-dG896dRp-h0UH3JKdJoKaF3_0t-hBd8rauhal0jgib_xCKWgzzqdzdA1cUjlhj5lnkqiJCjhzRQ=w1000-h1000-c-n,33.9603927,-83.3899028,0.9545,True,3
139959,University of Georgia,coffee,ChIJH_U7Q-Bs9ogRHg5BiqPkeQE,0x88f66ce0433bf51f:0x179e4a38a410e1e,Jittery Joe's Coffee - UGA Miller Learning Center,Coffee shop,"[""Coffee shop"", ""Bagel shop"", ""Cafe"", ""Espresso bar"", ""Tea house""]","48 Baxter St, Athens, GA 30606",(706) 549-2124,http://www.jitteryjoes.com/,4.0,54.0,$1–10,Open · Closes 8 PM,"""Open \u00b7 Closes 8\u202fPM""","{""tuesday"": ""7:30\u202fAM\u20138\u202fPM"", ""wednesday"": ""7:30\u202fAM\u20138\u202fPM"", ""thursday"": ""7:30\u202fAM\u20138\u202fPM"", ""friday"": ""7:30\u202fAM\u20135\u202fPM"", ""saturday"": ""1\u20136\u202fPM"", ""sunday"": ""1\u20138\u202fPM"", ""monday"": ""7:30\u202fAM\u20138\u202fPM""}","{""dine_in"": true, ""takeout"": true, ""delivery"": true}","Hip cafe pouring gourmet coffee drinks. Hip coffeehouse serving microroasted brews from around the world, plus baked goods.",https://lh3.googleusercontent.com/gps-proxy/ALd4DhGjsY_F8D_0wmUE4J_lmL0JlI9_k7eredjcllKSbFFvJ8GZmDxpfKub0I5wJdIb1o9I1pNl4M-dU0bZqk5CncUInXVVPBcupenXshzx7WIX7qvXNV9l2qRMl3Jki46U1DhBnMbqo-pFAIBHfhdjnyhoddH1FumzSqZuQtUhv1qhm9QCSOkxkp0=w1000-h1000-c-n,33.951405,-83.37652899999999,0.3628,True,3
139959,University of Georgia,coffee,ChIJe__8YtJt9ogR8qdygq6-z2M,0x88f66dd262fcff7b:0x63cfbeae8272a7f2,Ding Tea Athens,Coffee shop,"[""Coffee shop"", ""Bubble tea store""]","125 W Washington St, Athens, GA 30601",(706) 850-3737,https://order.toasttab.com/online/ding-tea-athens-125-w-washington-st-121,4.3,217.0,$1–10,Open · Closes 9 PM,"""Open \u00b7 Closes 9\u202fPM""","{""tuesday"": ""11\u202fAM\u20139\u202fPM"", ""wednesday"": ""11\u202fAM\u20139\u202fPM"", ""thursday"": ""11\u202fAM\u20139\u202fPM"", ""friday"": ""11\u202fAM\u201310\u202fPM"", ""saturday"": ""11\u202fAM\u201310\u202fPM"", ""sunday"": ""11\u202fAM\u20139\u202fPM"", ""monday"": ""11\u202fAM\u20139\u202fPM""}","{""dine_in"": true, ""takeout"": true, ""delivery"": true}",,https://lh3.googleusercontent.com/gps-cs-s/APNQkAEIfcDBkNOxhn5yJ28J6Mcs3e227GZWJgPTVWfQR1tB4zpLIBmTEJnHQyjKkaR-bZmBMqp9LRocRAwxuz04ym_z31mKJiuESXTNw6q6x3qafrU0W7qcO3ZfDZ7-pHYaw09C5Mdr=w1000-h1000-c-n,33.9587455,-83.3779297,0.2835,True,3
139959,University of Georgia,coffee,ChIJW44YBbBt9ogR9fqQi_9WdG8,0x88f66db005188e5b:0x6f7456ff8b90faf5,The Table @ Athens Cooks,Coffee shop,"[""Coffee shop"", ""Charcuterie"", ""Restaurant"", ""Cooking class""]","100 Prince Ave Suite 103, Athens, GA 30601",(706) 623-3314,https://athenscooks.com/pages/eat-drink,4.4,68.0,$10–20,Open · Closes 6 PM,"""Open \u00b7 Closes 6\u202fPM""","{""tuesday"": ""8\u202fAM\u20136\u202fPM"", ""wednesday"": ""8\u202fAM\u20136\u202fPM"", ""thursday"": ""8\u202fAM\u20136\u202fPM"", ""friday"": ""8\u202fAM\u20136\u202fPM"", ""saturday"": ""8\u202fAM\u20136\u202fPM"", ""sunday"": ""10\u202fAM\u20136\u202fPM"", ""monday"": ""8\u202fAM\u20136\u202fPM""}","{""dine_in"": true, ""takeout"": true, ""delivery"": true}",,https://lh3.googleusercontent.com/gps-cs-s/APNQkAHQ98YhlU1cpXA-rcQfeuF9SAgsi9yKlOXru0QKBKU1M88uD2aaG3xSPt3rYmcQg5pkG9Fm5rRNiYTrIErVHcRtmKGpc2NtPvXLPEmGaqkV_MMg59NZ9gj04tddrAPQ3NmEGTU8=w1000-h1000-c-n,33.9603341,-83.3817083,0.5239,True,3
139959,University of Georgia,coffee,ChIJq6pq4eBs9ogRJVJf16rOcuI,0x88f66ce0e16aaaab:0xe272ceaad75f5225,Bulldog Cafe,Cafe,"[""Cafe"", ""Food service"", ""Restaurant""]","Tate Student Ctr, 45 Baxter St, Athens, GA 30602",(706) 542-8511,https://www.hotel.uga.edu/dining-in-athens/bulldog-bistro,4.4,5.0,,Open · Closes 8 PM,"""Open \u00b7 Closes 8\u202fPM""","{""tuesday"": ""7:30\u202fAM\u20138\u202fPM"", ""wednesday"": ""7:30\u202fAM\u20138\u202fPM"", ""thursday"": ""7:30\u202fAM\u20138\u202fPM"", ""friday"": ""7:30\u202fAM\u20138\u202fPM"", ""saturday"": ""10:30\u202fAM\u20134\u202fPM"", ""sunday"": ""Closed"", ""monday"": ""7:30\u202fAM\u20138\u202fPM""}","{""dine_in"": true, ""takeout"": true, ""delivery"": false}",,https://lh3.googleusercontent.com/gps-cs-s/APNQkAH2OCwk9W1UhuUf3HTs40_xFTRSZmJbSFA3Sqn3Tr6tn17j7gB6SnvWKyjIoNOLRhhFWVq20XB-TdTxXfj7PGRF1nC3YE2UUx9DoR3iwupX-baegNgWbTacR-UiaHBPN8f2wPNm7g=w1000-h1000-c-n,33.9504598,-83.3749651,0.4021,True,3
139959,University of Georgia,coffee,ChIJa9dL3uBs9ogRj15aqoRpKSk,0x88f66ce0de4bd76b:0x29296984aa5a5e8f,Starbucks,Coffee shop,"[""Coffee shop"", ""Cafe"", ""Coffee store"", ""Espresso bar""]","45 Baxter St, Athens, GA 30602",(706) 542-3165,https://www.starbucks.com/store-locator/store/1016673,4.5,82.0,$1–10,Open · Closes 5 PM,"""Open \u00b7 Closes 5\u202fPM""","{""tuesday"": ""7:30\u202fAM\u20135\u202fPM"", ""wednesday"": ""7:30\u202fAM\u20135\u202fPM"", ""thursday"": ""7:30\u202fAM\u20135\u202fPM"", ""friday"": ""7:30\u202fAM\u20135\u202fPM"", ""saturday"": ""Closed"", ""sunday"": ""Closed"", ""monday"": ""7:30\u202fAM\u20135\u202fPM""}","{""dine_in"": true, ""drive_through"": true, ""delivery"": false}","Iconic coffeehouse chain. Welcoming coffeehouse with handcrafted coffee, espresso & tea, plus breakfast, lunch & pastries.",https://lh3.googleusercontent.com/gps-cs-s/APNQkAFFCPHNoVob3Sfy2xBDvC5Tb2VYQsUAne5u2lXwmxZrzZNaOFc1IQ9iyEWrFdKUQFNNIBJDyS0kjjW0tCHqTPyN8USDsL7VaWbMLG-hOQjNxwmSLcvq9bN7EiIY2i5wRA4mMn1K=w1000-h1000-c-n,33.95121,-83.37603,0.3652,True,3
139959,University of Georgia,coffee,ChIJMQnbkuNs9ogRD49xRQ4wTMA,0x88f66ce392db0931:0xc04c300e45718f0f,Jittery Joe's Coffee - UGA Science Library,Coffee shop,"[""Coffee shop""]","215 D. W. Brooks Drive, Athens, GA 30602",(877) 438-5637,https://jitteryjoes.com/,3.6,18.0,$1–10,Open · Closes 8 PM,"""Open \u00b7 Closes 8\u202fPM""","{""tuesday"": ""7:30\u202fAM\u20138\u202fPM"", ""wednesday"": ""7:30\u202fAM\u20138\u202fPM"", ""thursday"": ""7:30\u202fAM\u20138\u202fPM"", ""friday"": ""7:30\u202fAM\u20135\u202fPM"", ""saturday"": ""Closed"", ""sunday"": ""1\u20138\u202fPM"", ""monday"": ""7:30\u202fAM\u20138\u202fPM""}","{""dine_in"": true, ""takeout"": true, ""delivery"": true}","Hip cafe pouring gourmet coffee drinks. Hip coffeehouse serving microroasted brews from around the world, plus baked goods.",https://lh3.googleusercontent.com/gps-cs-s/APNQkAFMZJAV9tr5sOBd6JVpq1bw7XIixEYUXpE7qtYOsSX0WRgvD0Gl8Il8vGTPPA5hCgRz-33MW-JoAjzy32qRI9wK5URLtFdrbcUgtM92imWDovBb1vB7ePo_rwVpnj0Yfd3S8gBvSA=w1000-h1000-c-n,33.9459834,-83.3749703,0.7099,True,3
139959,University of Georgia,coffee,ChIJ8yYBHQBt9ogRxW-e0qi4a6o,0x88f66d001d0126f3:0xaa6bb8a8d29e6fc5,Koffee Klub 11:11,Coffee shop,"[""Coffee shop""]","256 W Clayton St, Athens, GA 30601",,,,,,,{},{},"{""dine_in"": true}",,https://streetviewpixels-pa.googleapis.com/v1/thumbnail?panoid=v7IpOQLz2Hs1-oLCyFA19w&cb_client=search.gws-prod.gps&w=80&h=92&yaw=79.88568&pitch=0&thumbfov=100,33.9578901,-83.3796753,0.3437,True,3
139959,University of Georgia,coffee,ChIJb80hZt5s9ogRFf1kqgKIJMY,0x88f66cde6621cd6f:0xc6248802aa64fd15,Jittery Joe’s Coffee - UGA Law School,Coffee shop,"[""Coffee shop"", ""Bagel shop"", ""Cafe"", ""Espresso bar"", ""Tea house""]","225 Herty Dr, Athens, GA 30602",(706) 549-2124,https://dining.uga.edu/locations/jittery-joes/,3.6,5.0,$,Closes soon · 4 PM · Opens 7:30 AM Wed,"""Closes soon \u00b7 4\u202fPM \u00b7 Opens 7:30\u202fAM Wed""","{""tuesday"": ""7:30\u202fAM\u20134\u202fPM"", ""wednesday"": ""7:30\u202fAM\u20134\u202fPM"", ""thursday"": ""7:30\u202fAM\u20134\u202fPM"", ""friday"": ""7:30\u202fAM\u20133\u202fPM"", ""saturday"": ""Closed"", ""sunday"": ""Closed"", ""monday"": ""7:30\u202fAM\u20134\u202fPM""}","{""dine_in"": true, ""takeout"": true, ""delivery"": false}","Hip cafe pouring gourmet coffee drinks. Hip coffeehouse serving microroasted brews from around the world, plus baked goods.",,33.9549498,-83.3746846,0.0961,True,3
139959,University of Georgia,coffee,ChIJxwcuWydt9ogRKRJ1NoDjHhY,0x88f66d275b2e07c7:0x161ee38036751229,The National,Coffee shop,"[""Coffee shop"", ""Bar"", ""Fine dining restaurant""]","232 W Hancock Ave, Athens, GA 30601",(706) 549-3450,http://www.thenationalrestaurant.com/,4.6,555.0,$20–70,Closed · Opens 5 PM,"""Closed \u00b7 Opens 5\u202fPM""","{""tuesday"": ""5\u20139\u202fPM"", ""wednesday"": ""11\u202fAM\u20132\u202fPM, 5\u20139\u202fPM"", ""thursday"": ""11\u202fAM\u20132\u202fPM, 5\u20139\u202fPM"", ""friday"": ""11\u202fAM\u20132\u202fPM, 5\u20139\u202fPM"", ""saturday"": ""11\u202fAM\u20132\u202fPM, 5\u20139\u202fPM"", ""sunday"": ""Closed"", ""monday"": ""5\u20139\u202fPM""}","{""dine_in"": true, ""takeout"": true, ""delivery"": false}","Locally sourced Mediterranean-style fare. Mediterranean-style dishes created with seasonal, Southern influences, plus an extensive wine list.",https://lh3.googleusercontent.com/gps-cs-s/APNQkAFPuWcPLovNTRHQSLziV_J5ly0skKnTl3QDr3Joypw_P-AABZVvbvJQIYLyh60sCvo1iAp4krAz4CmECip-x1miwNkTr42qLBo0We7lAW2GMoUnzdIkOGptmoM80gJBCrHmlKt4=w1000-h1000-c-n,33.9595443,-83.3795976,0.3932,True,3
139959,University of Georgia,coffee,ChIJsR24s8xt9ogRRKX8Pp96H4w,0x88f66dccb3b81db1:0x8c1f7a9f3efca544,Adcafe Studios,Cafe,"[""Cafe""]","150 E Clayton St, Athens, GA 30601",,,,,,,{},{},"{""dine_in"": true, ""takeout"": true, ""delivery"": false}",,https://streetviewpixels-pa.googleapis.com/v1/thumbnail?panoid=jBIUU0LfeoTZudQm45wtkA&cb_client=search.gws-prod.gps&w=80&h=92&yaw=163.9236&pitch=0&thumbfov=100,33.958110999999995,-83.376352,0.1864,True,3
139959,University of Georgia,coffee,ChIJnxgzCwBt9ogRsvwZKk7jpDI,0x88f66d000b33189f:0x32a4e34e2a19fcb2,Restaurante colombiano,Coffee shop,"[""Coffee shop""]","301 College Ave #101, Athens, GA 30601",,,,,,,{},{},"{""dine_in"": true}",,https://streetviewpixels-pa.googleapis.com/v1/thumbnail?panoid=VNgWTJ6gn-V7xFLeeXc-HA&cb_client=search.gws-prod.gps&w=80&h=92&yaw=247.70424&pitch=0&thumbfov=100,33.9596643,-83.3764161,0.2742,True,3
139959,University of Georgia,coffee,ChIJR9FWu-Rs9ogRSXmYYBE14sU,0x88f66ce4bb56d147:0xc5e2351160987949,Einstein Bros. Bagels,Cafe,"[""Cafe"", ""Breakfast restaurant"", ""Bagel shop""]","130 Carlton St, Athens, GA 30602",(706) 542-6345,https://locations.einsteinbros.com/us/ga/athens/130-carlton-street?y_source=1_OTA1MDIwMy03MTUtbG9jYXRpb24ud2Vic2l0ZQ%3D%3D,4.0,46.0,$1–10,Open · Closes 5 PM,"""Open \u00b7 Closes 5\u202fPM""","{""tuesday"": ""7:30\u202fAM\u20135\u202fPM"", ""wednesday"": ""7:30\u202fAM\u20135\u202fPM"", ""thursday"": ""7:30\u202fAM\u20135\u202fPM"", ""friday"": ""7:30\u202fAM\u20135\u202fPM"", ""saturday"": ""Closed"", ""sunday"": ""Closed"", ""monday"": ""7:30\u202fAM\u20135\u202fPM""}","{""dine_in"": true, ""takeout"": true, ""delivery"": false}",,https://lh3.googleusercontent.com/gps-cs-s/APNQkAFWiq9wQ57rU4GF704j7qIvO-swVwh4SKDy3cwwqlnAE5-3Yd0Osagult90cg_CUgqLM2DDHe5-vBtBb6iXo7ZT-7-SNTdlvci-0nxftb28JDqho2EDQmpXqjOsoxhX67O5saT5=w1000-h1000-c-n,33.9428634,-83.3762647,0.9323,True,3
195030,University of Rochester,coffee,ChIJPZ6na1211okR7rcLi5kIS6o,0x89d6b55d6ba79e3d:0xaa4b08998b0bb7ee,Mocha House - Bayt Al Mocha,Coffee shop,"[""Coffee shop"", ""Cafe"", ""Espresso bar"", ""Juice shop"", ""Tea house""]","1381 Mt Hope Ave, Rochester, NY 14620",(585) 851-8695,https://baytalmocha.com/?utm_source=gbp,4.8,131.0,$10–20,Open · Closes 11 PM,"""Open \u00b7 Closes 11\u202fPM""","{""tuesday"": ""8\u202fAM\u201311\u202fPM"", ""wednesday"": ""8\u202fAM\u201311\u202fPM"", ""thursday"": ""8\u202fAM\u201311\u202fPM"", ""friday"": ""8\u202fAM\u201312\u202fAM"", ""saturday"": ""8\u202fAM\u201312\u202fAM"", ""sunday"": ""8\u202fAM\u201312\u202fAM"", ""monday"": ""8\u202fAM\u201311\u202fPM""}","{""dine_in"": true, ""takeout"": true, ""delivery"": true}",,https://lh3.googleusercontent.com/gps-cs-s/APNQkAHHTksJERxypAYlNrB0yDCr83A_uJzdD9qrLyiXoJ6KJbtbbMg4oT6LD2DaDBYC7PVzCZ9XHpGjEPW84Y_3Gr3cswOjc_ily4zX7SXTo9bVJzX5O8yx5CGi-j6VNxg37LVh73z3dpit4Tla=w1000-h1000-c-n,43.1227699,-77.6187564,0.7042,True,3
195030,University of Rochester,coffee,ChIJx266GMy01okRtkUVoMfFGFg,0x89d6b4cc18ba6ec7:0x5818c5c7a01545b6,Finger Lakes Coffee Roasters,Coffee shop,"[""Coffee shop""]","601 Elmwood Ave, Rochester, NY 14642",(585) 275-0245,https://fingerlakescoffee.com/,3.5,39.0,$1–10,Open · Closes 6 PM,"""Open \u00b7 Closes 6\u202fPM""","{""tuesday"": ""7\u202fAM\u20136\u202fPM"", ""wednesday"": ""7\u202fAM\u20136\u202fPM"", ""thursday"": ""7\u202fAM\u20136\u202fPM"", ""friday"": ""7\u202fAM\u20136\u202fPM"", ""saturday"": ""7:30\u202fAM\u20134\u202fPM"", ""sunday"": ""7:30\u202fAM\u20134\u202fPM"", ""monday"": ""7\u202fAM\u20136\u202fPM""}","{""dine_in"": true, ""takeout"": true, ""delivery"": false}",,https://lh3.googleusercontent.com/gps-cs-s/APNQkAGgg29pNaz3VUzGHgxBQnjGygH90yNF1vP25jYu_lAHkJLfNaAt-YMVY-WLHXDEqTumVaQ76Eglici06FdvEmm0N67t3HYzvx1aM-2PS2679YjuyI8zywLDJNoegP9_O2i9br7WLs9UiLAl=w1000-h1000-c-n,43.1228619,-77.6237009,0.5475,True,3
195030,University of Rochester,coffee,ChIJqzOV5ce01okRMb0qyPPmz4M,0x89d6b4c7e59533ab:0x83cfe6f3c82abd31,Starbucks Coffee Company,Coffee shop,"[""Coffee shop"", ""Cafe"", ""Coffee store"", ""Espresso bar""]","201 Wilson Blvd, Rochester, NY 14627",(585) 276-4070,https://www.starbucks.com/store-locator/store/6739,4.2,182.0,$10–20,Open · Closes 12 AM,"""Open \u00b7 Closes 12\u202fAM""","{""tuesday"": ""7:30\u202fAM\u201312\u202fAM"", ""wednesday"": ""7:30\u202fAM\u201312\u202fAM"", ""thursday"": ""7:30\u202fAM\u20131\u202fAM"", ""friday"": ""7:30\u202fAM\u20131\u202fAM"", ""saturday"": ""9\u202fAM\u20131\u202fAM"", ""sunday"": ""9\u202fAM\u201312\u202fAM"", ""monday"": ""7:30\u202fAM\u201312\u202fAM""}","{""dine_in"": true, ""drive_through"": true, ""delivery"": false}","Iconic coffeehouse chain. Welcoming coffeehouse with handcrafted coffee, espresso & tea, plus breakfast, lunch & pastries.",https://lh3.googleusercontent.com/gps-cs-s/APNQkAFYQSOQYclaFcR6aYbqbH8K8k6mFQxko1s_2Y8HGgJmooCbgubNlxFy8x0Az-n_EzfRzG2FpB70klUPdmIOdXzTKxBUDIjSFYxhxHhT6xJe8aTjJM0ICxW_e63B6g4Hso8uR6nP=w1000-h1000-c-n,43.12898,-77.62971499999999,0.077,True,3
166683,Massachusetts Institute of Technology,coffee,ChIJfwrKnKVx44kR5NHfZSpn91I,0x89e371a59cca0a7f:0x52f7672a65dfd1e4,Blue Bottle Coffee,Coffee shop,"[""Coffee shop"", ""Cafe""]","88 Ames St, Cambridge, MA 02142",(510) 661-3510,https://bluebottlecoffee.com/us/eng/boston-cafes?utm_source=google&utm_medium=organic&utm_campaign=cafe_business_listing_boston,4.2,313.0,$1–20,Open · Closes 6 PM,"""Open \u00b7 Closes 6\u202fPM""","{""tuesday"": ""7\u202fAM\u20136\u202fPM"", ""wednesday"": ""7\u202fAM\u20136\u202fPM"", ""thursday"": ""7\u202fAM\u20136\u202fPM"", ""friday"": ""7\u202fAM\u20136\u202fPM"", ""saturday"": ""7\u202fAM\u20136\u202fPM"", ""sunday"": ""7\u202fAM\u20136\u202fPM"", ""monday"": ""7\u202fAM\u20136\u202fPM""}","{""dine_in"": true, ""takeout"": true, ""delivery"": true}","Hip cafe for gourmet coffee & pastries. Trendy cafe chain offering upscale coffee drinks & pastries, plus beans & brewing equipment.",https://lh3.googleusercontent.com/gps-cs-s/APNQkAEqt3vAEt0aAzR_98s1EUS7ipbYE98mhd4y4ekh6YvXSCvNfgmenKBJijatTrntJ3ylTlPp92J5AOKaZAHaovwRHaMX2H0kD5KwkXWRMyT4w2LiN917TPkktFtQQbegeunjGwSi=w1000-h1000-c-n,42.3633041,-71.087593,0.406,True,5
166683,Massachusetts Institute of Technology,coffee,ChIJR_3Q7Xhx44kRgFXv6YxpHbY,0x89e37178edd0fd47:0xb61d698ce9ef5580,Ripple Cafe,Coffee shop,"[""Coffee shop""]","314 Main St, Cambridge, MA 02142",,http://rippleboston.com/,4.0,175.0,$1–10,Open · Closes 5 PM,"""Open \u00b7 Closes 5\u202fPM""","{""tuesday"": ""7\u202fAM\u20135\u202fPM"", ""wednesday"": ""7\u202fAM\u20135\u202fPM"", ""thursday"": ""7\u202fAM\u20135\u202fPM"", ""friday"": ""7\u202fAM\u20135\u202fPM"", ""saturday"": ""9\u202fAM\u20134\u202fPM"", ""sunday"": ""9\u202fAM\u20134\u202fPM"", ""monday"": ""7\u202fAM\u20135\u202fPM""}","{""dine_in"": true, ""curbside_pickup"": true, ""delivery"": true}",,https://lh3.googleusercontent.com/gps-cs-s/APNQkAFkVU4yET7I5QLhsga-mUSvXxXmUyGD7LxRgUvNDcRxhRsxY_e0CvauvmSVQKaVZU1cPz0SvydbCqUrDybPeskY90IVfnICUzyPFiKgHU49n64_iS2iEx-l9FwNLLFqIkGoUCF47MKFHAC5=w1000-h1000-c-n,42.362279,-71.086354,0.4142,True,5
166683,Massachusetts Institute of Technology,coffee,ChIJNesa9VV344kR6Psmiy9F6ew,0x89e37755f51aeb35:0xece9452f8b26fbe8,Pacific Street Cafe,Cafe,"[""Cafe""]","NW86, 70 Pacific St, Cambridge, MA 02139",(617) 494-1414,http://www.pacificstreetcafe.com/,3.9,96.0,$10–20,Open · Closes 6 PM,"""Open \u00b7 Closes 6\u202fPM""","{""tuesday"": ""7\u202fAM\u20136\u202fPM"", ""wednesday"": ""7\u202fAM\u20136\u202fPM"", ""thursday"": ""7\u202fAM\u20136\u202fPM"", ""friday"": ""7\u202fAM\u20136\u202fPM"", ""saturday"": ""Closed"", ""sunday"": ""Closed"", ""monday"": ""7\u202fAM\u20136\u202fPM""}","{""dine_in"": true, ""takeout"": true, ""delivery"": true}","Simple sandwich & breakfast standby. Casual counter-serve cafe serving coffee, sandwiches, pizza & breakfast options.",https://lh3.googleusercontent.com/gps-cs-s/APNQkAHOF7RJZnOA4U-upQfX5t2Axr0gmkKJC5cyeG-KgDeP7bvDvvboGSPaWhZembXTbeZYM5bCL8CgYYkrb6JiR-CxiD7DJm94WgaiVQyOmZoaBM-tuKoZ3xgpUkYE1qk_rlyX8Ngo=w1000-h1000-c-n,42.3601987,-71.10244329999999,0.4681,True,6
166683,Massachusetts Institute of Technology,coffee,ChIJTWG8-1N344kR43OewvkeUGM,0x89e37753fbbc614d:0x63501ef9c29e73e3,Caffè Nero,Coffee shop,"[""Coffee shop"", ""Breakfast restaurant"", ""Cafe""]","589 Massachusetts Ave, Cambridge, MA 02139",(857) 259-6077,http://www.caffenero.com/,3.9,740.0,$10–20,Open · Closes 7 PM,"""Open \u00b7 Closes 7\u202fPM""","{""tuesday"": ""6:30\u202fAM\u20137\u202fPM"", ""wednesday"": ""6:30\u202fAM\u20137\u202fPM"", ""thursday"": ""6:30\u202fAM\u20137\u202fPM"", ""friday"": ""6:30\u202fAM\u20137\u202fPM"", ""saturday"": ""7\u202fAM\u20137\u202fPM"", ""sunday"": ""7\u202fAM\u20137\u202fPM"", ""monday"": ""6:30\u202fAM\u20137\u202fPM""}","{""dine_in"": true, ""takeout"": true, ""delivery"": true}",Informal coffee shop with light bites. Casual coffee shop with a menu of light dishes & specially blended hot & cold drinks.,https://lh3.googleusercontent.com/gps-cs-s/APNQkAF6INAT8feESeEDh1Qi0Sz89nXFplp-t-vJlpf-sexLW2ftnfltRyea4E6xOQZjEEMdyGCIvvUT1pqSClxQyBpjk4GKJevwVZUW85m8wEz-a1z-QeZudBaBc63CH53CAJSA_F4dtQ=w1000-h1000-c-n,42.3651115,-71.102743,0.6268,True,6
166683,Massachusetts Institute of Technology,coffee,ChIJU9v-SqRw44kR0kiwGr8SYXQ,0x89e370a44afedb53:0x746112bf1ab048d2,Starbucks Coffee Company,Coffee shop,"[""Coffee shop"", ""Breakfast restaurant"", ""Cafe"", ""Coffee store"", ""Espresso bar"", ""Internet cafe""]","120 Broadway, Cambridge, MA 02142",(617) 577-7511,https://www.starbucks.com/store-locator/store/12566/,4.0,443.0,$1–10,Open · Closes 9 PM,"""Open \u00b7 Closes 9\u202fPM""","{""tuesday"": ""4:30\u202fAM\u20139\u202fPM"", ""wednesday"": ""4:30\u202fAM\u20139\u202fPM"", ""thursday"": ""4:30\u202fAM\u20139\u202fPM"", ""friday"": ""4:30\u202fAM\u20139\u202fPM"", ""saturday"": ""5\u202fAM\u20139\u202fPM"", ""sunday"": ""5\u202fAM\u20139\u202fPM"", ""monday"": ""4:30\u202fAM\u20139\u202fPM""}","{""dine_in"": true, ""takeout"": true, ""delivery"": true}","Iconic coffeehouse chain. Welcoming coffeehouse with handcrafted coffee, espresso & tea, plus breakfast, lunch & pastries.",https://lh3.googleusercontent.com/gps-proxy/ALd4DhFcxQuVMiXSY_zetq5ZxabN3dXR_kMF0L0JrxHgvfdPyVuiXXLeg3Elzett3tzzy9XDKqdStmFhv2FTKf9CEmA_Scc-ZzPDJ9zdrA9NOzl512g-pPj_xrX3BuBwooH1crbmW1jTYpRaZeNgCFGc_TVYbRQxdCTe_3OsdcJbzR4A3GvynJcUN2Vu=w1000-h1000-c-n,42.36391,-71.08809,0.4192,True,7
166027,Harvard University,coffee,ChIJ47XmHwB344kRMLhqd-JxBiY,0x89e377001fe6b5e3:0x260671e2776ab830,George Howell Coffee & Wine Bar,Coffee shop,"[""Coffee shop"", ""Wine bar""]","44 Brattle St, Cambridge, MA 02138",(617) 286-2346,https://georgehowellcoffee.com/pages/lovestruck-books-cafe,4.1,30.0,$1–10,Open · Closes 8 PM,"""Open \u00b7 Closes 8\u202fPM""","{""tuesday"": ""8\u202fAM\u20138\u202fPM"", ""wednesday"": ""8\u202fAM\u20138\u202fPM"", ""thursday"": ""8\u202fAM\u201310\u202fPM"", ""friday"": ""8\u202fAM\u201310\u202fPM"", ""saturday"": ""8\u202fAM\u201310\u202fPM"", ""sunday"": ""8\u202fAM\u20138\u202fPM"", ""monday"": ""8\u202fAM\u20138\u202fPM""}","{""dine_in"": true, ""takeout"": true, ""delivery"": false}",,https://lh3.googleusercontent.com/gps-cs-s/APNQkAHz97yQGAeY-Goe2SVcNioceH29_GBLi0clgQhdRRP8eImA5O0IhPNrGsMr88WIUK6A90b74mCN6wAxJFIhXFo93NfQ1iiUQgAp52JosARuSqX6ZXhao-RUTedvPP8G9Npm8mB4MA=w1000-h1000-c-n,42.3738889,-71.1216434,0.1756,True,5
166027,Harvard University,coffee,ChIJUeXraUF344kRW2DDS9c0J8k,0x89e3774169ebe551:0xc92734d74bc3605b,Buckminster's Cafe,Cafe,"[""Cafe"", ""Restaurant""]","11 Oxford St, Cambridge, MA 02138",,http://www.harvard.edu/,4.1,20.0,,Closed · Opens 8 AM Wed,"""Closed \u00b7 Opens 8\u202fAM Wed""","{""tuesday"": ""8\u202fAM\u20133:30\u202fPM"", ""wednesday"": ""8\u202fAM\u20133:30\u202fPM"", ""thursday"": ""8\u202fAM\u20133:30\u202fPM"", ""friday"": ""8\u202fAM\u20133\u202fPM"", ""saturday"": ""Closed"", ""sunday"": ""Closed"", ""monday"": ""8\u202fAM\u20133:30\u202fPM""}","{""dine_in"": true, ""takeout"": true, ""delivery"": false}","Airy campus spot for coffee & light fare. Airy campus cafe serving espresso, sandwiches & other light fare at the in bright, unadorned digs.",https://lh3.googleusercontent.com/gps-cs-s/APNQkAEvKE-FmC6faJCeYE4IfMPK8oKT_1gWS2twepelkPmhcqcZhEkh1XawEmD4xMgZVnY67mdcU7yhPK7JsxgTrQ1u-A54hT1laPv9UnjjIEFk3oo5oJu3v1xW9Yn4ST9Bc5K3savA4A=w1000-h1000-c-n,42.3774045,-71.11660479999999,0.2215,True,5
166027,Harvard University,coffee,ChIJiUytFk5344kRMxw0Eboj7qU,0x89e3774e16ad4c89:0xa5ee23ba11341c33,Barismo,Espresso bar,"[""Espresso bar"", ""Bakery""]","364 Broadway, Cambridge, MA 02139",(617) 714-5536,http://barismo.com/,4.1,369.0,$10–20,Closed · Opens 7:30 AM Wed,"""Closed \u00b7 Opens 7:30\u202fAM Wed""","{""tuesday"": ""7:30\u202fAM\u20133:30\u202fPM"", ""wednesday"": ""7:30\u202fAM\u20133:30\u202fPM"", ""thursday"": ""7:30\u202fAM\u20133:30\u202fPM"", ""friday"": ""7:30\u202fAM\u20133:30\u202fPM"", ""saturday"": ""9\u202fAM\u20133:30\u202fPM"", ""sunday"": ""9\u202fAM\u20133\u202fPM"", ""monday"": ""8\u202fAM\u20132\u202fPM""}","{""dine_in"": true, ""curbside_pickup"": true, ""delivery"": false}","Artisan brews in a relaxed coffee bar. Easygoing java joint featuring hot & cold coffees from a local roastery, plus pastries.",https://lh3.googleusercontent.com/gps-cs-s/APNQkAF7kiQCZwMDFAHdNVm3yjQCTMkxSWUvA3Dj-KM2IxuNfjB7PGXwfRUkBhWrq3NSR5sT8UoELC9G3EYIFhjQ9P6cr4JllomdbpbYfFWj_k5GC-jH9i0rf8u5u0wbQ2Hb4XyqatH7=w1000-h1000-c-n,42.370484,-71.1044197,0.7591,True,5
166027,Harvard University,coffee,ChIJk2qemlp344kRwQVdSz9zMOo,0x89e3775a9a9e6a93:0xea30733f4b5d05c1,Dado Tea,Cafe,"[""Cafe"", ""Bubble tea store"", ""Vegetarian cafe and deli""]","955 Massachusetts Ave, Cambridge, MA 02139",(617) 497-9061,http://www.dadotea.com/,4.6,166.0,$10–20,Closes soon · 4 PM · Opens 8 AM Wed,"""Closes soon \u00b7 4\u202fPM \u00b7 Opens 8\u202fAM Wed""","{""tuesday"": ""8\u202fAM\u20134\u202fPM"", ""wednesday"": ""8\u202fAM\u20134\u202fPM"", ""thursday"": ""8\u202fAM\u20134\u202fPM"", ""friday"": ""8\u202fAM\u20134\u202fPM"", ""saturday"": ""9\u202fAM\u20133\u202fPM"", ""sunday"": ""10\u202fAM\u20133\u202fPM"", ""monday"": ""8\u202fAM\u20134\u202fPM""}","{""dine_in"": true, ""takeout"": true, ""delivery"": false}",,https://lh3.googleusercontent.com/gps-cs-s/APNQkAF07apLEFWNSyX3Rno51LZbV1Kz1FVLWqvUyAkfuC--EQPLczgClMvFDsGM4mcbfmhCS9FbWvauR3jGCzrv2z-znOjC_gQfyEK9AVirLixXRyiYjzRGN8s9EB8b0WgxemtKFnRheA=w1000-h1000-c-n,42.3691069,-71.1098162,0.5686,True,5
166027,Harvard University,coffee,ChIJo5U6fCB344kRklMMxBxIhZ4,0x89e377207c3a95a3:0x9e85481cc40c5392,Pavement Coffeehouse - Harvard Square,Coffee shop,"[""Coffee shop"", ""Bagel shop"", ""Coffee roastery"", ""Cafe"", ""Sandwich shop"", ""Wi-Fi spot""]","Smith Campus Center, 1350 Massachusetts Ave, Cambridge, MA 02138",(617) 649-6024,http://pavementcoffeehouse.com/,3.6,189.0,$10–20,Open · Closes 6 PM,"""Open \u00b7 Closes 6\u202fPM""","{""tuesday"": ""7\u202fAM\u20136\u202fPM"", ""wednesday"": ""7\u202fAM\u20136\u202fPM"", ""thursday"": ""7\u202fAM\u20136\u202fPM"", ""friday"": ""7\u202fAM\u20136\u202fPM"", ""saturday"": ""8\u202fAM\u20136\u202fPM"", ""sunday"": ""8\u202fAM\u20136\u202fPM"", ""monday"": ""7\u202fAM\u20136\u202fPM""}","{""dine_in"": true, ""takeout"": true, ""delivery"": false}","Comfy spot for java, snacks & sandwiches. High-end coffee, espresso drinks & tea go with baked goods at this relaxed coffee shop.",https://lh3.googleusercontent.com/gps-cs-s/APNQkAH3KLpvoC4UNV85QcuaNcHSVAdXVZFhOzftKUtp4q9JcmawHBtDIaQjX8ILk1EK8DFGa0coSQL4IXCQaZJNc8VrPSt8aBzSh65v0EK1J_B4DPpxhV4xq9ahl7dOiium5pgIa8YD0Q=w1000-h1000-c-n,42.3730684,-71.1187188,0.0979,True,6
166027,Harvard University,coffee,ChIJwU6Kt0J344kREp_0kCzPWM4,0x89e37742b78a4ec1:0xce58cf2c90f49f12,Capital One Café,Coffee shop,"[""Coffee shop"", ""Bank""]","24 John F. Kennedy St, Cambridge, MA 02138",(617) 299-2669,https://www.capitalone.com/local/boston-harvardsquare/?utm_source=PowerListings&utm_medium=Local&utm_campaign=Yext,4.1,137.0,$1–10,Open · Closes 7 PM,"""Open \u00b7 Closes 7\u202fPM""","{""tuesday"": ""7\u202fAM\u20137\u202fPM"", ""wednesday"": ""7\u202fAM\u20137\u202fPM"", ""thursday"": ""7\u202fAM\u20137\u202fPM"", ""friday"": ""7\u202fAM\u20137\u202fPM"", ""saturday"": ""7\u202fAM\u20137\u202fPM"", ""sunday"": ""8\u202fAM\u20135\u202fPM"", ""monday"": ""7\u202fAM\u20137\u202fPM""}","{""dine_in"": true, ""takeout"": true, ""delivery"": false}",Modern coffeehouse with free WiFi. Bank-affiliated coffeehouse chain offering hot drinks & free WiFi in a modern setting.,https://lh3.googleusercontent.com/gps-cs-s/APNQkAGbzPoP_hcDrlr1Ca5jw7qmG0LkiCS0oa8bA89eeiHf7A8R9UBXk6Zq7IphMJbrDdyXAJw0Np69ycj6uNb2-Mi_L1AJEY-vVAen2V-lK4OSy393JQvUwpEMm5Tfvx0Gj2lU9mNrjno8BiwY=w1000-h1000-c-n,42.3728979,-71.11967589999999,0.1285,True,6
166027,Harvard University,coffee,ChIJ_YAOWkR344kRt1Tt9gdKsDg,0x89e377445a0e80fd:0x38b04a07f6ed54b7,Starbucks Coffee Company,Coffee shop,"[""Coffee shop"", ""Breakfast restaurant"", ""Cafe"", ""Coffee store"", ""Espresso bar"", ""Internet cafe""]","468 Broadway, Cambridge, MA 02138",(617) 491-9911,https://www.starbucks.com/store-locator/store/12268/,3.9,231.0,$1–10,Open · Closes 9 PM,"""Open \u00b7 Closes 9\u202fPM""","{""tuesday"": ""5\u202fAM\u20139\u202fPM"", ""wednesday"": ""5\u202fAM\u20139\u202fPM"", ""thursday"": ""5\u202fAM\u20139\u202fPM"", ""friday"": ""5\u202fAM\u20139\u202fPM"", ""saturday"": ""5\u202fAM\u20139\u202fPM"", ""sunday"": ""5\u202fAM\u20139\u202fPM"", ""monday"": ""5\u202fAM\u20139\u202fPM""}","{""dine_in"": true, ""takeout"": true, ""delivery"": true}","Iconic coffeehouse chain. Welcoming coffeehouse with handcrafted coffee, espresso & tea, plus breakfast, lunch & pastries.",https://lh3.googleusercontent.com/gps-proxy/ALd4DhFunpqQwKQIxrrxFKDUkhjkMrbmLkxxLEuxI6eqPHzTgBe1Zbw2rg9NF_c9nUV2qzjOvi3-bhWcq1_mV6AURoHzuri_0CYsyqMFrKH7B-kNM8xZkBh6Q8Aqpnk73sKc2tbMp0Z1ANyOxc8t2Jg1zErqktnh4NwcfROtX081ouup1Yr6nzX7ocU=w1000-h1000-c-n,42.37388,-71.11295,0.2753,True,7
166027,Harvard University,coffee,ChIJt4au5Tt344kR_PSdqNwy8bk,0x89e3773be5ae86b7:0xb9f132dca89df4fc,Starbucks Coffee Company,Coffee shop,"[""Coffee shop"", ""Breakfast restaurant"", ""Cafe"", ""Coffee store"", ""Espresso bar"", ""Internet cafe""]","711-723 Somerville Ave, Somerville, MA 02143",(617) 776-6783,https://www.starbucks.com/store-locator/store/13954/,4.1,320.0,$10–20,Open · Closes 9 PM,"""Open \u00b7 Closes 9\u202fPM""","{""tuesday"": ""5\u202fAM\u20139\u202fPM"", ""wednesday"": ""5\u202fAM\u20139\u202fPM"", ""thursday"": ""5\u202fAM\u20139\u202fPM"", ""friday"": ""5\u202fAM\u20139\u202fPM"", ""saturday"": ""5\u202fAM\u20139\u202fPM"", ""sunday"": ""5\u202fAM\u20139\u202fPM"", ""monday"": ""5\u202fAM\u20139\u202fPM""}","{""dine_in"": true, ""takeout"": true, ""delivery"": true}","Iconic coffeehouse chain. Welcoming coffeehouse with handcrafted coffee, espresso & tea, plus breakfast, lunch & pastries.",https://lh3.googleusercontent.com/gps-proxy/ALd4DhHNaCrXVEg4Yu_q9ekWIQ-gL56Fap2e32xDTy_jf7eaUo55mS_oQyRlAcoEX-Q2ph-scVepRa9DwlaPHWREp9lTNy33Kb5FIWu8jN8isGUyUwWbxmChj9uqbpDFPM6ead_bk7w-8infY1726TAiN68126kxrOp29lQaEVW43qYE0VkDNdArPT75Qg=w1000-h1000-c-n,42.386077,-71.114192,0.8301,True,8
243744,Stanford University,coffee,ChIJYUh8Jzq7j4ARXcdvPyLUR68,0x808fbb3a277c4861:0xaf47d4223f6fc75d,Bistro Maxine,Cafe,"[""Cafe"", ""Bistro"", ""Brunch restaurant"", ""Breakfast restaurant"", ""Dessert restaurant"", ""European restaurant"", ""French restaurant"", ""Restaurant""]","548 Ramona St, Palo Alto, CA 94301",(650) 323-1815,https://www.bistromaxine.com/,4.0,244.0,$20–30,Open · Closes 2 PM,"""Open \u00b7 Closes 2\u202fPM""","{""tuesday"": ""7\u202fAM\u20132\u202fPM"", ""wednesday"": ""7\u202fAM\u20132\u202fPM"", ""thursday"": ""7\u202fAM\u20132\u202fPM"", ""friday"": ""7\u202fAM\u20132\u202fPM"", ""saturday"": ""8\u202fAM\u20132\u202fPM"", ""sunday"": ""8\u202fAM\u20132\u202fPM"", ""monday"": ""Closed""}","{""dine_in"": true, ""takeout"": true, ""delivery"": true}",Cozy spot for crêpes & coffee. Petite French bistro prepares sweet or savory crêpes to order with classic or buckwheat batter.,https://lh3.googleusercontent.com/gps-cs-s/APNQkAFWYXMwmS-pXwyJPAMx44OZ7zE_xbgz9Q7BCiZ8KwymCTLF0IzbRdYgKQtB5futtIkjfa1Ech-WOu0pxzzfQpIL5zAz9zI-vqYuJUi6judQRZkn3xNTUsRimnv6at_u86Rzdkgb=w1000-h1000-c-n,37.4445889,-122.1612389,1.282,True,5
243744,Stanford University,coffee,ChIJg5JmqDm7j4ARxxy2NX7uuIQ,0x808fbb39a8669283:0x84b8ee7e35b61cc7,Starbucks Coffee Company,Coffee shop,"[""Coffee shop"", ""Breakfast restaurant"", ""Cafe"", ""Coffee store"", ""Espresso bar"", ""Internet cafe""]","151 University Ave, Palo Alto, CA 94301",(650) 322-6684,https://www.starbucks.com/store-locator/store/10673/,4.1,707.0,$1–10,Open · Closes 9 PM,"""Open \u00b7 Closes 9\u202fPM""","{""tuesday"": ""5\u202fAM\u20139\u202fPM"", ""wednesday"": ""5\u202fAM\u20139\u202fPM"", ""thursday"": ""5\u202fAM\u20139\u202fPM"", ""friday"": ""5\u202fAM\u20139\u202fPM"", ""saturday"": ""5\u202fAM\u20139\u202fPM"", ""sunday"": ""5\u202fAM\u20139\u202fPM"", ""monday"": ""5\u202fAM\u20139\u202fPM""}","{""dine_in"": true, ""takeout"": true, ""delivery"": true}","Iconic coffeehouse chain. Welcoming coffeehouse with handcrafted coffee, espresso & tea, plus breakfast, lunch & pastries.",https://lh3.googleusercontent.com/gps-proxy/ALd4DhGNAo3_yy8OGa7zLfikrlIQlJ2JbyTEGEGfu0cO_LvA4Ndh7WcV7DXMRW0SUOP82s88XvnhEXAvhGM4n311H3AigDVfqPOOK5YZrxA9V0J0ARgVcZb28F9ou5FDBnD6vPxJag8Xfb-zaLP8N_qlcttojqVqqqyOsDwwZGXpsUJtnYAInlzxxLk=w1000-h1000-c-n,37.44438,-122.16342,1.2271,True,5
243744,Stanford University,coffee,ChIJDdfCXjG7j4ARfPRwX96UcCs,0x808fbb315ec2d70d:0x2b7094de5f70f47c,ZoomCaffe,Coffee shop,"[""Coffee shop"", ""Cafe"", ""Sandwich shop""]","211 Quarry Road Stanford Hospital Hoover Pavilion, Palo Alto, CA 94304",(650) 384-6663,http://www.zoomcaffe.com/,3.9,14.0,,Open · Closes 2 PM,"""Open \u00b7 Closes 2\u202fPM""","{""tuesday"": ""7\u202fAM\u20132\u202fPM"", ""wednesday"": ""7\u202fAM\u20132\u202fPM"", ""thursday"": ""7\u202fAM\u20132\u202fPM"", ""friday"": ""7\u202fAM\u20132\u202fPM"", ""saturday"": ""Closed"", ""sunday"": ""Closed"", ""monday"": ""7\u202fAM\u20132\u202fPM""}","{""dine_in"": true, ""takeout"": true, ""delivery"": false}",,https://lh3.googleusercontent.com/gps-cs-s/APNQkAFzLIlZ4USP_9e3hU_0F3hnX8Rtk-pCUN2ubMaNWv0saDQBXe-ILoUyxR4vKHYg7ga60Kzwd1azII3rUN6GmrNZRAJN9UBRazMIGaXyWQTlc2AZGZp-tAhLsnCxn1xQvz1V82ET4g=w1000-h1000-c-n,37.4415149,-122.1686795,0.9744,True,5
243744,Stanford University,coffee,ChIJyw-jRdS6j4ARgub3WeaYpQI,0x808fbad445a30fcb:0x2a598e659f7e682,Starbucks Coffee Company,Coffee shop,"[""Coffee shop"", ""Breakfast restaurant"", ""Cafe"", ""Coffee store"", ""Espresso bar"", ""Internet cafe""]","459 Lagunita Dr, Stanford, CA 94305",(650) 321-1884,https://www.starbucks.ca/store-locator/store/90069/,4.1,455.0,$1–10,Open · Closes 7:30 PM,"""Open \u00b7 Closes 7:30\u202fPM""","{""tuesday"": ""5:30\u202fAM\u20137:30\u202fPM"", ""wednesday"": ""5:30\u202fAM\u20137:30\u202fPM"", ""thursday"": ""5:30\u202fAM\u20137:30\u202fPM"", ""friday"": ""5:30\u202fAM\u20137:30\u202fPM"", ""saturday"": ""6:30\u202fAM\u20137\u202fPM"", ""sunday"": ""6:30\u202fAM\u20137\u202fPM"", ""monday"": ""5:30\u202fAM\u20137:30\u202fPM""}","{""dine_in"": true, ""takeout"": true, ""delivery"": false}","Iconic coffeehouse chain. Welcoming coffeehouse with handcrafted coffee, espresso & tea, plus breakfast, lunch & pastries.",https://lh3.googleusercontent.com/gps-cs-s/APNQkAFjwRWj4zWmQzN9aeALnkWJID-IkeLaA_dmNMB4RpztEWGs2JDJTUniPzQYtHXXCDqW53rpKN8mmGmHd37JCwyba9hJFfNnv8rfMng_ywQIruAyLCzlwD_WGHTvDpLs9-WBE0Vf=w1000-h1000-c-n,37.42413,-122.17086,0.233,True,5
243744,Stanford University,coffee,ChIJgzataM2kj4ARQmigzDUgYcw,0x808fa4cd68ad3683:0xcc612035cca06842,ZoomCaffe,Coffee shop,"[""Coffee shop"", ""Cafe"", ""Sandwich shop""]","Stanford Hospital, 875 Blake Wilbur Dr, Palo Alto, CA 94304",(650) 384-6663,http://www.zoomcaffe.com/,3.2,10.0,$10–20,Open · Closes 3:30 PM,"""Open \u00b7 Closes 3:30\u202fPM""","{""tuesday"": ""6:30\u202fAM\u20133:30\u202fPM"", ""wednesday"": ""6:30\u202fAM\u20133:30\u202fPM"", ""thursday"": ""6:30\u202fAM\u20133:30\u202fPM"", ""friday"": ""6:30\u202fAM\u20133:30\u202fPM"", ""saturday"": ""Closed"", ""sunday"": ""Closed"", ""monday"": ""6:30\u202fAM\u20133:30\u202fPM""}","{""dine_in"": true, ""takeout"": true, ""delivery"": false}",,https://lh3.googleusercontent.com/gps-cs-s/APNQkAF55i7ka5gY1y-n14lGC7kUGdeWJCjYC9jSNmzbi1evnN8DBf2BCemLEjmnyOYG8lTSC4127j8ca7dUrHmxOdo9Vkozv7s9npwmIWtcmtiKEHb-2mE2ia1hx1nomHDLTJpj8YyOwg=w1000-h1000-c-n,37.4357298,-122.1763631,0.6623,True,5
243744,Stanford University,coffee,ChIJc-KUEdOkj4ARdvJTa-mR1JM,0x808fa4d31194e273:0x93d491e96b53f276,Beckman Bistro,Cafe,"[""Cafe"", ""Bistro"", ""Mexican restaurant""]","279 Campus Drive W, Stanford, CA 94305",(650) 725-8484,http://www.bistroluttickens.com/,4.2,113.0,$10–20,Open · Closes 3 PM,"""Open \u00b7 Closes 3\u202fPM""","{""tuesday"": ""7:30\u202fAM\u20133\u202fPM"", ""wednesday"": ""7:30\u202fAM\u20133\u202fPM"", ""thursday"": ""7:30\u202fAM\u20133\u202fPM"", ""friday"": ""7:30\u202fAM\u20133\u202fPM"", ""saturday"": ""Closed"", ""sunday"": ""Closed"", ""monday"": ""7:30\u202fAM\u20133\u202fPM""}","{""dine_in"": true, ""takeout"": true, ""delivery"": true}",,https://lh3.googleusercontent.com/gps-cs-s/APNQkAEA9YpxStch5nS7CFb14Wfjucd_OcisHwkNB2O9HO7al1qICnKvxKFZXPFX3l7oG4V0MtgeqkgsitrG5w9axZrZCafRWBnDximZ7pEsapbqODLTEJh8pq0GFM5ntw_gIh4GPmaHtA=w1000-h1000-c-n,37.4318753,-122.1763953,0.4546,True,5
243744,Stanford University,coffee,ChIJtVNO8OW6j4AR9sfufgwNafQ,0x808fbae5f04e53b5:0xf4690d0c7eeec7f6,Backyard Brew,Coffee shop,"[""Coffee shop"", ""Coffee roastery"", ""Coffee wholesaler"", ""Custom label printer"", ""Dessert shop"", ""Juice shop"", ""Tea store"", ""Tea wholesaler"", ""Wholesaler""]","444 California Ave, Palo Alto, CA 94301",(650) 704-7785,https://www.backyardbrew.com/,4.7,718.0,$1–10,Temporarily closed,"""Temporarily closed""",{},"{""outdoor_seating"": true, ""delivery"": true, ""onsite_services"": true, ""takeout"": true, ""dine_in"": true}","Eclectic outdoor coffee place. Funky, convivial hangout in a hidden courtyard featuring gourmet coffee & board games.",https://lh3.googleusercontent.com/gps-proxy/ALd4DhHvoO9QzJSR-eXMzBF6bKLSFbxrw1apaHTSdu6P0J232DuQPMkW7ctIfzlVhi175rTQiupZnqrqLAVn73IARS2KyCjisCv7-DMWFz6yQrvP8SpXn2qtsyRxToQy5Jmwj_C7H5cUH9vi3fqlcL6K6upzxHbDgfR9OlwmhyNv1U0u9FYQbjVu8cW7=w1000-h1000-c-n,37.4260472,-122.1453861,1.3675,True,6
243744,Stanford University,coffee,ChIJfb3w_SS7j4AR5cXvz2hdJ5E,0x808fbb24fdf0bd7d:0x91275d68cfefc5e5,Sur La Table,Kitchen supply store,"[""Kitchen supply store"", ""Baking supply store"", ""Cooking class"", ""Culinary school"", ""Cutlery store""]","855 El Camino Real Suite 57, Palo Alto, CA 94301",(650) 289-0019,https://www.surlatable.com/locations/ca/paloalto/store-73.html,4.5,381.0,,Open · Closes 9 PM,"""Open \u00b7 Closes 9\u202fPM""","{""tuesday"": ""10\u202fAM\u20139\u202fPM"", ""wednesday"": ""10\u202fAM\u20139\u202fPM"", ""thursday"": ""10\u202fAM\u20139\u202fPM"", ""friday"": ""10\u202fAM\u20139\u202fPM"", ""saturday"": ""10\u202fAM\u20139\u202fPM"", ""sunday"": ""11\u202fAM\u20139\u202fPM"", ""monday"": ""10\u202fAM\u20139\u202fPM""}","{""in_store_shopping"": true, ""in_store_pickup"": true, ""delivery"": true}","High-end cookware & tabletop items. Chain retailer for a variety of upscale cooking & dining supplies, plus home decor.",https://lh3.googleusercontent.com/gps-cs-s/APNQkAEBd3XAdbZpF4W6gieu4QLzKL56PJX12itGFgSU_HT6zDOvOhIYaizljkLO-PnyXeAuG2TsrGNfYYAQ5PmXptgaSiqbggwEIw7NdBoF_J2hkd8GmvtOHi6beakD--Gn1LT6GXMB=w1000-h1000-c-n,37.4381178,-122.1602695,0.9171,True,7
243744,Stanford University,coffee,ChIJ_1YEIQC7j4ARbvH4GaEqztk,0x808fbb00210456ff:0xd9ce2aa119f8f16e,California Cafe,Coffee shop,"[""Coffee shop""]","320 California Ave, Palo Alto, CA 94306",,,4.3,50.0,$10–20,Temporarily closed,"""Temporarily closed""",{},"{""outdoor_seating"": true, ""delivery"": false}",,https://lh3.googleusercontent.com/gps-cs-s/APNQkAE10X5mJ5GSgP0T02S_hzZq8NN0soRHJwfCXtlSxtGSpbJfq0nggmXA96bWFrjzuwu8eld3nSic19J--5C0XagiQhGTXNAOD2-7ckBENuGXxMHb4AlNuwaBmnmnhgXt7TTfV-HO=w1000-h1000-c-n,37.427386,-122.1443869,1.4188,True,7
243744,Stanford University,coffee,ChIJbdVYOzS7j4ARQ5Bag8VLLBU,0x808fbb343b58d56d:0x152c4bc5835a9043,Williams-Sonoma,Kitchen supply store,"[""Kitchen supply store"", ""Baking supply store"", ""Chinaware store"", ""Cooking class"", ""Cutlery store"", ""Glassware store"", ""Gourmet grocery store"", ""Home goods store"", ""Knife store""]","180 El Camino Real, Palo Alto, CA 94304",(650) 321-3486,https://www.williams-sonoma.com/stores/us-ca-palo-alto-stanford-shopping-center/,4.0,175.0,$$$,Open · Closes 7 PM,"""Open \u00b7 Closes 7\u202fPM""","{""tuesday"": ""10\u202fAM\u20137\u202fPM"", ""wednesday"": ""10\u202fAM\u20137\u202fPM"", ""thursday"": ""10\u202fAM\u20137\u202fPM"", ""friday"": ""10\u202fAM\u20137\u202fPM"", ""saturday"": ""10\u202fAM\u20137\u202fPM"", ""sunday"": ""10\u202fAM\u20136\u202fPM"", ""monday"": ""10\u202fAM\u20137\u202fPM""}","{""in_store_shopping"": true, ""in_store_pickup"": true, ""delivery"": true}","Retail chain for gourmet cookware. Upscale chain store offering high-end cookware, house-label kitchen accessories & gourmet goods.",https://lh3.googleusercontent.com/gps-cs-s/APNQkAGnVN2bldKbPi2JRxJlWsjAHfh9yBPn389GCbI6QhzZXYskI3Lpn8qmNa9N0kGRrn5r3ijlP6LW3w9zIrBCcGWItsBCE4R0Xan4NMf6wDOaBzF_hloAYF9bW9YqnxQKWoDHIiw=w1000-h1000-c-n,37.4430713,-122.172204,1.0835,True,7
130794,Yale University,coffee,ChIJvaIyeU3Y54kRJHW42QGTeEk,0x89e7d84d7932a2bd:0x49789301d9b87524,Dunkin',Coffee shop,"[""Coffee shop"", ""Bagel shop"", ""Bakery"", ""Breakfast restaurant"", ""Donut shop"", ""Fast food restaurant"", ""Takeout Restaurant""]","51 York St, New Haven, CT 06511",(203) 865-5655,https://locations.dunkindonuts.com/en/ct/new-haven/51-york-st/302697?utm_source=google&utm_medium=local&utm_campaign=localmaps&utm_content=302697&y_source=1_MTIxMDgzNDctNzE1LWxvY2F0aW9uLndlYnNpdGU%3D,3.6,284.0,$1–10,Open · Closes 7 PM,"""Open \u00b7 Closes 7\u202fPM""","{""tuesday"": ""4:30\u202fAM\u20137\u202fPM"", ""wednesday"": ""4:30\u202fAM\u20137\u202fPM"", ""thursday"": ""4:30\u202fAM\u20137\u202fPM"", ""friday"": ""4:30\u202fAM\u20137\u202fPM"", ""saturday"": ""4:30\u202fAM\u20138\u202fPM"", ""sunday"": ""4:30\u202fAM\u20138\u202fPM"", ""monday"": ""4:30\u202fAM\u20137\u202fPM""}","{""dine_in"": true, ""curbside_pickup"": true, ""delivery"": true}",Chain known for breakfast & coffee. Long-running chain serving signature breakfast items & a variety of coffee drinks.,https://lh3.googleusercontent.com/gps-cs-s/APNQkAE14EvoMvyL4OSPcjgrI2ILcobljKSNv4rIXhDYlPevqQLJAbpd0cZG9hXx53aVsoT3O6wIINoyKSA6df9Usdtb1_8N_flzjNIBsUFnTJxFHPLRKHHsE4xuQi1p7O3HnAwMq_8=w1000-h1000-c-n,41.305095,-72.934,0.5686,True,5
130794,Yale University,coffee,ChIJdfiWZy7Z54kRrj3fgk7EoF0,0x89e7d92e6796f875:0x5da0c44e82df3dae,Pho Thai,Thai restaurant,"[""Thai restaurant"", ""Asian restaurant"", ""Brunch restaurant"", ""Bubble tea store"", ""Club"", ""Creperie"", ""Espresso bar"", ""Pizza restaurant""]","76 Orange St, New Haven, CT 06510",(203) 823-9746,https://www.orderphothai.com/,4.0,288.0,$10–30,Closed · Opens 11:30 AM Wed,"""Closed \u00b7 Opens 11:30\u202fAM Wed""","{""tuesday"": ""Closed"", ""wednesday"": ""11:30\u202fAM\u20139\u202fPM"", ""thursday"": ""11:30\u202fAM\u20139\u202fPM"", ""friday"": ""11:30\u202fAM\u201310\u202fPM"", ""saturday"": ""11:30\u202fAM\u201310\u202fPM"", ""sunday"": ""11:30\u202fAM\u20139\u202fPM"", ""monday"": ""11:30\u202fAM\u20139\u202fPM""}","{""dine_in"": true, ""curbside_pickup"": true, ""no_contact_delivery"": true}",,https://lh3.googleusercontent.com/gps-cs-s/APNQkAEAO0g103URcDB_E2KcEw1glnkDRl3N4ZMcVnP_hP9rUVjJJnNVQzUk54rqOWpt7S0Ih1rIWY_0gk8RvkiMZ5EXYpeqQiJKNUt6r-kX30rvC16rxnmarLYqf9oV0q9IDhrJh4wxDA=w1000-h1000-c-n,41.3047356,-72.9249766,0.4556,True,5
130794,Yale University,coffee,ChIJkX9_h_zZ54kRBaerxDFA1eg,0x89e7d9fc877f7f91:0xe8d54031c4aba705,Pedals Smoothie and Juice Bar,Juice shop,"[""Juice shop""]","284 York St, New Haven, CT 06511",(475) 655-2105,http://www.drinkpedals.com/,3.6,36.0,$1–10,Open · Closes 8 PM,"""Open \u00b7 Closes 8\u202fPM""","{""tuesday"": ""9\u202fAM\u20138\u202fPM"", ""wednesday"": ""9\u202fAM\u20138\u202fPM"", ""thursday"": ""9\u202fAM\u20138\u202fPM"", ""friday"": ""9\u202fAM\u20138\u202fPM"", ""saturday"": ""9\u202fAM\u20138\u202fPM"", ""sunday"": ""10\u202fAM\u20136\u202fPM"", ""monday"": ""9\u202fAM\u20138\u202fPM""}","{""dine_in"": true, ""takeout"": true, ""delivery"": true}",,https://lh3.googleusercontent.com/gps-proxy/ALd4DhEKoeOPq8p1NHuD5YfOzNXssFXVaKfxtFsxkXh_wY-FHihYT9OO-xChrb6wjOft3yon5OUz3zqz3fBUcqE2pfAOLb1ctjoMaVvyYdYpg5rlVRxH6RgFZPLmrjl3xz_OA2p7ufbyV3ncVwvgiDuHUdDfx5Ad0zGm-kjD3c_jqT0l3uHzaKi-u_Y=w1000-h1000-c-n,41.311211,-72.929794,0.1624,True,5
198419,Duke University,coffee,ChIJq6rqFrDmrIkR3zQXdnsc8R8,0x89ace6b016eaaaab:0x1ff11c7b761734df,McDonald's,Coffee shop,"[""Coffee shop"", ""Breakfast restaurant"", ""Fast food restaurant"", ""Hamburger restaurant"", ""Restaurant"", ""Sandwich shop""]","106 Bryan Ctr, Durham, NC 27708",(919) 668-2404,https://www.mcdonalds.com/us/en-us/location/NC/DURHAM/106-BRYAN-CTR/24758.html?cid=RF:YXT:GMB::Clicks,3.6,259.0,$1–10,Open · Closes 11 PM,"""Open \u00b7 Closes 11\u202fPM""","{""tuesday"": ""7\u202fAM\u201311\u202fPM"", ""wednesday"": ""7\u202fAM\u201311\u202fPM"", ""thursday"": ""7\u202fAM\u201311\u202fPM"", ""friday"": ""7\u202fAM\u201311\u202fPM"", ""saturday"": ""9\u202fAM\u201311\u202fPM"", ""sunday"": ""9\u202fAM\u201311\u202fPM"", ""monday"": ""7\u202fAM\u201311\u202fPM""}","{""dine_in"": true, ""takeout"": true, ""delivery"": false}","Iconic fast-food burger & fries chain. Classic, long-running fast-food chain known for its burgers & fries.",https://lh3.googleusercontent.com/gps-cs-s/APNQkAHVcrnAl26Y2yKANk3nz5iITyO1gwziwJ81a10tgZLct4Pcp_ClJH4G42q16CyrKWD6qxeOVSfzQ3tdEHbe8OLGbL_1qmEsbCpgCQnyLEh0PH1K8-dQus2ThVDjwIkmPIji-kUD=w1000-h1000-c-n,36.001206499999995,-78.9413683,0.1757,True,6
162928,Johns Hopkins University,coffee,ChIJgb3zf-MEyIkR9gBrQnARLro,0x89c804e37ff3bd81:0xba2e1170426b00f6,McDonald's,Coffee shop,"[""Coffee shop"", ""Breakfast restaurant"", ""Fast food restaurant"", ""Hamburger restaurant"", ""Restaurant"", ""Sandwich shop""]","2840 Greenmount Ave, Baltimore, MD 21218",(410) 243-3969,https://www.mcdonalds.com/us/en-us/location/MD/BALTIMORE/2840-GREENMOUNT-AVE/10828.html?cid=RF:YXT:GMB::Clicks,3.1,1845.0,$10–20,Open 24 hours,"""Open 24 hours""","{""tuesday"": ""Open 24 hours"", ""wednesday"": ""Open 24 hours"", ""thursday"": ""Open 24 hours"", ""friday"": ""Open 24 hours"", ""saturday"": ""Open 24 hours"", ""sunday"": ""Open 24 hours"", ""monday"": ""Open 24 hours""}","{""dine_in"": true, ""drive_through"": true, ""no_contact_delivery"": true}","Iconic fast-food burger & fries chain. Classic, long-running fast-food chain known for its burgers & fries.",https://lh3.googleusercontent.com/gps-cs-s/APNQkAEztdMGCnuWIhzSqm6DIaKVvzQaq2bVm8ctJmTlMPWH8yuQH6Ilw4WSvM1FrvnfaB3BdGectoPjWR1uwzdIXp1_9tdPwTs-iuViWBbKmWceshlXd_VN6O7x2cbmW0V1jHgftsvA=w1000-h1000-c-n,39.3232825,-76.6099693,0.6092,True,6
162928,Johns Hopkins University,coffee,ChIJP5Kdet8EyIkRjoTWM3FK-6U,0x89c804df7a9d923f:0xa5fb4a7133d6848e,Cafe Alkimia,Espresso bar,"[""Espresso bar"", ""Cafe"", ""Restaurant""]","Gilman, 3400 Charles St, Baltimore, MD 21218",(410) 338-4757,http://www.cafeazafran.biz/#philosophy,4.2,9.0,,Temporarily closed,"""Temporarily closed""",{},"{""delivery"": false}",,https://streetviewpixels-pa.googleapis.com/v1/thumbnail?panoid=CHdGNvUIVFmTcv0-YlpdRA&cb_client=search.gws-prod.gps&w=80&h=92&yaw=40.876305&pitch=0&thumbfov=100,39.3289738,-76.62157599999999,0.1898,True,6
147767,Northwestern University,coffee,ChIJnQKmGw3QD4gRVNfVkkdpV-A,0x880fd00d1ba6029d:0xe057694792d5d754,Peet's Coffee,Coffee shop,"[""Coffee shop""]","1622 Chicago Ave, Evanston, IL 60201",(847) 864-8413,"https://www.peets.com/pages/store-locator?stockist-query=Evanston,%20IL,%20USA",4.3,358.0,$1–10,Permanently closed,"""Permanently closed""",{},"{""outdoor_seating"": true, ""delivery"": true, ""onsite_services"": true, ""takeout"": true, ""dine_in"": true}","Coffeehouse chain also known for its tea. Berkeley-born chain featuring signature coffee, tea & blended drinks alongside baked goods.",https://lh3.googleusercontent.com/gps-cs-s/APNQkAEIW_Gi8gO2A0Ua-Y8X9y2IVeybfSV9g25QMBBlAyd-FjHZ4hTLVEIn-C-oVIFU1YiSZDKaxQk-YUEPIC-P5xrp86ByHQ5kxbWbHHm49eiCxkfcK8rIMqlGDLp-i9R-8fs-STo5=w1000-h1000-c-n,42.046921,-87.679532,0.3428,True,5
147767,Northwestern University,coffee,ChIJjxOOwabaD4gRnJz5jJDPrvw,0x880fdaa6c18e138f:0xfcaecf908cf99c9c,COFFEE LAB EVANSTON,Coffee shop,"[""Coffee shop"", ""Asian fusion restaurant"", ""Asian restaurant"", ""Coffee roastery"", ""Coffee store"", ""Espresso bar"", ""Filipino restaurant"", ""Japanese sweets restaurant"", ""Southeast Asian restaurant""]","910 Noyes St, Evanston, IL 60201",(224) 435-4375,http://www.coffeelabevanston.com/,4.5,455.0,$1–10,Temporarily closed,"""Temporarily closed""",{},"{""outdoor_seating"": true, ""onsite_services"": true, ""takeout"": true, ""dine_in"": true, ""delivery"": false}","Light bites & brews in a nonprofit haunt. Eco-friendly, nonprofit storefront with a collegial vibe providing pour-over coffee, tea & pastries.",https://lh3.googleusercontent.com/gps-cs-s/APNQkAEq1We_YlBHaOa3uzGbwWrk4ZLJSI21oCTHFIsfmVlPxz0o-ey25Luzv_Yggbmem-k_PciwaW74lHoDNb84duRYZSdUZx_VTQDRZBnSfxDHGyNTRuZB9-22uVZxbtimjD0FaZM=w1000-h1000-c-n,42.0583195,-87.6836721,0.631,True,5
147767,Northwestern University,coffee,ChIJm8rEJgDbD4gRIPpxcRMdjYo,0x880fdb0026c4ca9b:0x8a8d1d137171fa20,Savannah’s Sips,Coffee shop,"[""Coffee shop""]","2050 Ridge Ave, Evanston, IL 60201",,,5.0,8.0,,Temporarily closed,"""Temporarily closed""",{},{},,https://lh3.googleusercontent.com/gps-cs-s/APNQkAHngAETPNR_ukTpvOTIoAe26Y5xRz9BZX8yv0FMX_4nYBCJgYHHGOV3ugz-_19dBRwuAzpUk6oeWjJv4X4kZm_BZztQuKwHsCc5TflsjYvFbILb6IhQIaiqTXb2V4Pc0djaSl-x3qZTiHA=w1000-h1000-c-n,42.0554185,-87.6872623,0.6464,True,6
147767,Northwestern University,coffee,ChIJXwCsKgrQD4gRVfHbMW9_GKg,0x880fd00a2aac005f:0xa8187f6f31dbf155,7-Eleven,Coffee shop,"[""Coffee shop"", ""Beer store"", ""Convenience store"", ""Pizza restaurant""]","817 Emerson St, Evanston, IL 60201",(224) 754-9270,https://www.7-eleven.com/locations/il/evanston/817-emerson-33888?utm_source=G&utm_medium=local&utm_campaign=google-local,2.9,30.0,$,Open 24 hours,"""Open 24 hours""","{""tuesday"": ""Open 24 hours"", ""wednesday"": ""Open 24 hours"", ""thursday"": ""Open 24 hours"", ""friday"": ""Open 24 hours"", ""saturday"": ""Open 24 hours"", ""sunday"": ""Open 24 hours"", ""monday"": ""Open 24 hours""}","{""in_store_shopping"": true, ""delivery"": true}","Pit stop for snacks, drinks & daily essentials. Pit stop for snacks, drinks & daily essentials",https://lh3.googleusercontent.com/gps-cs-s/APNQkAH2z50Y7gWl97kP2tHyWRLk6yQOJXEe5RBuuUTgeHVqjtKYBlZRCvx86nsgdv6KbWD2k2WeFM2uQitkCU1xhP9mpmNUY0_I2wNubj2V196F_zvk7DXQ9_sWafH8N-R7Ss7miE1Bog=w1000-h1000-c-n,42.052203,-87.6830002,0.364,True,6
147767,Northwestern University,coffee,ChIJLfZLoQfQD4gRGPfs5t03f5E,0x880fd007a14bf62d:0x917f37dde6ecf718,Shell Gas Station,Coffee shop,"[""Coffee shop"", ""Gas station"", ""Convenience store""]","1925 Green Bay Rd, Evanston, IL 60201",(847) 864-0900,https://find.shell.com/us/fuel/12778736-1925-green-bay-rd/en_US,3.4,28.0,,Open 24 hours,"""Open 24 hours""","{""tuesday"": ""Open 24 hours"", ""wednesday"": ""Open 24 hours"", ""thursday"": ""Open 24 hours"", ""friday"": ""Open 24 hours"", ""saturday"": ""Open 24 hours"", ""sunday"": ""Open 24 hours"", ""monday"": ""Open 24 hours""}","{""onsite_services"": true}",,https://lh3.googleusercontent.com/gps-cs-s/APNQkAHmXfNVfYUiUcY2fjv03rZTAl7egP2I4QXwi5H-jIwGBzTSkq40lGTut6AEyX1vBwmrel9x2EdewfFtfC71S9OENskk7-ipWhijKaeOspfVElq7OHl75ZdXuo4W6EBFTgOLgYSF=w1000-h1000-c-n,42.0534694,-87.6897128,0.7191,True,6
215062,University of Pennsylvania,coffee,ChIJVyhzsNfHxokRXm4X5ME0IXs,0x89c6c7d7b0732857:0x7b2134c1e4176e5e,Port Coffee Co Philadelphia,Coffee shop,"[""Coffee shop""]","4013 Walnut St, Philadelphia, PA 19104",(347) 652-4323,,,,,,{},{},"{""dine_in"": true, ""takeout"": true, ""delivery"": true}",,https://lh3.googleusercontent.com/gps-cs-s/APNQkAHjXH5B79RLIW1ZFtKbBv1vHVyuyuQ280gRJsYaIiyAlf2BnVxxLbWc8BqmOdCK3cWTthT6xiQgMH_P2FV8sy7j3sRn8ZXvj_3i2RcBIexE-Tv6w9hH0-shEb_Nt5nLUuC8lqzacuSbH-0=w1000-h1000-c-n,39.9544892,-75.2033743,0.6046,True,6
215062,University of Pennsylvania,coffee,ChIJgZ798lPGxokRUwkb7Es2X98,0x89c6c653f2fd9e81:0xdf5f364bec1b0953,Green Line Cafe,Coffee shop,"[""Coffee shop"", ""Cafe""]","3649 Lancaster Ave, Philadelphia, PA 19104",(215) 382-2143,http://www.greenlinecafe.com/,4.4,184.0,$1–10,Closed · Opens 8 AM Wed,"""Closed \u00b7 Opens 8\u202fAM Wed""","{""tuesday"": ""8\u202fAM\u20132\u202fPM"", ""wednesday"": ""8\u202fAM\u20132\u202fPM"", ""thursday"": ""8\u202fAM\u20132\u202fPM"", ""friday"": ""8\u202fAM\u20132\u202fPM"", ""saturday"": ""8\u202fAM\u20133\u202fPM"", ""sunday"": ""8\u202fAM\u20133\u202fPM"", ""monday"": ""8\u202fAM\u20132\u202fPM""}","{""dine_in"": true, ""takeout"": true, ""delivery"": false}","Cozy sandwich & coffee shop. Homey outfit serving hot & cold drinks, pastries & a constantly changing menu with vegan options.",https://lh3.googleusercontent.com/gps-cs-s/APNQkAEm7Cil8fMO349oGLegcf00FQEYF7SvJZQZVjYscwsKhwilKLHvDSMs74amGJ6zmOXhFd1Kl9_TIX1hXVUxdsB5IMk7SKzK7W5eM5LHdTs6GjV3B4ntgQanbrrsGWef5qQ2VuCkbuFmCzvF=w1000-h1000-c-n,39.959373,-75.19487,0.6234,True,6
215062,University of Pennsylvania,coffee,ChIJg4OlMwDHxokRRobIPSa5j8E,0x89c6c70033a58383:0xc18fb9263dc88646,Dr. Coffee Jr.,Coffee shop,"[""Coffee shop""]","3500 Civic Center Blvd, Philadelphia, PA 19104",,,3.7,3.0,,Closes soon · 4 PM · Opens 7 AM Wed,"""Closes soon \u00b7 4\u202fPM \u00b7 Opens 7\u202fAM Wed""","{""tuesday"": ""7\u202fAM\u20134\u202fPM"", ""wednesday"": ""7\u202fAM\u20134\u202fPM"", ""thursday"": ""7\u202fAM\u20134\u202fPM"", ""friday"": ""7\u202fAM\u20134\u202fPM"", ""saturday"": ""Closed"", ""sunday"": ""Closed"", ""monday"": ""7\u202fAM\u20134\u202fPM""}",{},,https://lh3.googleusercontent.com/gps-cs-s/APNQkAEEErCRS1J3z5hhQk7pXl_hKTs0wCaW5qxiADHGS0LOHVbLpcaSm6QUbZtdGC6MHufjBSWvoczEqHJ86Mmw3kZZY5WHrg8KJ-XyvEZSGqAWuYZdzJABDs9DnP6t_XV17ZAQ6Tc9njlWBoJM=w1000-h1000-c-n,39.946806,-75.19346019999999,0.251,True,6
215062,University of Pennsylvania,coffee,ChIJFcVwBfDGxokRx8c8B5o52rM,0x89c6c6f00570c515:0xb3da399a073cc7c7,LULU CAFE,Cafe,"[""Cafe"", ""Bubble tea store"", ""Restaurant"", ""Taiwanese restaurant""]","28-30 S 40th St, Philadelphia, PA 19104",,http://www.lulucafeusa.com/,4.4,225.0,$10–20,Open · Closes 7 PM,"""Open \u00b7 Closes 7\u202fPM""","{""tuesday"": ""9\u202fAM\u20137\u202fPM"", ""wednesday"": ""9\u202fAM\u20137\u202fPM"", ""thursday"": ""9\u202fAM\u20137\u202fPM"", ""friday"": ""9\u202fAM\u20137\u202fPM"", ""saturday"": ""11\u202fAM\u20137\u202fPM"", ""sunday"": ""11\u202fAM\u20136\u202fPM"", ""monday"": ""9\u202fAM\u20137\u202fPM""}","{""dine_in"": true, ""takeout"": true, ""no_contact_delivery"": true}","Bubble tea & Asian-inspired nibbles. Taiwanese street snacks & a variety of beverages, including coffee & bubble tea, in cozy quarters.",https://lh3.googleusercontent.com/gps-cs-s/APNQkAFFWxMq0KikH77DX-7MywZeAWvgRsQybvG93_v5WEmwd1UjxZIhqZIy5MUjFvU1kO1Ad3D1Q3gMc_ZdNoVsNBeS0RGg6EvwedDyXi-sirmSAEDQZrUFtym1t-qJZQFyeBHwjTLnJQ=w1000-h1000-c-n,39.956332,-75.20237999999999,0.632,True,6
215062,University of Pennsylvania,coffee,ChIJQ5CCIksVkFQRzMX643Gvwps,0x5490154b22829043:0x9bc2af71e3fac5cc,Starbucks Coffee Company,Coffee shop,"[""Coffee shop"", ""Breakfast restaurant"", ""Cafe"", ""Coffee store"", ""Espresso bar"", ""Internet cafe""]","3400 Civic Center Blvd, Philadelphia, PA 19104",(267) 788-8233,https://www.starbucks.com/store-locator/store/1012888/,3.6,361.0,$1–10,Open · Closes 9 PM,"""Open \u00b7 Closes 9\u202fPM""","{""tuesday"": ""4:30\u202fAM\u20139\u202fPM"", ""wednesday"": ""4:30\u202fAM\u20139\u202fPM"", ""thursday"": ""4:30\u202fAM\u20139\u202fPM"", ""friday"": ""4:30\u202fAM\u20139\u202fPM"", ""saturday"": ""5\u202fAM\u20139\u202fPM"", ""sunday"": ""5\u202fAM\u20139\u202fPM"", ""monday"": ""4:30\u202fAM\u20139\u202fPM""}","{""dine_in"": true, ""drive_through"": true, ""no_contact_delivery"": true}","Iconic coffeehouse chain. Welcoming coffeehouse with handcrafted coffee, espresso & tea, plus breakfast, lunch & pastries.",https://lh3.googleusercontent.com/gps-cs-s/APNQkAFw9pPleWEe3dBn2D_AiRavl6xTuHVqzrGWC4JIofHaOuhdTI7s5up7BOqv31jYxUcNhXdvMFaqo3NVraWdeJ9oAliRvyJt0qX3Cv5BgQ9YY9qGNz4sDUG_phv5gPfl1Yo9YyjY2g=w1000-h1000-c-n,39.94764,-75.19337999999999,0.1932,True,7
215062,University of Pennsylvania,coffee,ChIJhzswR1jGxokRMKqmLJQjDBk,0x89c6c65847303b87:0x190c23942ca6aa30,Starbucks Coffee Company,Coffee shop,"[""Coffee shop"", ""Cafe"", ""Coffee store"", ""Espresso bar""]","3800 Locust Walk, Philadelphia, PA 19104",(215) 898-0805,https://www.starbucks.com/store-locator/store/8018,3.2,88.0,$1–10,Open · Closes 11 PM,"""Open \u00b7 Closes 11\u202fPM""","{""tuesday"": ""8\u202fAM\u201311\u202fPM"", ""wednesday"": ""8\u202fAM\u201311\u202fPM"", ""thursday"": ""8\u202fAM\u201311\u202fPM"", ""friday"": ""8\u202fAM\u20139\u202fPM"", ""saturday"": ""11\u202fAM\u20136\u202fPM"", ""sunday"": ""11\u202fAM\u201311\u202fPM"", ""monday"": ""8\u202fAM\u201311\u202fPM""}","{""dine_in"": true, ""takeout"": true, ""delivery"": false}","Iconic coffeehouse chain. Welcoming coffeehouse with handcrafted coffee, espresso & tea, plus breakfast, lunch & pastries.",https://lh3.googleusercontent.com/gps-cs-s/APNQkAH7j_9_4xiZcbTFhK1WkV9OpzD7zh6fc1xdEIwRsc5VM4vSNc-_I8TxL4SXVOeqkhg9_RKjK-myGpeFKxTrMIQB3EIR_8wLAUreRb1TlBv3JBDnCKDjbg6HcjKZu4-Qr1YDtfyd=w1000-h1000-c-n,39.95247,-75.19936,0.3525,True,7
215062,University of Pennsylvania,coffee,ChIJr_Ief1DGxokRUUIs2M-ZNAo,0x89c6c6507f1ef2af:0xa3499cfd82c4251,Starbucks Coffee Company,Coffee shop,"[""Coffee shop"", ""Breakfast restaurant"", ""Cafe"", ""Coffee store"", ""Espresso bar"", ""Internet cafe""]","3401 Walnut St, Philadelphia, PA 19104",(215) 387-1914,https://www.starbucks.com/store-locator/store/14716/,3.8,495.0,$1–10,Open · Closes 8 PM,"""Open \u00b7 Closes 8\u202fPM""","{""tuesday"": ""5\u202fAM\u20138\u202fPM"", ""wednesday"": ""5\u202fAM\u20138\u202fPM"", ""thursday"": ""5\u202fAM\u20138\u202fPM"", ""friday"": ""5\u202fAM\u20138\u202fPM"", ""saturday"": ""5\u202fAM\u20138\u202fPM"", ""sunday"": ""5\u202fAM\u20138\u202fPM"", ""monday"": ""5\u202fAM\u20138\u202fPM""}","{""dine_in"": true, ""takeout"": true, ""delivery"": true}","Iconic coffeehouse chain. Welcoming coffeehouse with handcrafted coffee, espresso & tea, plus breakfast, lunch & pastries.",https://lh3.googleusercontent.com/gps-proxy/ALd4DhE0HTKjpovrtbAVTobh_VYTd9ILRVK9INRS3qqf5sepcfs8hh4YuPkXAufLbsPkRwXPYrXODLcRfJ_mpwxGE878CRUTWSl99LcxTTMvtiJRzZrP7Ipy0XDsL6qunBgTNtZDyC8GcvXxAmzj6DQ11OvoSMDWGlCXng7RanS9xEyE3UNX5zFj8KYC-w=w1000-h1000-c-n,39.95306,-75.19221,0.1897,True,8
110404,California Institute of Technology,coffee,ChIJHa4mM1fDwoARtf93vUyAVp0,0x80c2c3573326ae1d:0x9d56804cbd77ffb5,Pillow Talk Cafe Pasadena,Coffee shop,"[""Coffee shop"", ""Bakery"", ""Breakfast restaurant"", ""Cake shop"", ""Caterer"", ""Cafe"", ""Dessert shop"", ""Japanese restaurant"", ""Sandwich shop"", ""Tea store""]","526 S Lake Ave, Pasadena, CA 91101",(626) 345-5545,https://pillowtalk-pasadena.com/?utm_source=google,4.3,126.0,$,Closed · Opens 8 AM Wed,"""Closed \u00b7 Opens 8\u202fAM Wed""","{""tuesday"": ""Closed"", ""wednesday"": ""8\u202fAM\u20136\u202fPM"", ""thursday"": ""8\u202fAM\u20136\u202fPM"", ""friday"": ""8\u202fAM\u20136\u202fPM"", ""saturday"": ""8\u202fAM\u20136\u202fPM"", ""sunday"": ""8\u202fAM\u20136\u202fPM"", ""monday"": ""8\u202fAM\u20136\u202fPM""}","{""dine_in"": true, ""curbside_pickup"": true, ""no_contact_delivery"": true}",,https://lh3.googleusercontent.com/gps-cs-s/APNQkAFXtEJ07oCzi-_NRVB3X4jMdAcs0Zlqj37ZWlPn2QD3kRTAals0VwWSeYQTbt0AUn5hBraW9leLEBA753hcXSm1o8WE2iBRmmHKFUAierlAzyJOrJ6KlL_mmD2X0nLWC8xEMK0R-A=w1000-h1000-c-n,34.1367806,-118.1319377,0.1098,True,5
110404,California Institute of Technology,coffee,ChIJN60oGIDDwoARHuH9ujniAe4,0x80c2c3801828ad37:0xee01e239bafde11e,Nosy Neighbors Coffee & Donuts,Coffee shop,"[""Coffee shop""]","82 S Lake Ave, Pasadena, CA 91106",,https://nosyneighborscoffee.com/,3.5,44.0,$1–10,Open · Closes 2 PM,"""Open \u00b7 Closes 2\u202fPM""","{""tuesday"": ""8\u202fAM\u20132\u202fPM"", ""wednesday"": ""8\u202fAM\u20132\u202fPM"", ""thursday"": ""8\u202fAM\u20132\u202fPM"", ""friday"": ""8\u202fAM\u20132\u202fPM"", ""saturday"": ""8\u202fAM\u20132\u202fPM"", ""sunday"": ""8\u202fAM\u20132\u202fPM"", ""monday"": ""8\u202fAM\u20132\u202fPM""}","{""dine_in"": true, ""takeout"": true, ""delivery"": true}",,https://lh3.googleusercontent.com/gps-cs-s/APNQkAE2IUYfxbVeyddgknPXc26vRnGRP5g3hSt_KOlNhbKljxYXIPRCF57tSRDgYoDfZwnRd8eKMggMvTPoJOJRIa-CX8fJXuWtV8dNtznE5MWkFc8tZ7NA3J3CbPrMkiJhpkFdeanddw=w1000-h1000-c-n,34.1444329,-118.1320777,0.597,True,5
110404,California Institute of Technology,coffee,ChIJx5VXWV7DwoARmh5lzaJbkp8,0x80c2c35e595795c7:0x9f925ba2cd651e9a,Corner Bakery Cafe,Coffee shop,"[""Coffee shop"", ""Bakery"", ""Caterer"", ""Cafe"", ""Internet cafe"", ""Pasta shop"", ""Pastry shop"", ""Salad shop"", ""Sandwich shop""]","345 S Lake Ave Suite 107, Pasadena, CA 91101",(626) 578-1281,https://www.cornerbakerycafe.com/,4.2,669.0,$10–20,Open · Closes 9 PM,"""Open \u00b7 Closes 9\u202fPM""","{""tuesday"": ""7\u202fAM\u20139\u202fPM"", ""wednesday"": ""7\u202fAM\u20139\u202fPM"", ""thursday"": ""7\u202fAM\u20139\u202fPM"", ""friday"": ""7\u202fAM\u20139\u202fPM"", ""saturday"": ""7\u202fAM\u20139\u202fPM"", ""sunday"": ""7\u202fAM\u20139\u202fPM"", ""monday"": ""7\u202fAM\u20139\u202fPM""}","{""dine_in"": true, ""takeout"": true, ""no_contact_delivery"": true}","Chain cafe for sandwiches & pastries. Casual, counter-serve cafe chain offering a standard menu of sandwiches, pasta & pastries.",https://lh3.googleusercontent.com/gps-cs-s/APNQkAF72_B3fDIKPz1AQTo3DRc7WZsR1P7fFf5_XE8HIDr5gDMqM_C1aMCr8FhggMwFnKco-5NTxEZPRgnpUhxXY5IWnoQ8rXa7pXxgCKJPZRdPWcLRyr7QEy3kjzjc9F5URdg2xL7_=w1000-h1000-c-n,34.1399583,-118.1325501,0.2874,True,6
110404,California Institute of Technology,coffee,ChIJy8Y9hqDEwoARXIY7G9VqiFE,0x80c2c4a0863dc6cb:0x51886ad51b3b865c,Starbucks Coffee Company,Coffee shop,"[""Coffee shop"", ""Breakfast restaurant"", ""Cafe"", ""Coffee store"", ""Espresso bar"", ""Internet cafe""]","575 S Lake Ave, Pasadena, CA 91101",(626) 795-0918,https://www.starbucks.com/store-locator/store/16307/,4.3,325.0,$1–10,Open · Closes 9 PM,"""Open \u00b7 Closes 9\u202fPM""","{""tuesday"": ""5\u202fAM\u20139\u202fPM"", ""wednesday"": ""5\u202fAM\u20139\u202fPM"", ""thursday"": ""5\u202fAM\u20139\u202fPM"", ""friday"": ""5\u202fAM\u20139\u202fPM"", ""saturday"": ""5\u202fAM\u20139\u202fPM"", ""sunday"": ""5\u202fAM\u20139\u202fPM"", ""monday"": ""5\u202fAM\u20139\u202fPM""}","{""dine_in"": true, ""drive_through"": true, ""no_contact_delivery"": true}","Iconic coffeehouse chain. Welcoming coffeehouse with handcrafted coffee, espresso & tea, plus breakfast, lunch & pastries.",https://lh3.googleusercontent.com/gps-proxy/ALd4DhHauscOpj_86LsKxIquSBt0lqQzVQevxTJcc34diMYd1Iz0TUByokw-yUbLWbgT2st6tU7SwTcK3VbmPWyx4_mvm_Mxk68VEycIOKvxdAG00OnouTMkhH4BAikleuPMn1SCniQ-YPlUagvK_Xa-9IouSMgyZ95s3Tjv39ocLftI8kUns5tI0xj2=w1000-h1000-c-n,34.136023,-118.13249,0.0595,True,7
110404,California Institute of Technology,coffee,ChIJKT5Vc1_DwoARUMOZwe5VdFo,0x80c2c35f73553e29:0x5a7455eec199c350,Winchell's Donut House,Coffee shop,"[""Coffee shop"", ""Donut shop"", ""Restaurant"", ""Sandwich shop""]","571 S Lake Ave, Pasadena, CA 91101",(626) 396-7065,https://winchells.com/,4.1,198.0,$1–10,Open 24 hours,"""Open 24 hours""","{""tuesday"": ""Open 24 hours"", ""wednesday"": ""Open 24 hours"", ""thursday"": ""Open 24 hours"", ""friday"": ""Open 24 hours"", ""saturday"": ""Open 24 hours"", ""sunday"": ""Open 24 hours"", ""monday"": ""Open 24 hours""}","{""dine_in"": true, ""takeout"": true, ""delivery"": true}","Donuts, sandwiches & drinks. Long-running chain specializing in freshly made donuts, plus a variety of sandwiches & drinks.",https://lh3.googleusercontent.com/gps-proxy/ALd4DhEDQvIQpGjg98qjcRVLhlpMLdwvBLEoDx7dB9OQZCUjZ48cmKqoaU0ZtmzEyr5FaHUleFuoecHCiy-ss_p0NUA0ppnYcXMXBH5ueDgb6smFG197gz7_jKWFje4gSrvpYwfP0b2Zowc-1G6JdHeVstpP2fNwoKGKREo1AO36_DNT9z7sdCkX1uje=w1000-h1000-c-n,34.136122799999995,-118.1325307,0.0588,True,8
110404,California Institute of Technology,coffee,ChIJicX4hl7DwoARz0ib2px4K78,0x80c2c35e86f8c589:0xbf2b789cda9b48cf,Dunkin',Coffee shop,"[""Coffee shop"", ""Bagel shop"", ""Bakery"", ""Breakfast restaurant"", ""Donut shop"", ""Fast food restaurant"", ""Takeout Restaurant""]","275 S Lake Ave, Pasadena, CA 91101",(626) 793-5282,https://locations.dunkindonuts.com/en/ca/pasadena/275-south-lake-ave/355763?utm_source=google&utm_medium=local&utm_campaign=localmaps&utm_content=355763&y_source=1_MTIxMTI2MTEtNzE1LWxvY2F0aW9uLndlYnNpdGU%3D,4.1,532.0,$1–10,Open · Closes 7 PM,"""Open \u00b7 Closes 7\u202fPM""","{""tuesday"": ""4:30\u202fAM\u20137\u202fPM"", ""wednesday"": ""4:30\u202fAM\u20137\u202fPM"", ""thursday"": ""4:30\u202fAM\u20137\u202fPM"", ""friday"": ""4:30\u202fAM\u20137\u202fPM"", ""saturday"": ""5:30\u202fAM\u20137\u202fPM"", ""sunday"": ""5:30\u202fAM\u20137\u202fPM"", ""monday"": ""4:30\u202fAM\u20137\u202fPM""}","{""dine_in"": true, ""curbside_pickup"": true, ""delivery"": true}",Chain known for breakfast & coffee. Long-running chain serving signature breakfast items & a variety of coffee drinks.,https://lh3.googleusercontent.com/gps-proxy/ALd4DhFujSkIP5DWhsbu9St_KLDiPBbeidqccr0SpO_Jrh3wZvoXaP6uqLuLhoO-ott0oDvhd_LIFddMa7Fk1dkr2IF1EisSeiKMg7ebOkoiqsVtCZrbKVtmTaoPEDcu1_YMJStL9sVWQE1b0AIib98UZR-Kbo-S2-YvmGwsOJBa3I3lqf5gYjDI_-Vx=w1000-h1000-c-n,34.1410974,-118.1325879,0.3647,True,8
110404,California Institute of Technology,coffee,ChIJVUjLeKDEwoARbICCRezfrkI,0x80c2c4a078cb4855:0x42aedfec4582806c,Pavilions,Grocery store,"[""Grocery store"", ""Bakery"", ""Butcher shop"", ""Deli"", ""E-commerce service"", ""Grocery delivery service"", ""Meat products store"", ""Organic food store"", ""Produce market"", ""Supermarket""]","845 E California Blvd, Pasadena, CA 91106",(626) 449-3968,https://local.pavilions.com/ca/pasadena/845-e-california-st.html,4.2,482.0,,Open · Closes 10 PM,"""Open \u00b7 Closes 10\u202fPM""","{""tuesday"": ""6\u202fAM\u201310\u202fPM"", ""wednesday"": ""6\u202fAM\u201310\u202fPM"", ""thursday"": ""6\u202fAM\u201310\u202fPM"", ""friday"": ""6\u202fAM\u201310\u202fPM"", ""saturday"": ""6\u202fAM\u201310\u202fPM"", ""sunday"": ""6\u202fAM\u201310\u202fPM"", ""monday"": ""6\u202fAM\u201310\u202fPM""}","{""in_store_shopping"": true, ""curbside_pickup"": true, ""delivery"": true}","California-born supermarket chain. SoCal supermarket staple for groceries, produce & deli items, plus personal care & home goods.",https://lh3.googleusercontent.com/gps-cs-s/APNQkAHZC3NYDSXDXqMsiKk_tA14rc4gjPDhrmdXUro7nZxr4FmJVXsfPsyag2e45z-T0NBEWoyXGLI8xMtjg8UHmkrZz549wcg8fawWcy-c7pUwBUbQuiij00Vk1f_NjtsM6ssCBspsC5qieaE=w1000-h1000-c-n,34.136448699999995,-118.1331244,0.0455,True,9
217156,Brown University,coffee,ChIJm5va7xZF5IkR5F40XlRMBg8,0x89e44516efda9b9b:0xf064c545e345ee4,Starbucks Coffee Company,Coffee shop,"[""Coffee shop"", ""Breakfast restaurant"", ""Cafe"", ""Coffee store"", ""Espresso bar"", ""Internet cafe""]","1 Financial Plaza, Providence, RI 02903",(401) 351-4614,https://www.starbucks.com/store-locator/store/14540/,4.1,225.0,$1–10,Open · Closes 6 PM,"""Open \u00b7 Closes 6\u202fPM""","{""tuesday"": ""5:30\u202fAM\u20136\u202fPM"", ""wednesday"": ""5:30\u202fAM\u20136\u202fPM"", ""thursday"": ""5:30\u202fAM\u20136\u202fPM"", ""friday"": ""5:30\u202fAM\u20136\u202fPM"", ""saturday"": ""6\u202fAM\u20135\u202fPM"", ""sunday"": ""6\u202fAM\u20135\u202fPM"", ""monday"": ""5:30\u202fAM\u20136\u202fPM""}","{""dine_in"": true, ""takeout"": true, ""delivery"": true}","Iconic coffeehouse chain. Welcoming coffeehouse with handcrafted coffee, espresso & tea, plus breakfast, lunch & pastries.",https://lh3.googleusercontent.com/gps-cs-s/APNQkAFWJxYsaiFtSXxCkJhcHUsPISG-USQ-7Ee5qlaz4LwCcaahnhCbvDxxpiopbo8Ve-A_MuO-rSe9hXsnPkrvBHxzdxV3RoNZeFrM9QWqBoPucXhchl0FaITRx2KFINnorgXzNs3M=w1000-h1000-c-n,41.8252,-71.40987,0.4956,True,5
217156,Brown University,coffee,ChIJ0a00SBBF5IkRX5EwymGngaQ,0x89e445104834add1:0xa481a761ca30915f,Starbucks Coffee Company,Coffee shop,"[""Coffee shop""]","1 Providence Pl, Providence, RI 02903",(401) 414-7800,https://www.starbucks.com/store-locator/store/1031725/providence-place-mall-1-providence-place-providence-ri-02903-us,3.7,184.0,$1–10,Open · Closes 8 PM,"""Open \u00b7 Closes 8\u202fPM""","{""tuesday"": ""10\u202fAM\u20138\u202fPM"", ""wednesday"": ""10\u202fAM\u20138\u202fPM"", ""thursday"": ""10\u202fAM\u20138\u202fPM"", ""friday"": ""9\u202fAM\u20139\u202fPM"", ""saturday"": ""9\u202fAM\u20139\u202fPM"", ""sunday"": ""10\u202fAM\u20136\u202fPM"", ""monday"": ""10\u202fAM\u20138\u202fPM""}","{""dine_in"": true, ""takeout"": true, ""delivery"": false}","Iconic coffeehouse chain. Welcoming coffeehouse with handcrafted coffee, espresso & tea, plus breakfast, lunch & pastries.",https://lh3.googleusercontent.com/gps-cs-s/APNQkAGCIwaoW34e9L2vMGpmCFitDsaFDO8jrryCu_P9G0JqRTBZgGyE4ZZ-BGPZtnRk_2NlW6-NGhIFBuluaL8gMAYFBcUho3aBY-5AJbR_r7aEqCYct47tk5SgBdK0B2nQxTFgREBz=w1000-h1000-c-n,41.82748,-71.41646999999999,0.6155,True,5
217156,Brown University,coffee,ChIJoReKo3dF5IkRRGwUCtKGYcA,0x89e44577a38a17a1:0xc06186d20a146c44,Tiger Sugar,Coffee shop,"[""Coffee shop"", ""Cafe"", ""Bubble tea store""]","288 Thayer St, Providence, RI 02906",(401) 854-4179,https://tigersugar.co/,4.0,84.0,$,Open · Closes 10 PM,"""Open \u00b7 Closes 10\u202fPM""","{""tuesday"": ""12\u201310\u202fPM"", ""wednesday"": ""12\u201310\u202fPM"", ""thursday"": ""12\u201310\u202fPM"", ""friday"": ""12\u201311\u202fPM"", ""saturday"": ""11:30\u202fAM\u201311\u202fPM"", ""sunday"": ""11:30\u202fAM\u201310\u202fPM"", ""monday"": ""12\u201310\u202fPM""}","{""dine_in"": true, ""takeout"": true, ""delivery"": true}",,https://lh3.googleusercontent.com/gps-cs-s/APNQkAGeRogcngfap6-aD6vfYqxvJFcVXlRxKiX-ZaJGSlph1mXVRfJdA45UKNmZswqWGiE5awW3Bwi0bfN2QHOLiNWGuLNNUka6yZdigGchlW9cHRts3ei75IwugSCiQ5HrnmW3iLr4XQ=w1000-h1000-c-n,41.8297886,-71.4010736,0.2874,True,5
217156,Brown University,coffee,ChIJQR_wExRF5IkR7FWKhbjNTWs,0x89e4451413f01f41:0x6b4dcdb8858a55ec,Dunkin',Coffee shop,"[""Coffee shop"", ""Bagel shop"", ""Bakery"", ""Breakfast restaurant"", ""Donut shop"", ""Fast food restaurant"", ""Takeout Restaurant""]","141 Westminster St, Providence, RI 02903",(401) 831-3234,https://locations.dunkindonuts.com/en/ri/providence/141-westminster-st/337245?utm_source=google&utm_medium=local&utm_campaign=localmaps&utm_content=337245&y_source=1_MTIxMDgzOTgtNzE1LWxvY2F0aW9uLndlYnNpdGU%3D,4.1,198.0,$1–10,Open · Closes 6 PM,"""Open \u00b7 Closes 6\u202fPM""","{""tuesday"": ""5\u202fAM\u20136\u202fPM"", ""wednesday"": ""5\u202fAM\u20136\u202fPM"", ""thursday"": ""5\u202fAM\u20136\u202fPM"", ""friday"": ""5\u202fAM\u20136\u202fPM"", ""saturday"": ""5\u202fAM\u20136\u202fPM"", ""sunday"": ""5\u202fAM\u20136\u202fPM"", ""monday"": ""5\u202fAM\u20136\u202fPM""}","{""curbside_pickup"": true, ""delivery"": true, ""dine_in"": false}",Chain known for breakfast & coffee. Long-running chain serving signature breakfast items & a variety of coffee drinks.,https://lh3.googleusercontent.com/gps-cs-s/APNQkAE_DyV3SvGmyBMGD_IBCEtC8qgdP5rkpyG9kP9TBUw1q9JjTSM-QAECs5CY3p2ZqRNEytu0TyW4sGbAf-JDJol0i2bwG_GHYYz9mLOxmmpNZqs9l7WiJ-aOEsE40VXYRcyG3jzu=w1000-h1000-c-n,41.8241056,-71.41125819999999,0.5947,True,6
217156,Brown University,coffee,ChIJpaVmuR9F5IkRqAlOjDWULZU,0x89e4451fb966a5a5:0x952d94358c4e09a8,McDonald's,Coffee shop,"[""Coffee shop"", ""Breakfast restaurant"", ""Fast food restaurant"", ""Hamburger restaurant"", ""Restaurant"", ""Sandwich shop""]","649 N Main St, Providence, RI 02904",(401) 274-9341,https://www.mcdonalds.com/us/en-us/location/RI/PROVIDENCE/649-N-MAIN-ST/3809.html?cid=RF:YXT:GMB::Clicks,3.5,1933.0,$10–20,Open · Closes 2 AM,"""Open \u00b7 Closes 2\u202fAM""","{""tuesday"": ""5\u202fAM\u20132\u202fAM"", ""wednesday"": ""5\u202fAM\u20132\u202fAM"", ""thursday"": ""5\u202fAM\u20133\u202fAM"", ""friday"": ""5\u202fAM\u20133\u202fAM"", ""saturday"": ""5\u202fAM\u20133\u202fAM"", ""sunday"": ""5\u202fAM\u20132\u202fAM"", ""monday"": ""5\u202fAM\u20132\u202fAM""}","{""dine_in"": true, ""drive_through"": true, ""no_contact_delivery"": true}","Iconic fast-food burger & fries chain. Classic, long-running fast-food chain known for its burgers & fries.",https://lh3.googleusercontent.com/gps-proxy/ALd4DhHadQ-dCjXn4lZb_lPyhJIeuNrZ9cij4CGONMPI6UBgeVmhFg4pZGYMfreDZa1Erx5ZS-ZyRAFhORV6YOPP9-ELkqYU3w-odh_pmecLmy_XU8YZ3xWFL2Y8xL9qSntTWcr6WOBpl1DzmvMtT4cSViItvtxJ6Qb4ucCr8XToVwsKWx3O8XkD6fRjeQ=w1000-h1000-c-n,41.8381478,-71.4087859,0.464,True,8
217156,Brown University,coffee,ChIJBYPG-BNF5IkRYmF3CoxhswQ,0x89e44513f8c68305:0x4b3618c0a776162,7-Eleven,Coffee shop,"[""Coffee shop"", ""Beer store"", ""Convenience store"", ""Pizza restaurant""]","10 Dorrance St, Providence, RI 02903",(401) 351-6287,https://www.7-eleven.com/locations/ri/providence/10-dorrance-street-33397?utm_source=G&utm_medium=local&utm_campaign=google-local,2.6,86.0,$,Open 24 hours,"""Open 24 hours""","{""tuesday"": ""Open 24 hours"", ""wednesday"": ""Open 24 hours"", ""thursday"": ""Open 24 hours"", ""friday"": ""Open 24 hours"", ""saturday"": ""Open 24 hours"", ""sunday"": ""Open 24 hours"", ""monday"": ""Open 24 hours""}","{""in_store_shopping"": true, ""delivery"": true}","Pit stop for snacks, drinks & daily essentials. Pit stop for snacks, drinks & daily essentials",https://lh3.googleusercontent.com/gps-cs-s/APNQkAHcDUOsK9YCBgQQyOKtRFV569s8TyiViTbDnVYMK2Nt51jbh9sg4OYhbTFhdT88bayB244w3dgRYytSHDZwX31kvSL4fUq8XC_6RgUeU3UGmLyJN57WY4imVSl-W7VrHSGQAw=w1000-h1000-c-n,41.8241328,-71.41207399999999,0.6134,True,8
217156,Brown University,coffee,ChIJ6-gYhA1F5IkR87blWfrAMww,0x89e4450d8418e8eb:0xc33c0fa59e5b6f3,Dunkin',Coffee shop,"[""Coffee shop"", ""Bagel shop"", ""Bakery"", ""Breakfast restaurant"", ""Donut shop"", ""Fast food restaurant"", ""Takeout Restaurant""]","Food Court, 5515 Providence Pl 3rd floor, Providence, RI 02903",(401) 270-1255,https://locations.dunkindonuts.com/en/ri/providence/5515-providence-place-mall/345409?utm_source=google&utm_medium=local&utm_campaign=localmaps&utm_content=345409&y_source=1_MTIxMDYwOTAtNzE1LWxvY2F0aW9uLndlYnNpdGU%3D,2.6,114.0,$1–10,Temporarily closed,"""Temporarily closed""",{},"{""curbside_pickup"": true, ""delivery"": true, ""onsite_services"": true, ""takeout"": true, ""dine_in"": false}",Chain known for breakfast & coffee. Long-running chain serving signature breakfast items & a variety of coffee drinks.,https://lh3.googleusercontent.com/gps-cs-s/APNQkAGqKh5dKlcKQK6C4ywmW_E9rkgiLjNGHoGN9EcXve56GrJRwZgaWvALpyrpf_RZQiX0Jpb1tagKYrN8SifwpyRZf5LUGuOT2HYcZ23uf9EoxG9sV6bHz1l0EPntxvB0D-IjjKfw=w1000-h1000-c-n,41.8276229,-71.4164131,0.6083,True,8
182670,Dartmouth College,coffee,ChIJuWKcFebJtEwRZpvij3NBeH4,0x4cb4c9e6159c62b9:0x7e7841738fe29b66,CVS Pharmacy,Pharmacy,"[""Pharmacy""]","79 S Main St, Hanover, NH 03755",(603) 643-3178,https://www.cvs.com/store-locator/hanover-nh-pharmacies/79-s-main-st-hanover-nh-03755/storeid=5938?WT.mc_id=LS_GOOGLE_RX_5938,3.3,33.0,,Open · Closes 8 PM,"""Open \u00b7 Closes 8\u202fPM""","{""tuesday"": ""9\u202fAM\u20131:30\u202fPM, 2\u20138\u202fPM"", ""wednesday"": ""9\u202fAM\u20131:30\u202fPM, 2\u20138\u202fPM"", ""thursday"": ""9\u202fAM\u20131:30\u202fPM, 2\u20138\u202fPM"", ""friday"": ""9\u202fAM\u20131:30\u202fPM, 2\u20138\u202fPM"", ""saturday"": ""10\u202fAM\u20131:30\u202fPM, 2\u20135\u202fPM"", ""sunday"": ""10\u202fAM\u20131:30\u202fPM, 2\u20135\u202fPM"", ""monday"": ""9\u202fAM\u20131:30\u202fPM, 2\u20138\u202fPM""}","{""in_store_shopping"": true, ""delivery"": true}",,https://lh3.googleusercontent.com/gps-cs-s/APNQkAGOiB5LOkXRCFD34Waj4rSP4s3OocWv6XIvG4Vb8beck8HGKkVAzBhvJPRjWGsXp-1aMMVgNd61YaJxcksGI8FPVJkSTXwNVb0db2UhrerhwKHoQdHuVRVRkoOzYdyW8oh-100B=w1000-h1000-c-n,43.6994504,-72.29055389999999,0.4046,True,5
190150,Columbia University in the City of New York,coffee,ChIJ8-fOp9P3wokRbHS5f6IwqrI,0x89c2f7d3a7cee7f3:0xb2aa30a27fb9746c,Niko Coffee + more,Coffee shop,"[""Coffee shop""]","1090 Amsterdam Ave, New York, NY 10025",(212) 666-3744,https://nikocoffeenyc.com/,3.9,68.0,$1–10,Open · Closes 7 PM,"""Open \u00b7 Closes 7\u202fPM""","{""tuesday"": ""6\u202fAM\u20137\u202fPM"", ""wednesday"": ""6\u202fAM\u20137\u202fPM"", ""thursday"": ""6\u202fAM\u20137\u202fPM"", ""friday"": ""6\u202fAM\u20137\u202fPM"", ""saturday"": ""7\u202fAM\u20136\u202fPM"", ""sunday"": ""7\u202fAM\u20136\u202fPM"", ""monday"": ""6\u202fAM\u20137\u202fPM""}","{""dine_in"": true, ""takeout"": false, ""delivery"": false}",,https://lh3.googleusercontent.com/gps-cs-s/APNQkAFx6JydI1-aeRU2mKDRko_QnVpHbaYiTW_Ez6sqYWySVhCfesnNYnhNb4ijwQVuSrSpv6jE4bXeMFbk-x-8AlzSii80KgM6Qz_864od3AoN_ZRRJ2Pza32TgB3yEzXosnIZml_n6A=w1000-h1000-c-n,40.8054543,-73.96247869999999,0.1587,True,5
190150,Columbia University in the City of New York,coffee,ChIJLdxtJI73wokR6uNXUS83AnA,0x89c2f78e246ddc2d:0x7002372f5157e3ea,Joe Coffee Company: Northwest Corner,Coffee shop,"[""Coffee shop"", ""Catering food and drink supplier"", ""Caterer"", ""Coffee machine supplier"", ""Coffee store"", ""Coffee wholesaler"", ""Coffin supplier"", ""Mobile caterer""]","550 W 120th St, New York, NY 10027",(716) 268-8859,https://joecoffeecompany.com/,4.1,320.0,$1–10,Open · Closes 7 PM,"""Open \u00b7 Closes 7\u202fPM""","{""tuesday"": ""7\u202fAM\u20137\u202fPM"", ""wednesday"": ""7\u202fAM\u20137\u202fPM"", ""thursday"": ""7\u202fAM\u20137\u202fPM"", ""friday"": ""7\u202fAM\u20137\u202fPM"", ""saturday"": ""8\u202fAM\u20135\u202fPM"", ""sunday"": ""8\u202fAM\u20135\u202fPM"", ""monday"": ""7\u202fAM\u20137\u202fPM""}","{""dine_in"": true, ""curbside_pickup"": true, ""delivery"": true}",Laid-back coffee bar. Baristas brew up steaming cups of coffee at this outpost of the casual chainlet.,https://lh3.googleusercontent.com/gps-cs-s/APNQkAGaCBpPibkvyQoQ4L83p8lVeHREK2sRppLDmu4fXaCmMTrIw0QfSaV_1juXjgGdl5m9o-b277RuDXOj-mUcdKOIQQ3w7tWamf-e3ao2K79ibPWZUFhf5YdgLrK3p-kkjWECx-g8ZqIUlQ=w1000-h1000-c-n,40.8100424,-73.9620202,0.1602,True,6
190150,Columbia University in the City of New York,coffee,ChIJZSlZWcb3wokRFUEzNKeKtio,0x89c2f7c659592965:0x2ab68aa734334115,Luckin Coffee,Coffee shop,"[""Coffee shop""]","2799 Broadway, New York, NY 10025",,https://www.luckincoffee.us/,3.1,18.0,$1–10,Open · Closes 9 PM,"""Open \u00b7 Closes 9\u202fPM""","{""tuesday"": ""7\u202fAM\u20139\u202fPM"", ""wednesday"": ""7\u202fAM\u20139\u202fPM"", ""thursday"": ""7\u202fAM\u20139\u202fPM"", ""friday"": ""7\u202fAM\u20139\u202fPM"", ""saturday"": ""7\u202fAM\u20139\u202fPM"", ""sunday"": ""Closed"", ""monday"": ""Closed""}",{},,https://lh3.googleusercontent.com/gps-cs-s/APNQkAFPCjvnWjuB3TAGc8u37ONUmVMkXw5G11Jr_yjaAN9OuNeWPMdlSPXEibCqaSQFJ4u7BE3XH2EVRUH1JLMRi--g-59NFLiUUMyfgwB4F1oTd6lhTMsXJzQlueduxQUovfs5ZfJWfW6jrQfb=w1000-h1000-c-n,40.8029135,-73.9679472,0.4395,True,6
190150,Columbia University in the City of New York,coffee,ChIJ7fRk7T72wokR1rMDurm96Vk,0x89c2f63eed64f4ed:0x59e9bdb9ba03b3d6,Joe Coffee Company: Dodge Hall,Coffee shop,"[""Coffee shop"", ""Catering food and drink supplier"", ""Caterer"", ""Coffee machine supplier"", ""Coffee store"", ""Coffee wholesaler"", ""Coffin supplier"", ""Mobile caterer""]","2960 Broadway, New York, NY 10027",(718) 957-6509,https://joecoffeecompany.com/,4.2,41.0,$1–10,Open · Closes 6 PM,"""Open \u00b7 Closes 6\u202fPM""","{""tuesday"": ""8\u202fAM\u20136\u202fPM"", ""wednesday"": ""8\u202fAM\u20136\u202fPM"", ""thursday"": ""8\u202fAM\u20136\u202fPM"", ""friday"": ""8\u202fAM\u20136\u202fPM"", ""saturday"": ""Closed"", ""sunday"": ""Closed"", ""monday"": ""8\u202fAM\u20136\u202fPM""}","{""dine_in"": true, ""curbside_pickup"": true, ""delivery"": true}","Chic cafe featuring house-roasted coffee. Coffee spot offering free-trade brews, baked goods, classes & catering in a buzzy modern space.",https://lh3.googleusercontent.com/gps-cs-s/APNQkAEq0faBXIAI2hs-yC7fV-V-WVLZ_M3OA448J69JgkNlfu9389prZyDD49tGVpA7sEYIhdHxsRTEWqFtSdT-dYmsUKKOnrLpDR5pwkURjkEV6_L98zmXlx5NTDWTAluVf82qHYOUMk8cuNHm=w1000-h1000-c-n,40.807986,-73.9632051,0.0408,True,6
190150,Columbia University in the City of New York,coffee,ChIJCf8ECN_3wokRgFZKWJsuorU,0x89c2f7df0804ff09:0xb5a22e9b584a5680,Ganache Coffee,Coffee shop,"[""Coffee shop""]","2219 Frederick Douglass Blvd, New York, NY 10026",,,3.8,41.0,$1–10,Open · Closes 7 PM,"""Open \u00b7 Closes 7\u202fPM""","{""tuesday"": ""7\u202fAM\u20137\u202fPM"", ""wednesday"": ""7\u202fAM\u20137\u202fPM"", ""thursday"": ""7\u202fAM\u20137\u202fPM"", ""friday"": ""7\u202fAM\u20137\u202fPM"", ""saturday"": ""7\u202fAM\u20137\u202fPM"", ""sunday"": ""7\u202fAM\u20137\u202fPM"", ""monday"": ""7\u202fAM\u20137\u202fPM""}","{""dine_in"": true, ""delivery"": false}",,https://lh3.googleusercontent.com/gps-cs-s/APNQkAHJi_ohvP_W6yurBccZfuOVcnErspPfeJwCub5p2qGVbJWMmJFbstoasQrwM8WczwD0WZ8d1bA3LT4FcHh3F2f2uUctPMkUzBDGQnr3vYnpOa1ue0kjQzA9cgv_Mfm32osKmh1Dsg=w1000-h1000-c-n,40.8067877,-73.95390139999999,0.4541,True,7
190150,Columbia University in the City of New York,coffee,ChIJDalpE4n3wokR7AXJDjdPLbM,0x89c2f7891369a90d:0xb32d4f370ec905ec,Joe Coffee Company: Pulitzer,Coffee shop,"[""Coffee shop"", ""Catering food and drink supplier"", ""Caterer"", ""Coffee machine supplier"", ""Coffee store"", ""Coffee wholesaler"", ""Coffin supplier"", ""Mobile caterer""]","2950 Broadway, New York, NY 10027",(716) 268-8860,https://joecoffeecompany.com/,3.8,20.0,$1–10,Open · Closes 7 PM,"""Open \u00b7 Closes 7\u202fPM""","{""tuesday"": ""7\u202fAM\u20137\u202fPM"", ""wednesday"": ""7\u202fAM\u20137\u202fPM"", ""thursday"": ""7\u202fAM\u20137\u202fPM"", ""friday"": ""7\u202fAM\u20137\u202fPM"", ""saturday"": ""9\u202fAM\u20134\u202fPM"", ""sunday"": ""9\u202fAM\u20134\u202fPM"", ""monday"": ""7\u202fAM\u20137\u202fPM""}","{""dine_in"": true, ""curbside_pickup"": true, ""delivery"": true}","Chic cafe featuring house-roasted coffee. Coffee spot offering free-trade brews, baked goods, classes & catering in a buzzy modern space.",https://lh3.googleusercontent.com/gps-cs-s/APNQkAEe1Y1FKJ63CKLuY-f568UXTIsGzHRKs9xoVajx0ttS-wPaFLl_ZDqnLWhBvHMvdf_WdmweanBWIxipyAtQzblYwAENeET4b9GGoItmyl8aP3Qb3bKSwrWm73jKoCiX7gofoiDLYi7kKv67=w1000-h1000-c-n,40.8076284,-73.963656,0.0616,True,7
190150,Columbia University in the City of New York,coffee,ChIJ82ohCWr2wokRna0NyUEH64w,0x89c2f66a09216af3:0x8ceb0741c90dad9d,Starbucks Coffee Company,Coffee shop,"[""Coffee shop"", ""Breakfast restaurant"", ""Cafe"", ""Coffee store"", ""Espresso bar"", ""Internet cafe""]","3165 Broadway, New York, NY 10027",(929) 243-2549,https://www.starbucks.com/store-locator/store/1015404/,4.1,518.0,$1–10,Open · Closes 9 PM,"""Open \u00b7 Closes 9\u202fPM""","{""tuesday"": ""5\u202fAM\u20139\u202fPM"", ""wednesday"": ""Closed"", ""thursday"": ""Closed"", ""friday"": ""Closed"", ""saturday"": ""Closed"", ""sunday"": ""Closed"", ""monday"": ""Closed""}","{""dine_in"": true, ""takeout"": true, ""no_contact_delivery"": true}","Iconic coffeehouse chain. Welcoming coffeehouse with handcrafted coffee, espresso & tea, plus breakfast, lunch & pastries.",https://lh3.googleusercontent.com/gps-proxy/ALd4DhHxe05m5ATrgfoJtUQ9qO-blQN3NNfymEmxX7KEVP3Q3vdQSoiGLH-aUbCwkWuC_Jr4AUZEavvx28HFqb7jfyyhllm2JckqY8Bz1ZyVt-gkrwhAp6vQXNtnaWkJqHD94eGlzgQpvr-Gn7cQicZIqCuhKPx1tfHRum5rBO4OB2aj2a-x5BEgrvQk3w=w1000-h1000-c-n,40.81508,-73.95918,0.5352,True,7
190150,Columbia University in the City of New York,coffee,ChIJA4iQ4OD3wokRJPiIQbBwxyE,0x89c2f7e0e0908803:0x21c770b04188f824,Joe Coffee,Coffee shop,"[""Coffee shop"", ""Catering food and drink supplier"", ""Caterer"", ""Coffee machine supplier"", ""Coffee store"", ""Coffee wholesaler"", ""Coffin supplier"", ""Mobile caterer""]","645 W 130th St, New York, NY 10027",(212) 988-2500,https://joecoffeecompany.com/,3.5,12.0,$1–10,Open · Closes 6 PM,"""Open \u00b7 Closes 6\u202fPM""","{""tuesday"": ""8\u202fAM\u20136\u202fPM"", ""wednesday"": ""8\u202fAM\u20136\u202fPM"", ""thursday"": ""8\u202fAM\u20136\u202fPM"", ""friday"": ""8\u202fAM\u20136\u202fPM"", ""saturday"": ""Closed"", ""sunday"": ""Closed"", ""monday"": ""8\u202fAM\u20136\u202fPM""}","{""dine_in"": true, ""curbside_pickup"": true, ""delivery"": true}","Chic cafe featuring house-roasted coffee. Coffee spot offering free-trade brews, baked goods, classes & catering in a buzzy modern space.",https://lh3.googleusercontent.com/gps-cs-s/APNQkAHbV0x7FDCPZAk1GG3xkaxB3WZaa_fwRDT9ev4gg6wX-rp84Fk4UHMIOVS508Is-zDxCwZcjWIHmSk1K4ejugmLgS4RNei9D8xHWvQyMh8rke6in7Ax5Qc9RD8jC53rw882gReJ0qwGZtM=w1000-h1000-c-n,40.8177687,-73.9582453,0.7269,True,7
190150,Columbia University in the City of New York,coffee,ChIJJeqNGhT2wokRSud_UteS3F8,0x89c2f6141a8dea25:0x5fdc92d7527fe74a,Starbucks Coffee Company,Coffee shop,"[""Coffee shop"", ""Breakfast restaurant"", ""Cafe"", ""Coffee store"", ""Espresso bar"", ""Internet cafe""]","2195 Frederick Douglass Blvd, New York, NY 10026",(212) 662-1239,https://www.starbucks.com/store-locator/store/10763/,4.0,480.0,$10–20,Open · Closes 9 PM,"""Open \u00b7 Closes 9\u202fPM""","{""tuesday"": ""5\u202fAM\u20139\u202fPM"", ""wednesday"": ""5\u202fAM\u20139\u202fPM"", ""thursday"": ""5\u202fAM\u20139\u202fPM"", ""friday"": ""5\u202fAM\u20139\u202fPM"", ""saturday"": ""5\u202fAM\u20139\u202fPM"", ""sunday"": ""5\u202fAM\u20139\u202fPM"", ""monday"": ""5\u202fAM\u20139\u202fPM""}","{""dine_in"": true, ""takeout"": true, ""delivery"": true}","Iconic coffeehouse chain. Welcoming coffeehouse with handcrafted coffee, espresso & tea, plus breakfast, lunch & pastries.",https://lh3.googleusercontent.com/gps-proxy/ALd4DhHxe05m5ATrgfoJtUQ9qO-blQN3NNfymEmxX7KEVP3Q3vdQSoiGLH-aUbCwkWuC_Jr4AUZEavvx28HFqb7jfyyhllm2JckqY8Bz1ZyVt-gkrwhAp6vQXNtnaWkJqHD94eGlzgQpvr-Gn7cQicZIqCuhKPx1tfHRum5rBO4OB2aj2a-x5BEgrvQk3w=w1000-h1000-c-n,40.80591,-73.95448999999999,0.4373,True,8
190150,Columbia University in the City of New York,coffee,ChIJIxI4qT72wokRVC_P9zYi3wA,0x89c2f63ea9381223:0xdf2236f7cf2f54,Starbucks Coffee Company,Coffee shop,"[""Coffee shop"", ""Breakfast restaurant"", ""Cafe"", ""Coffee store"", ""Espresso bar"", ""Internet cafe""]","2929 Broadway, New York, NY 10025",(212) 932-0300,https://www.starbucks.com/store-locator/store/11157/,3.4,374.0,$1–10,Open · Closes 9 PM,"""Open \u00b7 Closes 9\u202fPM""","{""tuesday"": ""5\u202fAM\u20139\u202fPM"", ""wednesday"": ""5\u202fAM\u20139\u202fPM"", ""thursday"": ""5\u202fAM\u20139\u202fPM"", ""friday"": ""5\u202fAM\u20139\u202fPM"", ""saturday"": ""5\u202fAM\u20139\u202fPM"", ""sunday"": ""5\u202fAM\u20139\u202fPM"", ""monday"": ""5\u202fAM\u20139\u202fPM""}","{""dine_in"": true, ""takeout"": true, ""delivery"": true}","Iconic coffeehouse chain. Welcoming coffeehouse with handcrafted coffee, espresso & tea, plus breakfast, lunch & pastries.",https://lh3.googleusercontent.com/gps-proxy/ALd4DhGvOB4ZdJB99r2yrL670npWTPMBj1ZnmA2eA-40dF24g8andJFbF1CNi1czXHJBeVBMrchir_M2KliuapEfRleMNxiF4Nl__JgfMRo2ntScCrJOP53IK-FpK7tuDn4iSqMrVjomTdJCQGBfJ1wrXG2n-3tOqrT_G9Dd--CkSJJg9lJ-NGATD3Ud=w1000-h1000-c-n,40.807103,-73.964922,0.1348,True,9
